folio,servicio,region,unidad,marca,modelo,serie,inventario,equipo,categoria,tipo,pagina_pdf
1037,Preventivo,COSTA CHICA,HOSPITAL BÁSICO COMUNITARIO COPALA,DAEWOO,EBDOC102B,S/N,H.I.B.C-0465,MINISPLIT 1 TON,MINISPLIT,Aire Acondicionado,1
1038,Correctivo,COSTA CHICA,HOSPITAL BÁSICO COMUNITARIO COPALA,DAEWOO,EBDOC102B,S/N,H.I.B.C-0465,MINISPLIT 1 TON,MINISPLIT,Aire Acondicionado,2
1039,Preventivo,COSTA CHICA,HOSPITAL BÁSICO COMUNITARIO COPALA,DAEWOO,EBDOC102B,S/N,H.I.B.C-0466,MINISPLIT 1 TON,MINISPLIT,Aire Acondicionado,3
1040,Correctivo,COSTA CHICA,HOSPITAL BÁSICO COMUNITARIO COPALA,DAEWOO,EBDOC102B,S/N,H.I.B.C-0466,MINISPLIT 1 TON,MINISPLIT,Aire Acondicionado,4
1041,Preventivo,COSTA CHICA,HOSPITAL BÁSICO COMUNITARIO COPALA,DAEWOO,EBDOC102B,S/N,H.I.B.C-0467,MINISPLIT 1 TON,MINISPLIT,Aire Acondicionado,5
1042,Correctivo,COSTA CHICA,HOSPITAL BÁSICO COMUNITARIO COPALA,DAEWOO,EBDOC102B,S/N,H.I.B.C-0467,MINISPLIT 1 TON,MINISPLIT,Aire Acondicionado,6
1043,Preventivo,COSTA CHICA,HOSPITAL BÁSICO COMUNITARIO COPALA,MIRAGE,EXF121F,EXF121F7011601592,H.I.B.C-0468,UNIDAD PAQUETE 7.5 TON,PAQUETE,Aire Acondicionado,7
1044,Correctivo,COSTA CHICA,HOSPITAL BÁSICO COMUNITARIO COPALA,MIRAGE,EXF121F,EXF121F7011601592,H.I.B.C-0468,UNIDAD PAQUETE 7.5 TON,PAQUETE,Aire Acondicionado,8
1045,Preventivo,COSTA CHICA,HOSPITAL BÁSICO COMUNITARIO COPALA,PRIME,EMPRC122-T,L-2015-13-ID-02-0797,H.I.B.C-0469,UNIDAD PAQUETE 5.5 TON,PAQUETE,Aire Acondicionado,9
1046,Correctivo,COSTA CHICA,HOSPITAL BÁSICO COMUNITARIO COPALA,PRIME,EMPRC122-T,L-2015-13-ID-02-0797,H.I.B.C-0469,UNIDAD PAQUETE 5.5 TON,PAQUETE,Aire Acondicionado,10
1047,Preventivo,COSTA CHICA,HOSPITAL BÁSICO COMUNITARIO COPALA,PRIME,EMPRC122-T,L-2015-13-ID-02-0220,H.I.B.C-0470,UNIDAD PAQUETE 5.5 TON,PAQUETE,Aire Acondicionado,11
1048,Correctivo,COSTA CHICA,HOSPITAL BÁSICO COMUNITARIO COPALA,PRIME,EMPRC122-T,L-2015-13-ID-02-0220,H.I.B.C-0470,UNIDAD PAQUETE 5.5 TON,PAQUETE,Aire Acondicionado,12
1049,Preventivo,COSTA CHICA,HOSPITAL BÁSICO COMUNITARIO COPALA,MIRAGE,EXF121F,EXF121F7011601605,H.I.B.C-0471,MINISPLIT 1 TON,MINISPLIT,Aire Acondicionado,13
1050,Correctivo,COSTA CHICA,HOSPITAL BÁSICO COMUNITARIO COPALA,MIRAGE,EXF121F,EXF121F7011601605,H.I.B.C-0471,MINISPLIT 1 TON,MINISPLIT,Aire Acondicionado,14
1051,Preventivo,COSTA CHICA,HOSPITAL BÁSICO COMUNITARIO COPALA,MIRAGE,EXF361L,EXF361L8121900149,H.I.B.C-0472,MINISPLIT 1 TON,MINISPLIT,Aire Acondicionado,15
1052,Correctivo,COSTA CHICA,HOSPITAL BÁSICO COMUNITARIO COPALA,MIRAGE,EXF361L,EXF361L8121900149,H.I.B.C-0472,MINISPLIT 1 TON,MINISPLIT,Aire Acondicionado,16
1053,Preventivo,COSTA CHICA,HOSPITAL BÁSICO COMUNITARIO COPALA,PRIME,EMPRC122-T,L-2014-49-ID-02-0950,H.I.B.C-0473,UNIDAD PAQUETE 5.5 TON,PAQUETE,Aire Acondicionado,17
1054,Correctivo,COSTA CHICA,HOSPITAL BÁSICO COMUNITARIO COPALA,PRIME,EMPRC122-T,L-2014-49-ID-02-0950,H.I.B.C-0473,UNIDAD PAQUETE 5.5 TON,PAQUETE,Aire Acondicionado,18
1055,Preventivo,COSTA CHICA,HOSPITAL BÁSICO COMUNITARIO COPALA,PRIME,EMPRC122-T,L-2015-17-ID-01-1225,H.I.B.C-0474,UNIDAD PAQUETE 5.5 TON,PAQUETE,Aire Acondicionado,19
1056,Correctivo,COSTA CHICA,HOSPITAL BÁSICO COMUNITARIO COPALA,PRIME,EMPRC122-T,L-2015-17-ID-01-1225,H.I.B.C-0474,UNIDAD PAQUETE 5.5 TON,PAQUETE,Aire Acondicionado,20
1057,Preventivo,COSTA CHICA,HOSPITAL BÁSICO COMUNITARIO COPALA,PRIME,EMPRC122-T3,L-2023-T-2302-ID-02-0708,H.I.B.C-0475,UNIDAD PAQUETE 5.5 TON,PAQUETE,Aire Acondicionado,21
1058,Correctivo,COSTA CHICA,HOSPITAL BÁSICO COMUNITARIO COPALA,PRIME,EMPRC122-T3,L-2023-T-2302-ID-02-0708,H.I.B.C-0475,UNIDAD PAQUETE 5.5 TON,PAQUETE,Aire Acondicionado,22
1059,Preventivo,COSTA CHICA,HOSPITAL BÁSICO COMUNITARIO COPALA,PRIME,EMPRC122-T,L-2015-13-ID-02-1215,H.I.B.C-0476,UNIDAD PAQUETE 5.5 TON,PAQUETE,Aire Acondicionado,23
1060,Correctivo,COSTA CHICA,HOSPITAL BÁSICO COMUNITARIO COPALA,PRIME,EMPRC122-T,L-2015-13-ID-02-1215,H.I.B.C-0476,UNIDAD PAQUETE 5.5 TON,PAQUETE,Aire Acondicionado,24
1061,Preventivo,COSTA CHICA,HOSPITAL BÁSICO COMUNITARIO COPALA,DUVENTUS,IVR9M241C001,IVR9M241COO1130229,H.I.B.C-0477,MINISPLIT 1 TON,MINISPLIT,Aire Acondicionado,25
1062,Correctivo,COSTA CHICA,HOSPITAL BÁSICO COMUNITARIO COPALA,DUVENTUS,IVR9M241C001,IVR9M241COO1130229,H.I.B.C-0477,MINISPLIT 1 TON,MINISPLIT,Aire Acondicionado,26
1063,Preventivo,COSTA CHICA,HOSPITAL BÁSICO COMUNITARIO COPALA,MIRAGE,EHF261T,EHF261T09032514427,H.I.B.C-0478,MINISPLIT 1 TON,MINISPLIT,Aire Acondicionado,27
1064,Correctivo,COSTA CHICA,HOSPITAL BÁSICO COMUNITARIO COPALA,MIRAGE,EHF261T,EHF261T09032514427,H.I.B.C-0478,MINISPLIT 1 TON,MINISPLIT,Aire Acondicionado,28
1065,Preventivo,COSTA CHICA,HOSPITAL BÁSICO COMUNITARIO COPALA,DAEWOO,EBDOC102B,S/N,H.I.B.C-0479,UNIDAD PAQUETE 5.5 TON,PAQUETE,Aire Acondicionado,29
1066,Correctivo,COSTA CHICA,HOSPITAL BÁSICO COMUNITARIO COPALA,DAEWOO,EBDOC102B,S/N,H.I.B.C-0479,UNIDAD PAQUETE 5.5 TON,PAQUETE,Aire Acondicionado,30
1067,Preventivo,COSTA CHICA,HOSPITAL BÁSICO COMUNITARIO COPALA,MIRAGE,EHF181T,EHF181T9072406500,H.I.B.C-0480,UNIDAD PAQUETE 5.5 TON,PAQUETE,Aire Acondicionado,31
1068,Correctivo,COSTA CHICA,HOSPITAL BÁSICO COMUNITARIO COPALA,MIRAGE,EHF181T,EHF181T9072406500,H.I.B.C-0480,UNIDAD PAQUETE 5.5 TON,PAQUETE,Aire Acondicionado,32
1069,Preventivo,COSTA CHICA,HOSPITAL BÁSICO COMUNITARIO COPALA,DAEWOO,EBDOC102B,S/N,H.I.B.C-0481,MINISPLIT 1 TON,MINISPLIT,Aire Acondicionado,33
1070,Correctivo,COSTA CHICA,HOSPITAL BÁSICO COMUNITARIO COPALA,DAEWOO,EBDOC102B,S/N,H.I.B.C-0481,MINISPLIT 1 TON,MINISPLIT,Aire Acondicionado,34
1071,Preventivo,COSTA CHICA,HOSPITAL BÁSICO COMUNITARIO COPALA,MIRAGE,EXF121F,EXF121F7071917224,H.I.B.C-0482,MINISPLIT 1 TON,MINISPLIT,Aire Acondicionado,35
1072,Correctivo,COSTA CHICA,HOSPITAL BÁSICO COMUNITARIO COPALA,MIRAGE,EXF121F,EXF121F7071917224,H.I.B.C-0482,MINISPLIT 1 TON,MINISPLIT,Aire Acondicionado,36
1073,Preventivo,COSTA CHICA,HOSPITAL BÁSICO COMUNITARIO COPALA,MIRAGE,EXF261F,EXF261F7031600443,H.I.B.C-0483,MINISPLIT 1 TON,MINISPLIT,Aire Acondicionado,37
1074,Correctivo,COSTA CHICA,HOSPITAL BÁSICO COMUNITARIO COPALA,MIRAGE,EXF261F,EXF261F7031600443,H.I.B.C-0483,MINISPLIT 1 TON,MINISPLIT,Aire Acondicionado,38
1075,Preventivo,COSTA CHICA,HOSPITAL BÁSICO COMUNITARIO COPALA,MIRAGE,EXF121F,EXF121F7071911566,H.I.B.C-0484,MINISPLIT 1 TON,MINISPLIT,Aire Acondicionado,39
1076,Correctivo,COSTA CHICA,HOSPITAL BÁSICO COMUNITARIO COPALA,MIRAGE,EXF121F,EXF121F7071911566,H.I.B.C-0484,MINISPLIT 1 TON,MINISPLIT,Aire Acondicionado,40
1077,Preventivo,COSTA CHICA,HOSPITAL BÁSICO COMUNITARIO COPALA,MIRAGE,EXF121F,EXF121F7071911564,H.I.B.C-0485,MINISPLIT 1 TON,MINISPLIT,Aire Acondicionado,41
1078,Correctivo,COSTA CHICA,HOSPITAL BÁSICO COMUNITARIO COPALA,MIRAGE,EXF121F,EXF121F7071911564,H.I.B.C-0485,MINISPLIT 1 TON,MINISPLIT,Aire Acondicionado,42
1079,Preventivo,COSTA CHICA,HOSPITAL BÁSICO COMUNITARIO COPALA,MIRAGE,EXF121F,EXF121F7071916988,H.I.B.C-0486,MINISPLIT 1 TON,MINISPLIT,Aire Acondicionado,43
1080,Correctivo,COSTA CHICA,HOSPITAL BÁSICO COMUNITARIO COPALA,MIRAGE,EXF121F,EXF121F7071916988,H.I.B.C-0486,MINISPLIT 1 TON,MINISPLIT,Aire Acondicionado,44
1081,Preventivo,COSTA CHICA,HOSPITAL BÁSICO COMUNITARIO COPALA,PRIME,EMPRC122-T,L-2014-49-ID-02-0974,H.I.B.C-0487,UNIDAD PAQUETE 5.5 TON,PAQUETE,Aire Acondicionado,45
1082,Correctivo,COSTA CHICA,HOSPITAL BÁSICO COMUNITARIO COPALA,PRIME,EMPRC122-T,L-2014-49-ID-02-0974,H.I.B.C-0487,UNIDAD PAQUETE 5.5 TON,PAQUETE,Aire Acondicionado,46
1083,Preventivo,COSTA CHICA,HOSPITAL BÁSICO COMUNITARIO COPALA,MIRAGE,EXF121F,S/N,H.I.B.C-0488,MINISPLIT 1 TON,MINISPLIT,Aire Acondicionado,47
1084,Correctivo,COSTA CHICA,HOSPITAL BÁSICO COMUNITARIO COPALA,MIRAGE,EXF121F,S/N,H.I.B.C-0488,MINISPLIT 1 TON,MINISPLIT,Aire Acondicionado,48
1085,Preventivo,COSTA CHICA,HOSPITAL BÁSICO COMUNITARIO COPALA,PRIME,EMPRC122-T3,L-2023-T-2304-ID-02-0407,H.I.B.C-0489,UNIDAD PAQUETE 5.5 TON,PAQUETE,Aire Acondicionado,49
1086,Correctivo,COSTA CHICA,HOSPITAL BÁSICO COMUNITARIO COPALA,PRIME,EMPRC122-T3,L-2023-T-2304-ID-02-0407,H.I.B.C-0489,UNIDAD PAQUETE 5.5 TON,PAQUETE,Aire Acondicionado,50
1087,Preventivo,COSTA CHICA,HOSPITAL BÁSICO COMUNITARIO COPALA,PRIME,EMPRC122-T3,L-2023-T-2302-ID-02-0801,H.I.B.C-0490,UNIDAD PAQUETE 5.5 TON,PAQUETE,Aire Acondicionado,51
1088,Correctivo,COSTA CHICA,HOSPITAL BÁSICO COMUNITARIO COPALA,PRIME,EMPRC122-T3,L-2023-T-2302-ID-02-0801,H.I.B.C-0490,UNIDAD PAQUETE 5.5 TON,PAQUETE,Aire Acondicionado,52
1089,Preventivo,COSTA CHICA,HOSPITAL BÁSICO COMUNITARIO COPALA,IUSA,IUMSI-EV12FR3,1Z950NM300ZM32400204,H.I.B.C-0491,MINISPLIT 1 TON,MINISPLIT,Aire Acondicionado,53
1090,Correctivo,COSTA CHICA,HOSPITAL BÁSICO COMUNITARIO COPALA,IUSA,IUMSI-EV12FR3,1Z950NM300ZM32400204,H.I.B.C-0491,MINISPLIT 1 TON,MINISPLIT,Aire Acondicionado,54
1091,Preventivo,COSTA CHICA,HOSPITAL BÁSICO COMUNITARIO COPALA,PRIME,S/N,S/N,H.I.B.C-0492,UMA 10 TON,UMA,Aire Acondicionado,55
1092,Correctivo,COSTA CHICA,HOSPITAL BÁSICO COMUNITARIO COPALA,PRIME,S/N,S/N,H.I.B.C-0492,UMA 10 TON,UMA,Aire Acondicionado,56
1093,Preventivo,COSTA CHICA,HOSPITAL BÁSICO COMUNITARIO COPALA,MIRAGE,EHF181T,EHT181T090325501692,H.I.B.C-0493,MINISPLIT 2.0 TON,MINISPLIT,Aire Acondicionado,57
1094,Correctivo,COSTA CHICA,HOSPITAL BÁSICO COMUNITARIO COPALA,MIRAGE,EHF181T,EHT181T090325501692,H.I.B.C-0493,MINISPLIT 2.0 TON,MINISPLIT,Aire Acondicionado,58
1095,Preventivo,COSTA CHICA,HOSPITAL BÁSICO COMUNITARIO COPALA,PRIME,EMPRC122-T,L-2015-17-ID-01-1317,H.I.B.C-0494,MINISPLIT 2.0 TON,MINISPLIT,Aire Acondicionado,59
1096,Correctivo,COSTA CHICA,HOSPITAL BÁSICO COMUNITARIO COPALA,PRIME,EMPRC122-T,L-2015-17-ID-01-1317,H.I.B.C-0494,MINISPLIT 2.0 TON,MINISPLIT,Aire Acondicionado,60
1097,Preventivo,COSTA CHICA,HOSPITAL BÁSICO COMUNITARIO COPALA,TRANE,MTZH06013XXB0,2140CH131X,H.I.B.C-0453,MINISPLIT 2.0 TON,MINISPLIT,Aire Acondicionado,61
1098,Correctivo,COSTA CHICA,HOSPITAL BÁSICO COMUNITARIO COPALA,TRANE,MTZH06013XXB0,2140CH131X,H.I.B.C-0453,MINISPLIT 2.0 TON,MINISPLIT,Aire Acondicionado,62
1099,Preventivo,COSTA CHICA,HOSPITAL BÁSICO COMUNITARIO CUAJINICUILAPA,DAEWOO,EBDOC102B,S/N,S/INVENTARIO,MINISPLIT 1 TON,MINISPLIT,Aire Acondicionado,63
1100,Correctivo,COSTA CHICA,HOSPITAL BÁSICO COMUNITARIO CUAJINICUILAPA,DAEWOO,EBDOC102B,S/N,S/INVENTARIO,MINISPLIT 1 TON,MINISPLIT,Aire Acondicionado,64
1101,Preventivo,COSTA CHICA,HOSPITAL BÁSICO COMUNITARIO CUAJINICUILAPA,DAEWOO,EBDOC102B,S/N,S/INVENTARIO,MINISPLIT 1 TON,MINISPLIT,Aire Acondicionado,65
1102,Correctivo,COSTA CHICA,HOSPITAL BÁSICO COMUNITARIO CUAJINICUILAPA,DAEWOO,EBDOC102B,S/N,S/INVENTARIO,MINISPLIT 1 TON,MINISPLIT,Aire Acondicionado,66
1103,Preventivo,COSTA CHICA,HOSPITAL BÁSICO COMUNITARIO CUAJINICUILAPA,MIRAGE,EXF121F,EXF121F7071832829,S/INVENTARIO,MINISPLIT 1 TON,MINISPLIT,Aire Acondicionado,67
1104,Correctivo,COSTA CHICA,HOSPITAL BÁSICO COMUNITARIO CUAJINICUILAPA,MIRAGE,EXF121F,EXF121F7071832829,S/INVENTARIO,MINISPLIT 1 TON,MINISPLIT,Aire Acondicionado,68
1105,Preventivo,COSTA CHICA,HOSPITAL BÁSICO COMUNITARIO CUAJINICUILAPA,MIRAGE,EBF121T,EBF121T5130404179,S/INVENTARIO,MINISPLIT 1 TON,MINISPLIT,Aire Acondicionado,69
1106,Correctivo,COSTA CHICA,HOSPITAL BÁSICO COMUNITARIO CUAJINICUILAPA,MIRAGE,EBF121T,EBF121T5130404179,S/INVENTARIO,MINISPLIT 1 TON,MINISPLIT,Aire Acondicionado,70
1107,Preventivo,COSTA CHICA,HOSPITAL BÁSICO COMUNITARIO CUAJINICUILAPA,MIRAGE,EPF120X,EPF120X7072004133,S/INVENTARIO,MINISPLIT 1 TON,MINISPLIT,Aire Acondicionado,71
1108,Correctivo,COSTA CHICA,HOSPITAL BÁSICO COMUNITARIO CUAJINICUILAPA,MIRAGE,EPF120X,EPF120X7072004133,S/INVENTARIO,MINISPLIT 1 TON,MINISPLIT,Aire Acondicionado,72
1109,Preventivo,COSTA CHICA,HOSPITAL BÁSICO COMUNITARIO CUAJINICUILAPA,MIRAGE,EHF121P,EHF121P9041603362,S/INVENTARIO,MINISPLIT 1 TON,MINISPLIT,Aire Acondicionado,73
1110,Correctivo,COSTA CHICA,HOSPITAL BÁSICO COMUNITARIO CUAJINICUILAPA,MIRAGE,EHF121P,EHF121P9041603362,S/INVENTARIO,MINISPLIT 1 TON,MINISPLIT,Aire Acondicionado,74
1111,Preventivo,COSTA CHICA,HOSPITAL BÁSICO COMUNITARIO CUAJINICUILAPA,MIRAGE,EPF181X,EPF181X7072100109,S/INVENTARIO,MINISPLIT 1 TON,MINISPLIT,Aire Acondicionado,75
1112,Correctivo,COSTA CHICA,HOSPITAL BÁSICO COMUNITARIO CUAJINICUILAPA,MIRAGE,EPF181X,EPF181X7072100109,S/INVENTARIO,MINISPLIT 1 TON,MINISPLIT,Aire Acondicionado,76
1113,Preventivo,COSTA CHICA,HOSPITAL BÁSICO COMUNITARIO CUAJINICUILAPA,MIRAGE,ELF120T,ELF120T7082400271,S/INVENTARIO,MINISPLIT 1 TON,MINISPLIT,Aire Acondicionado,77
1114,Correctivo,COSTA CHICA,HOSPITAL BÁSICO COMUNITARIO CUAJINICUILAPA,MIRAGE,ELF120T,ELF120T7082400271,S/INVENTARIO,MINISPLIT 1 TON,MINISPLIT,Aire Acondicionado,78
1115,Preventivo,COSTA CHICA,HOSPITAL BÁSICO COMUNITARIO CUAJINICUILAPA,MABE,MMT24CDBWCAAXMI8,ST23121474FMG0353,S/INVENTARIO,MINISPLIT 2 TON,MINISPLIT,Aire Acondicionado,79
1116,Correctivo,COSTA CHICA,HOSPITAL BÁSICO COMUNITARIO CUAJINICUILAPA,MABE,MMT24CDBWCAAXMI8,ST23121474FMG0353,S/INVENTARIO,MINISPLIT 2 TON,MINISPLIT,Aire Acondicionado,80
1117,Preventivo,COSTA CHICA,HOSPITAL BÁSICO COMUNITARIO CUAJINICUILAPA,DAEWOO,EBDOC102B,S/N,S/INVENTARIO,MINISPLIT 1 TON,MINISPLIT,Aire Acondicionado,81
1118,Correctivo,COSTA CHICA,HOSPITAL BÁSICO COMUNITARIO CUAJINICUILAPA,DAEWOO,EBDOC102B,S/N,S/INVENTARIO,MINISPLIT 1 TON,MINISPLIT,Aire Acondicionado,82
1119,Preventivo,COSTA CHICA,HOSPITAL BÁSICO COMUNITARIO CUAJINICUILAPA,MIRAGE,EBF121T,EBF121T5130404944,S/INVENTARIO,MINISPLIT 1 TON,MINISPLIT,Aire Acondicionado,83
1120,Correctivo,COSTA CHICA,HOSPITAL BÁSICO COMUNITARIO CUAJINICUILAPA,MIRAGE,EBF121T,EBF121T5130404944,S/INVENTARIO,MINISPLIT 1 TON,MINISPLIT,Aire Acondicionado,84
1121,Preventivo,COSTA CHICA,HOSPITAL BÁSICO COMUNITARIO CUAJINICUILAPA,DAEWOO,EBDOC102B,S/N,S/INVENTARIO,MINISPLIT 1 TON,MINISPLIT,Aire Acondicionado,85
1122,Correctivo,COSTA CHICA,HOSPITAL BÁSICO COMUNITARIO CUAJINICUILAPA,DAEWOO,EBDOC102B,S/N,S/INVENTARIO,MINISPLIT 1 TON,MINISPLIT,Aire Acondicionado,86
1123,Preventivo,COSTA CHICA,HOSPITAL BÁSICO COMUNITARIO CUAJINICUILAPA,MIRAGE,EXF261J,NO PROPORCIONADO,S/INVENTARIO,MINISPLIT 1 TON,MINISPLIT,Aire Acondicionado,87
1124,Correctivo,COSTA CHICA,HOSPITAL BÁSICO COMUNITARIO CUAJINICUILAPA,MIRAGE,EXF261J,NO PROPORCIONADO,S/INVENTARIO,MINISPLIT 1 TON,MINISPLIT,Aire Acondicionado,88
1125,Preventivo,COSTA CHICA,HOSPITAL BÁSICO COMUNITARIO CUAJINICUILAPA,MABE,MMT24CDBWCAAXMI8,ST23121474FMG0350,S/INVENTARIO,MINISPLIT 2 TON,MINISPLIT,Aire Acondicionado,89
1126,Correctivo,COSTA CHICA,HOSPITAL BÁSICO COMUNITARIO CUAJINICUILAPA,MABE,MMT24CDBWCAAXMI8,ST23121474FMG0350,S/INVENTARIO,MINISPLIT 2 TON,MINISPLIT,Aire Acondicionado,90
1127,Preventivo,COSTA CHICA,HOSPITAL BÁSICO COMUNITARIO CUAJINICUILAPA,DAEWOO,EBDOC102B,S/N,S/INVENTARIO,MINISPLIT 1 TON,MINISPLIT,Aire Acondicionado,91
1128,Correctivo,COSTA CHICA,HOSPITAL BÁSICO COMUNITARIO CUAJINICUILAPA,DAEWOO,EBDOC102B,S/N,S/INVENTARIO,MINISPLIT 1 TON,MINISPLIT,Aire Acondicionado,92
1129,Preventivo,COSTA CHICA,HOSPITAL BÁSICO COMUNITARIO CUAJINICUILAPA,MIRAGE,EBF120B,EBF120B5140501075,S/INVENTARIO,MINISPLIT 1 TON,MINISPLIT,Aire Acondicionado,93
1130,Correctivo,COSTA CHICA,HOSPITAL BÁSICO COMUNITARIO CUAJINICUILAPA,MIRAGE,EBF120B,EBF120B5140501075,S/INVENTARIO,MINISPLIT 1 TON,MINISPLIT,Aire Acondicionado,94
1131,Preventivo,COSTA CHICA,HOSPITAL BÁSICO COMUNITARIO CUAJINICUILAPA,MIRAGE,EBF120B,EBF120B5140500976,S/INVENTARIO,MINISPLIT 1 TON,MINISPLIT,Aire Acondicionado,95
1132,Correctivo,COSTA CHICA,HOSPITAL BÁSICO COMUNITARIO CUAJINICUILAPA,MIRAGE,EBF120B,EBF120B5140500976,S/INVENTARIO,MINISPLIT 1 TON,MINISPLIT,Aire Acondicionado,96
1133,Preventivo,COSTA CHICA,HOSPITAL BÁSICO COMUNITARIO CUAJINICUILAPA,MIRAGE,EXF261L,EXF261L8082000454,S/INVENTARIO,MINISPLIT 1 TON,MINISPLIT,Aire Acondicionado,97
1134,Correctivo,COSTA CHICA,HOSPITAL BÁSICO COMUNITARIO CUAJINICUILAPA,MIRAGE,EXF261L,EXF261L8082000454,S/INVENTARIO,MINISPLIT 1 TON,MINISPLIT,Aire Acondicionado,98
1135,Preventivo,COSTA CHICA,HOSPITAL BÁSICO COMUNITARIO CUAJINICUILAPA,MIRAGE,ELF120Q,ELF120Q7071920429,S/INVENTARIO,MINISPLIT 1 TON,MINISPLIT,Aire Acondicionado,99
1136,Correctivo,COSTA CHICA,HOSPITAL BÁSICO COMUNITARIO CUAJINICUILAPA,MIRAGE,ELF120Q,ELF120Q7071920429,S/INVENTARIO,MINISPLIT 1 TON,MINISPLIT,Aire Acondicionado,100
1137,Preventivo,COSTA CHICA,HOSPITAL BÁSICO COMUNITARIO CUAJINICUILAPA,MIRAGE,ELF261H,ELF261H44072402753,S/INVENTARIO,MINISPLIT 1 TON,MINISPLIT,Aire Acondicionado,101
1138,Correctivo,COSTA CHICA,HOSPITAL BÁSICO COMUNITARIO CUAJINICUILAPA,MIRAGE,ELF261H,ELF261H44072402753,S/INVENTARIO,MINISPLIT 1 TON,MINISPLIT,Aire Acondicionado,102
1139,Preventivo,COSTA CHICA,HOSPITAL BÁSICO COMUNITARIO CUAJINICUILAPA,MIRAGE,EXF181F,EXF181F7011500883,S/INVENTARIO,MINISPLIT 1 TON,MINISPLIT,Aire Acondicionado,103
1140,Correctivo,COSTA CHICA,HOSPITAL BÁSICO COMUNITARIO CUAJINICUILAPA,MIRAGE,EXF181F,EXF181F7011500883,S/INVENTARIO,MINISPLIT 1 TON,MINISPLIT,Aire Acondicionado,104
1141,Preventivo,COSTA CHICA,HOSPITAL BÁSICO COMUNITARIO CUAJINICUILAPA,MIRAGE,EXF261L,EXF261L8082000984,S/INVENTARIO,MINISPLIT 1 TON,MINISPLIT,Aire Acondicionado,105
1142,Correctivo,COSTA CHICA,HOSPITAL BÁSICO COMUNITARIO CUAJINICUILAPA,MIRAGE,EXF261L,EXF261L8082000984,S/INVENTARIO,MINISPLIT 1 TON,MINISPLIT,Aire Acondicionado,106
1143,Preventivo,COSTA CHICA,HOSPITAL BÁSICO COMUNITARIO CUAJINICUILAPA,MIRAGE,EXF261L,ECF261L8082000338,S/INVENTARIO,MINISPLIT 1 TON,MINISPLIT,Aire Acondicionado,107
1144,Correctivo,COSTA CHICA,HOSPITAL BÁSICO COMUNITARIO CUAJINICUILAPA,MIRAGE,EXF261L,ECF261L8082000338,S/INVENTARIO,MINISPLIT 1 TON,MINISPLIT,Aire Acondicionado,108
1145,Preventivo,COSTA CHICA,HOSPITAL BÁSICO COMUNITARIO CUAJINICUILAPA,TRANE XR,4TTR4060L1000BA,193731KW5F,S/INVENTARIO,UMA 10 TON,UMA,Aire Acondicionado,109
1146,Correctivo,COSTA CHICA,HOSPITAL BÁSICO COMUNITARIO CUAJINICUILAPA,TRANE XR,4TTR4060L1000BA,193731KW5F,S/INVENTARIO,UMA 10 TON,UMA,Aire Acondicionado,110
1147,Preventivo,COSTA CHICA,HOSPITAL BÁSICO COMUNITARIO CUAJINICUILAPA,TRANE,TSC120H3R0A010000D,184711774L,S/INVENTARIO,UNIDAD PAQUETE 7.5 TON,PAQUETE,Aire Acondicionado,111
1148,Correctivo,COSTA CHICA,HOSPITAL BÁSICO COMUNITARIO CUAJINICUILAPA,TRANE,TSC120H3R0A010000D,184711774L,S/INVENTARIO,UNIDAD PAQUETE 7.5 TON,PAQUETE,Aire Acondicionado,112
1149,Preventivo,COSTA CHICA,HOSPITAL BÁSICO COMUNITARIO CUAJINICUILAPA,MIRAGE,ELF120T,ELF120T01022529975,S/INVENTARIO,MINISPLIT 1.5 TON,MINISPLIT,Aire Acondicionado,113
1150,Correctivo,COSTA CHICA,HOSPITAL BÁSICO COMUNITARIO CUAJINICUILAPA,MIRAGE,ELF120T,ELF120T01022529975,S/INVENTARIO,MINISPLIT 1.5 TON,MINISPLIT,Aire Acondicionado,114
4697,Preventivo,COSTA CHICA,R-01 MARQUELIA,YORK,AD-8468F,KJEFC35134,NO CONTAMOS CON BITACORA,UNIDAD PAQUETE 5.5 TON,PAQUETE,Aire Acondicionado,115
4698,Correctivo,COSTA CHICA,R-01 MARQUELIA,YORK,AD-8468F,KJEFC35134,NO CONTAMOS CON BITACORA,UNIDAD PAQUETE 5.5 TON,PAQUETE,Aire Acondicionado,116
4699,Preventivo,COSTA CHICA,R-01 MARQUELIA,YORK,AD-8468F,KLME354354,NO CONTAMOS CON BITACORA,MINISPLIT 1.5 TON,MINISPLIT,Aire Acondicionado,117
4700,Correctivo,COSTA CHICA,R-01 MARQUELIA,YORK,AD-8468F,KLME354354,NO CONTAMOS CON BITACORA,MINISPLIT 1.5 TON,MINISPLIT,Aire Acondicionado,118
4701,Preventivo,COSTA CHICA,R-01 MARQUELIA,YORK,AD-8468F,ÑLJEF354,NO CONTAMOS CON BITACORA,MINISPLIT 1.5 TON,MINISPLIT,Aire Acondicionado,119
4702,Correctivo,COSTA CHICA,R-01 MARQUELIA,YORK,AD-8468F,ÑLJEF354,NO CONTAMOS CON BITACORA,MINISPLIT 1.5 TON,MINISPLIT,Aire Acondicionado,120
4703,Preventivo,COSTA CHICA,R-01 MARQUELIA,MIRAGE,SYK-3541,LKJEF351AE,NO CONTAMOS CON BITACORA,MINISPLIT 1.5 TON,MINISPLIT,Aire Acondicionado,121
4704,Correctivo,COSTA CHICA,R-01 MARQUELIA,MIRAGE,SYK-3541,LKJEF351AE,NO CONTAMOS CON BITACORA,MINISPLIT 1.5 TON,MINISPLIT,Aire Acondicionado,122
4705,Preventivo,COSTA CHICA,R-01 MARQUELIA,MIRAGE,SYK-3541,.LMFSF3541,NO CONTAMOS CON BITACORA,MINISPLIT 1.5 TON,MINISPLIT,Aire Acondicionado,123
4706,Correctivo,COSTA CHICA,R-01 MARQUELIA,MIRAGE,SYK-3541,.LMFSF3541,NO CONTAMOS CON BITACORA,MINISPLIT 1.5 TON,MINISPLIT,Aire Acondicionado,124
4707,Preventivo,COSTA CHICA,R-01 MARQUELIA,MIRAGE,SYK-3541,KNASC52115,NO CONTAMOS CON BITACORA,MINISPLIT 1.5 TON,MINISPLIT,Aire Acondicionado,125
4708,Correctivo,COSTA CHICA,R-01 MARQUELIA,MIRAGE,SYK-3541,KNASC52115,NO CONTAMOS CON BITACORA,MINISPLIT 1.5 TON,MINISPLIT,Aire Acondicionado,126
4709,Preventivo,COSTA CHICA,R-01 MARQUELIA,CARRIER,38AUZA8AOC5A0A0,1119C93043,NO CONTAMOS CON BITACORA,UNIDAD PAQUETE 10.5 TON,PAQUETE,Aire Acondicionado,127
4710,Correctivo,COSTA CHICA,R-01 MARQUELIA,CARRIER,38AUZA8AOC5A0A0,1119C93043,NO CONTAMOS CON BITACORA,UNIDAD PAQUETE 10.5 TON,PAQUETE,Aire Acondicionado,128
4711,Preventivo,COSTA CHICA,R-01 MARQUELIA,CARRIER,38PRQ183A-C,3405418850983090000000,NO CONTAMOS CON BITACORA,MINISPLIT 1.5 TON,MINISPLIT,Aire Acondicionado,129
4712,Correctivo,COSTA CHICA,R-01 MARQUELIA,CARRIER,38PRQ183A-C,3405418850983090000000,NO CONTAMOS CON BITACORA,MINISPLIT 1.5 TON,MINISPLIT,Aire Acondicionado,130
4713,Preventivo,COSTA CHICA,R-01 MARQUELIA,CARRIER,38PRC123A-C,3405565226801850000000000,NO CONTAMOS CON BITACORA,MINISPLIT 1.5 TON,MINISPLIT,Aire Acondicionado,131
4714,Correctivo,COSTA CHICA,R-01 MARQUELIA,CARRIER,38PRC123A-C,3405565226801850000000000,NO CONTAMOS CON BITACORA,MINISPLIT 1.5 TON,MINISPLIT,Aire Acondicionado,132
4715,Preventivo,COSTA CHICA,R-01 MARQUELIA,CARRIER,38PRC163A-C,3459564567816780000000000,NO CONTAMOS CON BITACORA,MINISPLIT 1.5 TON,MINISPLIT,Aire Acondicionado,133
4716,Correctivo,COSTA CHICA,R-01 MARQUELIA,CARRIER,38PRC163A-C,3459564567816780000000000,NO CONTAMOS CON BITACORA,MINISPLIT 1.5 TON,MINISPLIT,Aire Acondicionado,134
4717,Preventivo,COSTA CHICA,R-01 MARQUELIA,CARRIER,38PRQ18A-C,3405652681085140000000,NO CONTAMOS CON BITACORA,MINISPLIT 1.5 TON,MINISPLIT,Aire Acondicionado,135
4718,Correctivo,COSTA CHICA,R-01 MARQUELIA,CARRIER,38PRQ18A-C,3405652681085140000000,NO CONTAMOS CON BITACORA,MINISPLIT 1.5 TON,MINISPLIT,Aire Acondicionado,136
4719,Preventivo,COSTA CHICA,R-01 MARQUELIA,CARRIER,38PRQ18AC-C,34565268108514000000,NO CONTAMOS CON BITACORA,MINISPLIT 1.5 TON,MINISPLIT,Aire Acondicionado,137
4720,Correctivo,COSTA CHICA,R-01 MARQUELIA,CARRIER,38PRQ18AC-C,34565268108514000000,NO CONTAMOS CON BITACORA,MINISPLIT 1.5 TON,MINISPLIT,Aire Acondicionado,138
4721,Preventivo,COSTA CHICA,R-01 MARQUELIA,CARRIER,38PRC123A-C,34055662801514000000000,NO CONTAMOS CON BITACORA,MINISPLIT 1.5 TON,MINISPLIT,Aire Acondicionado,139
4722,Correctivo,COSTA CHICA,R-01 MARQUELIA,CARRIER,38PRC123A-C,34055662801514000000000,NO CONTAMOS CON BITACORA,MINISPLIT 1.5 TON,MINISPLIT,Aire Acondicionado,140
4723,Preventivo,COSTA CHICA,R-01 MARQUELIA,CARRIER,38PRQ183A-C,34056526810851400000000,NO CONTAMOS CON BITACORA,MINISPLIT 1.5 TON,MINISPLIT,Aire Acondicionado,141
4724,Correctivo,COSTA CHICA,R-01 MARQUELIA,CARRIER,38PRQ183A-C,34056526810851400000000,NO CONTAMOS CON BITACORA,MINISPLIT 1.5 TON,MINISPLIT,Aire Acondicionado,142
4725,Preventivo,COSTA CHICA,R-01 MARQUELIA,CARRIER,38PRQ17AB-C,34675667098743000000,NO CONTAMOS CON BITACORA,MINISPLIT 1.5 TON,MINISPLIT,Aire Acondicionado,143
4726,Correctivo,COSTA CHICA,R-01 MARQUELIA,CARRIER,38PRQ17AB-C,34675667098743000000,NO CONTAMOS CON BITACORA,MINISPLIT 1.5 TON,MINISPLIT,Aire Acondicionado,144
4727,Preventivo,COSTA CHICA,R-01 MARQUELIA,DAEWOO,EBDIC15D,SIN,NO CONTAMOS CON BITACORA,MINISPLIT 1.5 TON,MINISPLIT,Aire Acondicionado,145
4728,Correctivo,COSTA CHICA,R-01 MARQUELIA,DAEWOO,EBDIC15D,SIN,NO CONTAMOS CON BITACORA,MINISPLIT 1.5 TON,MINISPLIT,Aire Acondicionado,146
4729,Preventivo,COSTA CHICA,R-01 MARQUELIA,DAEWOO,EBDIC152D,SIN,NO CONTAMOS CON BITACORA,MINISPLIT 1.5 TON,MINISPLIT,Aire Acondicionado,147
4730,Correctivo,COSTA CHICA,R-01 MARQUELIA,DAEWOO,EBDIC152D,SIN,NO CONTAMOS CON BITACORA,MINISPLIT 1.5 TON,MINISPLIT,Aire Acondicionado,148
4731,Preventivo,COSTA CHICA,R-01 MARQUELIA,CARRIER,38PRQ1814W-C,34876787676500000000,NO CONTAMOS CON BITACORA,MINISPLIT 1.5 TON,MINISPLIT,Aire Acondicionado,149
4732,Correctivo,COSTA CHICA,R-01 MARQUELIA,CARRIER,38PRQ1814W-C,34876787676500000000,NO CONTAMOS CON BITACORA,MINISPLIT 1.5 TON,MINISPLIT,Aire Acondicionado,150
4733,Preventivo,COSTA CHICA,R-01 MARQUELIA,MIRAGE,EXF120D,SIN,NO CONTAMOS CON BITACORA,MINISPLIT 1.5 TON,MINISPLIT,Aire Acondicionado,151
4734,Correctivo,COSTA CHICA,R-01 MARQUELIA,MIRAGE,EXF120D,SIN,NO CONTAMOS CON BITACORA,MINISPLIT 1.5 TON,MINISPLIT,Aire Acondicionado,152
4735,Preventivo,COSTA CHICA,R-01 MARQUELIA,DEVENTUS,IVX9M12OF001,SN,NO CONTAMOS CON BITACORA,MINISPLIT 1.5 TON,MINISPLIT,Aire Acondicionado,153
4736,Correctivo,COSTA CHICA,R-01 MARQUELIA,DEVENTUS,IVX9M12OF001,SN,NO CONTAMOS CON BITACORA,MINISPLIT 1.5 TON,MINISPLIT,Aire Acondicionado,154
4737,Preventivo,COSTA CHICA,R-01 MARQUELIA,DAEWOO,EBDIC152D,SN,NO CONTAMOS CON BITACORA,MINISPLIT 1.5 TON,MINISPLIT,Aire Acondicionado,155
4738,Correctivo,COSTA CHICA,R-01 MARQUELIA,DAEWOO,EBDIC152D,SN,NO CONTAMOS CON BITACORA,MINISPLIT 1.5 TON,MINISPLIT,Aire Acondicionado,156
4739,Preventivo,COSTA CHICA,R-01 MARQUELIA,MIRAGE,EX5612-D,SN,NO CONTAMOS CON BITACORA,MINISPLIT 1.5 TON,MINISPLIT,Aire Acondicionado,157
4740,Correctivo,COSTA CHICA,R-01 MARQUELIA,MIRAGE,EX5612-D,SN,NO CONTAMOS CON BITACORA,MINISPLIT 1.5 TON,MINISPLIT,Aire Acondicionado,158
4741,Preventivo,COSTA CHICA,R-01 MARQUELIA,CARRIER,40PCRC123-C,34056526187654000,NO CONTAMOS CON BITACORA,MINISPLIT 1.5 TON,MINISPLIT,Aire Acondicionado,159
4742,Correctivo,COSTA CHICA,R-01 MARQUELIA,CARRIER,40PCRC123-C,34056526187654000,NO CONTAMOS CON BITACORA,MINISPLIT 1.5 TON,MINISPLIT,Aire Acondicionado,160
4743,Preventivo,COSTA CHICA,R-01 MARQUELIA,DAEWOO,EBDIC1520,S/N,NO CONTAMOS CON BITACORA,MINISPLIT 1.5 TON,MINISPLIT,Aire Acondicionado,161
4744,Correctivo,COSTA CHICA,R-01 MARQUELIA,DAEWOO,EBDIC1520,S/N,NO CONTAMOS CON BITACORA,MINISPLIT 1.5 TON,MINISPLIT,Aire Acondicionado,162
4745,Preventivo,COSTA CHICA,R-01 MARQUELIA,MIRAGE,ABSOLUT X65785-9,3467889887679,NO CONTAMOS CON BITACORA,MINISPLIT 1.5 TON,MINISPLIT,Aire Acondicionado,163
4746,Correctivo,COSTA CHICA,R-01 MARQUELIA,MIRAGE,ABSOLUT X65785-9,3467889887679,NO CONTAMOS CON BITACORA,MINISPLIT 1.5 TON,MINISPLIT,Aire Acondicionado,164
4747,Preventivo,COSTA CHICA,R-01 MARQUELIA,CARRIER,40PCRC123-C,34056526187654000,NO CONTAMOS CON BITACORA,MINISPLIT 1.5 TON,MINISPLIT,Aire Acondicionado,165
4748,Correctivo,COSTA CHICA,R-01 MARQUELIA,CARRIER,40PCRC123-C,34056526187654000,NO CONTAMOS CON BITACORA,MINISPLIT 1.5 TON,MINISPLIT,Aire Acondicionado,166
2881,Preventivo,COSTA CHICA,CENTRO DE SALUD CRUZ GRANDE,YORK,NM060C00A2AAA2A,W1D4641174,1,UNIDAD PAQUETE DE 5 TR,PAQUETE,Aire Acondicionado,167
2882,Correctivo,COSTA CHICA,CENTRO DE SALUD CRUZ GRANDE,YORK,NM060C00A2AAA2A,W1D4641174,1,UNIDAD PAQUETE DE 5 TR,PAQUETE,Aire Acondicionado,168
2883,Preventivo,COSTA CHICA,CENTRO DE SALUD CRUZ GRANDE,YORK,ZF120C00A2AAA5A,N1L3152180,1,UNIDAD PAQUETE DE 10 TR,PAQUETE,Aire Acondicionado,169
2884,Correctivo,COSTA CHICA,CENTRO DE SALUD CRUZ GRANDE,YORK,ZF120C00A2AAA5A,N1L3152180,1,UNIDAD PAQUETE DE 10 TR,PAQUETE,Aire Acondicionado,170
2885,Preventivo,COSTA CHICA,CENTRO DE SALUD CRUZ GRANDE,YORK,EAC180A3EOA,14241109JA,1,UNIDAD PAQUETE DE 15 TR,PAQUETE,Aire Acondicionado,171
2886,Correctivo,COSTA CHICA,CENTRO DE SALUD CRUZ GRANDE,YORK,EAC180A3EOA,14241109JA,1,UNIDAD PAQUETE DE 15 TR,PAQUETE,Aire Acondicionado,172
2887,Preventivo,COSTA CHICA,CENTRO DE SALUD CRUZ GRANDE,YORK,ZF150C00A2AAA6A,N1F4775706,1,UNIDAD PAQUETE DE 12.5 TR,PAQUETE,Aire Acondicionado,173
2888,Correctivo,COSTA CHICA,CENTRO DE SALUD CRUZ GRANDE,YORK,ZF150C00A2AAA6A,N1F4775706,1,UNIDAD PAQUETE DE 12.5 TR,PAQUETE,Aire Acondicionado,174
2889,Preventivo,COSTA CHICA,CENTRO DE SALUD CRUZ GRANDE,YORK,2E300000A2AAA1B,N1H2140592,1,UNIDAD PAQUETE DE 25 TR,PAQUETE,Aire Acondicionado,175
2890,Correctivo,COSTA CHICA,CENTRO DE SALUD CRUZ GRANDE,YORK,2E300000A2AAA1B,N1H2140592,1,UNIDAD PAQUETE DE 25 TR,PAQUETE,Aire Acondicionado,176
2891,Preventivo,COSTA CHICA,CENTRO DE SALUD CRUZ GRANDE,YORK,ZF090C00A2AAA5A,N1A2527636,1,UNIDAD PAQUETE DE 7.5 TR,PAQUETE,Aire Acondicionado,177
2892,Correctivo,COSTA CHICA,CENTRO DE SALUD CRUZ GRANDE,YORK,ZF090C00A2AAA5A,N1A2527636,1,UNIDAD PAQUETE DE 7.5 TR,PAQUETE,Aire Acondicionado,178
2893,Preventivo,COSTA CHICA,CENTRO DE SALUD CRUZ GRANDE,YORK,ZF120C00A2AAA5A,N1L3152179,1,UNIDAD PAQUETE DE 10 TR,PAQUETE,Aire Acondicionado,179
2894,Correctivo,COSTA CHICA,CENTRO DE SALUD CRUZ GRANDE,YORK,ZF120C00A2AAA5A,N1L3152179,1,UNIDAD PAQUETE DE 10 TR,PAQUETE,Aire Acondicionado,180
2297,Preventivo,COSTA CHICA,HOSPITAL DE LA COMUNIDAD DE SAN MARCOS,MIRAGE,EBF121T,EBF121T5121211630,S/N,AIRE ACONDICIONADO 2 TON,,Aire Acondicionado,181
2298,Correctivo,COSTA CHICA,HOSPITAL DE LA COMUNIDAD DE SAN MARCOS,MIRAGE,EBF121T,EBF121T5121211630,S/N,AIRE ACONDICIONADO 2 TON,,Aire Acondicionado,182
2299,Preventivo,COSTA CHICA,HOSPITAL DE LA COMUNIDAD DE SAN MARCOS,MIRAGE,EBF121T,EBF121T5121211614,S/N,MINISPLIT 2.0 TON,MINISPLIT,Aire Acondicionado,183
2300,Correctivo,COSTA CHICA,HOSPITAL DE LA COMUNIDAD DE SAN MARCOS,MIRAGE,EBF121T,EBF121T5121211614,S/N,MINISPLIT 2.0 TON,MINISPLIT,Aire Acondicionado,184
2301,Preventivo,COSTA CHICA,HOSPITAL DE LA COMUNIDAD DE SAN MARCOS,MIRAGE,ELF120T,ELF120T7042317028,S/N,MINISPLIT 2.0 TON,MINISPLIT,Aire Acondicionado,185
2302,Correctivo,COSTA CHICA,HOSPITAL DE LA COMUNIDAD DE SAN MARCOS,MIRAGE,ELF120T,ELF120T7042317028,S/N,MINISPLIT 2.0 TON,MINISPLIT,Aire Acondicionado,186
2303,Preventivo,COSTA CHICA,HOSPITAL DE LA COMUNIDAD DE SAN MARCOS,MIRAGE,ELF120T,ELF120T7042316983,S/N,MiniSplit 1.5 ton,MINISPLIT,Aire Acondicionado,187
2304,Correctivo,COSTA CHICA,HOSPITAL DE LA COMUNIDAD DE SAN MARCOS,MIRAGE,ELF120T,ELF120T7042316983,S/N,MiniSplit 1.5 ton,MINISPLIT,Aire Acondicionado,188
2305,Preventivo,COSTA CHICA,HOSPITAL DE LA COMUNIDAD DE SAN MARCOS,MIRAGE,EJF261T,EJF261T7011900881,S/N,MiniSplit 1.5 ton,MINISPLIT,Aire Acondicionado,189
2306,Correctivo,COSTA CHICA,HOSPITAL DE LA COMUNIDAD DE SAN MARCOS,MIRAGE,EJF261T,EJF261T7011900881,S/N,MiniSplit 1.5 ton,MINISPLIT,Aire Acondicionado,190
2307,Preventivo,COSTA CHICA,HOSPITAL DE LA COMUNIDAD DE SAN MARCOS,MIRAGE,EPF181X,EPF181X7072100105,S/N,MiniSplit 1.5 ton,MINISPLIT,Aire Acondicionado,191
2308,Correctivo,COSTA CHICA,HOSPITAL DE LA COMUNIDAD DE SAN MARCOS,MIRAGE,EPF181X,EPF181X7072100105,S/N,MiniSplit 1.5 ton,MINISPLIT,Aire Acondicionado,192
2309,Preventivo,COSTA CHICA,HOSPITAL DE LA COMUNIDAD DE SAN MARCOS,Freyven GREEN,40FVC121A-E,53FVC121A,S/N,MiniSplit 1.5 ton,MINISPLIT,Aire Acondicionado,193
2310,Correctivo,COSTA CHICA,HOSPITAL DE LA COMUNIDAD DE SAN MARCOS,Freyven GREEN,40FVC121A-E,53FVC121A,S/N,MiniSplit 1.5 ton,MINISPLIT,Aire Acondicionado,194
2311,Preventivo,COSTA CHICA,HOSPITAL DE LA COMUNIDAD DE SAN MARCOS,MIRAGE,EBF121T,EBF121T5121211620,S/N,MiniSplit 1.5 ton,MINISPLIT,Aire Acondicionado,195
2312,Correctivo,COSTA CHICA,HOSPITAL DE LA COMUNIDAD DE SAN MARCOS,MIRAGE,EBF121T,EBF121T5121211620,S/N,MiniSplit 1.5 ton,MINISPLIT,Aire Acondicionado,196
2313,Preventivo,COSTA CHICA,HOSPITAL DE LA COMUNIDAD DE SAN MARCOS,MIRAGE,ELF120T,ELF120T7042317424,S/N,MINISPLIT 2.0 TON,MINISPLIT,Aire Acondicionado,197
2314,Correctivo,COSTA CHICA,HOSPITAL DE LA COMUNIDAD DE SAN MARCOS,MIRAGE,ELF120T,ELF120T7042317424,S/N,MINISPLIT 2.0 TON,MINISPLIT,Aire Acondicionado,198
2315,Preventivo,COSTA CHICA,HOSPITAL DE LA COMUNIDAD DE SAN MARCOS,MIRAGE,EBF121T,EBF121T5121213664,S/N,MINISPLIT 2.0 TON,MINISPLIT,Aire Acondicionado,199
2316,Correctivo,COSTA CHICA,HOSPITAL DE LA COMUNIDAD DE SAN MARCOS,MIRAGE,EBF121T,EBF121T5121213664,S/N,MINISPLIT 2.0 TON,MINISPLIT,Aire Acondicionado,200
2317,Preventivo,COSTA CHICA,HOSPITAL DE LA COMUNIDAD DE SAN MARCOS,MIRAGE,EBF121T,EBF121T5121211639,S/N,MiniSplit 1.5 ton,MINISPLIT,Aire Acondicionado,201
2318,Correctivo,COSTA CHICA,HOSPITAL DE LA COMUNIDAD DE SAN MARCOS,MIRAGE,EBF121T,EBF121T5121211639,S/N,MiniSplit 1.5 ton,MINISPLIT,Aire Acondicionado,202
2319,Preventivo,COSTA CHICA,HOSPITAL DE LA COMUNIDAD DE SAN MARCOS,MIRAGE,EBF121T,EBF121T5121208661,S/N,MiniSplit 1.5 ton,MINISPLIT,Aire Acondicionado,203
2320,Correctivo,COSTA CHICA,HOSPITAL DE LA COMUNIDAD DE SAN MARCOS,MIRAGE,EBF121T,EBF121T5121208661,S/N,MiniSplit 1.5 ton,MINISPLIT,Aire Acondicionado,204
2321,Preventivo,COSTA CHICA,HOSPITAL DE LA COMUNIDAD DE SAN MARCOS,YORK,YH9FZC12BAH-AFX,ACDC2120101,S/N,UMA 10 TON,UMA,Aire Acondicionado,205
2322,Correctivo,COSTA CHICA,HOSPITAL DE LA COMUNIDAD DE SAN MARCOS,YORK,YH9FZC12BAH-AFX,ACDC2120101,S/N,UMA 10 TON,UMA,Aire Acondicionado,206
2323,Preventivo,COSTA CHICA,HOSPITAL DE LA COMUNIDAD DE SAN MARCOS,MIRAGE,EBF121T,EBF121T5121211638,S/N,MiniSplit 1.5 ton,MINISPLIT,Aire Acondicionado,207
2324,Correctivo,COSTA CHICA,HOSPITAL DE LA COMUNIDAD DE SAN MARCOS,MIRAGE,EBF121T,EBF121T5121211638,S/N,MiniSplit 1.5 ton,MINISPLIT,Aire Acondicionado,208
2325,Preventivo,COSTA CHICA,HOSPITAL DE LA COMUNIDAD DE SAN MARCOS,YORK,YH9FZC12BAH-AFX,ACDC2120101,S/N,UNIDAD PAQUETE 7.5 TON,PAQUETE,Aire Acondicionado,209
2326,Correctivo,COSTA CHICA,HOSPITAL DE LA COMUNIDAD DE SAN MARCOS,YORK,YH9FZC12BAH-AFX,ACDC2120101,S/N,UNIDAD PAQUETE 7.5 TON,PAQUETE,Aire Acondicionado,210
2327,Preventivo,COSTA CHICA,HOSPITAL DE LA COMUNIDAD DE SAN MARCOS,YORK,YSCA24FSAADK,ACDC22401,S/N,UNIDAD PAQUETE 7.5 TON,PAQUETE,Aire Acondicionado,211
2328,Correctivo,COSTA CHICA,HOSPITAL DE LA COMUNIDAD DE SAN MARCOS,YORK,YSCA24FSAADK,ACDC22401,S/N,UNIDAD PAQUETE 7.5 TON,PAQUETE,Aire Acondicionado,212
2329,Preventivo,COSTA CHICA,HOSPITAL DE LA COMUNIDAD DE SAN MARCOS,YORK,YSCA12FSAADK,CADC21201,S/N,UNIDAD PAQUETE 5.5 TON,PAQUETE,Aire Acondicionado,213
2330,Correctivo,COSTA CHICA,HOSPITAL DE LA COMUNIDAD DE SAN MARCOS,YORK,YSCA12FSAADK,CADC21201,S/N,UNIDAD PAQUETE 5.5 TON,PAQUETE,Aire Acondicionado,214
2331,Preventivo,COSTA CHICA,HOSPITAL DE LA COMUNIDAD DE SAN MARCOS,MIRAGE,EBF121T,EBF121T5121211650,S/N,MiniSplit 1.5 ton,MINISPLIT,Aire Acondicionado,215
2332,Correctivo,COSTA CHICA,HOSPITAL DE LA COMUNIDAD DE SAN MARCOS,MIRAGE,EBF121T,EBF121T5121211650,S/N,MiniSplit 1.5 ton,MINISPLIT,Aire Acondicionado,216
2333,Preventivo,COSTA CHICA,HOSPITAL DE LA COMUNIDAD DE SAN MARCOS,PRIME,EMPRN122-T3,L-2023-T-2304-ID-02-0396,S/N,MiniSplit 2.5 ton,MINISPLIT,Aire Acondicionado,217
2334,Correctivo,COSTA CHICA,HOSPITAL DE LA COMUNIDAD DE SAN MARCOS,PRIME,EMPRN122-T3,L-2023-T-2304-ID-02-0396,S/N,MiniSplit 2.5 ton,MINISPLIT,Aire Acondicionado,218
2335,Preventivo,COSTA CHICA,HOSPITAL DE LA COMUNIDAD DE SAN MARCOS,PRIME,EMPRN122-T4,L-2023-T-2304-ID-02-0494,S/N,MiniSplit 2.5 ton,MINISPLIT,Aire Acondicionado,219
2336,Correctivo,COSTA CHICA,HOSPITAL DE LA COMUNIDAD DE SAN MARCOS,PRIME,EMPRN122-T4,L-2023-T-2304-ID-02-0494,S/N,MiniSplit 2.5 ton,MINISPLIT,Aire Acondicionado,220
2337,Preventivo,COSTA CHICA,HOSPITAL DE LA COMUNIDAD DE SAN MARCOS,MIRAGE,ELF261D,ELF261D7092100874,S/N,MiniSplit 1.5 ton,MINISPLIT,Aire Acondicionado,221
2338,Correctivo,COSTA CHICA,HOSPITAL DE LA COMUNIDAD DE SAN MARCOS,MIRAGE,ELF261D,ELF261D7092100874,S/N,MiniSplit 1.5 ton,MINISPLIT,Aire Acondicionado,222
2339,Preventivo,COSTA CHICA,HOSPITAL DE LA COMUNIDAD DE SAN MARCOS,MIRAGE,ELF261D,ELF261D7092100198,S/N,MiniSplit 1.5 ton,MINISPLIT,Aire Acondicionado,223
2340,Correctivo,COSTA CHICA,HOSPITAL DE LA COMUNIDAD DE SAN MARCOS,MIRAGE,ELF261D,ELF261D7092100198,S/N,MiniSplit 1.5 ton,MINISPLIT,Aire Acondicionado,224
2341,Preventivo,COSTA CHICA,HOSPITAL DE LA COMUNIDAD DE SAN MARCOS,MIDEA,MAS12C1BFD,3.4150739703e+21,S/N,UNIDAD PAQUETE 5.5 TON,PAQUETE,Aire Acondicionado,225
2342,Correctivo,COSTA CHICA,HOSPITAL DE LA COMUNIDAD DE SAN MARCOS,MIDEA,MAS12C1BFD,3.4150739703e+21,S/N,UNIDAD PAQUETE 5.5 TON,PAQUETE,Aire Acondicionado,226
2343,Preventivo,COSTA CHICA,HOSPITAL DE LA COMUNIDAD DE SAN MARCOS,CARRIER,S/N,S/N,S/N,MiniSplit 1.5 ton,MINISPLIT,Aire Acondicionado,227
2344,Correctivo,COSTA CHICA,HOSPITAL DE LA COMUNIDAD DE SAN MARCOS,CARRIER,S/N,S/N,S/N,MiniSplit 1.5 ton,MINISPLIT,Aire Acondicionado,228
2345,Preventivo,COSTA CHICA,HOSPITAL DE LA COMUNIDAD DE SAN MARCOS,DAEWOO,EBDOC102B,S/N,S/N,MiniSplit 1.5 ton,MINISPLIT,Aire Acondicionado,229
2346,Correctivo,COSTA CHICA,HOSPITAL DE LA COMUNIDAD DE SAN MARCOS,DAEWOO,EBDOC102B,S/N,S/N,MiniSplit 1.5 ton,MINISPLIT,Aire Acondicionado,230
2347,Preventivo,COSTA CHICA,HOSPITAL DE LA COMUNIDAD DE SAN MARCOS,MABE,MMT12CABWCATML1,ST24040560FMA0214,S/N,MiniSplit 1.5 ton,MINISPLIT,Aire Acondicionado,231
2348,Correctivo,COSTA CHICA,HOSPITAL DE LA COMUNIDAD DE SAN MARCOS,MABE,MMT12CABWCATML1,ST24040560FMA0214,S/N,MiniSplit 1.5 ton,MINISPLIT,Aire Acondicionado,232
2349,Preventivo,COSTA CHICA,HOSPITAL DE LA COMUNIDAD DE SAN MARCOS,DAEWOO,EBDOC102B,S/N,S/N,MiniSplit 1.5 ton,MINISPLIT,Aire Acondicionado,233
2350,Correctivo,COSTA CHICA,HOSPITAL DE LA COMUNIDAD DE SAN MARCOS,DAEWOO,EBDOC102B,S/N,S/N,MiniSplit 1.5 ton,MINISPLIT,Aire Acondicionado,234
2351,Preventivo,COSTA CHICA,HOSPITAL DE LA COMUNIDAD DE SAN MARCOS,DAEWOO,EBDOC102B,S/N,S/N,MiniSplit 1.5 ton,MINISPLIT,Aire Acondicionado,235
2352,Correctivo,COSTA CHICA,HOSPITAL DE LA COMUNIDAD DE SAN MARCOS,DAEWOO,EBDOC102B,S/N,S/N,MiniSplit 1.5 ton,MINISPLIT,Aire Acondicionado,236
2353,Preventivo,COSTA CHICA,HOSPITAL DE LA COMUNIDAD DE SAN MARCOS,DAEWOO,EBDOC202B,S/N,S/N,MiniSplit 1.5 ton,MINISPLIT,Aire Acondicionado,237
2354,Correctivo,COSTA CHICA,HOSPITAL DE LA COMUNIDAD DE SAN MARCOS,DAEWOO,EBDOC202B,S/N,S/N,MiniSplit 1.5 ton,MINISPLIT,Aire Acondicionado,238
2355,Preventivo,COSTA CHICA,HOSPITAL DE LA COMUNIDAD DE SAN MARCOS,MIRAGE,N/A,S/N,S/N,MiniSplit 1.5 ton,MINISPLIT,Aire Acondicionado,239
2356,Correctivo,COSTA CHICA,HOSPITAL DE LA COMUNIDAD DE SAN MARCOS,MIRAGE,N/A,S/N,S/N,MiniSplit 1.5 ton,MINISPLIT,Aire Acondicionado,240
2357,Preventivo,COSTA CHICA,HOSPITAL DE LA COMUNIDAD DE SAN MARCOS,MIRAGE,N/A,S/N,S/N,MiniSplit 1.5 ton,MINISPLIT,Aire Acondicionado,241
2358,Correctivo,COSTA CHICA,HOSPITAL DE LA COMUNIDAD DE SAN MARCOS,MIRAGE,N/A,S/N,S/N,MiniSplit 1.5 ton,MINISPLIT,Aire Acondicionado,242
2359,Preventivo,COSTA CHICA,HOSPITAL DE LA COMUNIDAD DE SAN MARCOS,MIRAGE,N/A,S/N,S/N,MiniSplit 1.5 ton,MINISPLIT,Aire Acondicionado,243
2360,Correctivo,COSTA CHICA,HOSPITAL DE LA COMUNIDAD DE SAN MARCOS,MIRAGE,N/A,S/N,S/N,MiniSplit 1.5 ton,MINISPLIT,Aire Acondicionado,244
2361,Preventivo,COSTA CHICA,HOSPITAL DE LA COMUNIDAD DE SAN MARCOS,CARRIER,S/N,S/N,S/N,MiniSplit 1.5 ton,MINISPLIT,Aire Acondicionado,245
2362,Correctivo,COSTA CHICA,HOSPITAL DE LA COMUNIDAD DE SAN MARCOS,CARRIER,S/N,S/N,S/N,MiniSplit 1.5 ton,MINISPLIT,Aire Acondicionado,246
4823,Preventivo,COSTA CHICA,TECOANAPA,MIRAGE,SPP-351165,651DS615,NO CONTAMOS CON BITACORA,MINISPLIT 1 TON,MINISPLIT,Aire Acondicionado,247
4824,Correctivo,COSTA CHICA,TECOANAPA,MIRAGE,SPP-351165,651DS615,NO CONTAMOS CON BITACORA,MINISPLIT 1 TON,MINISPLIT,Aire Acondicionado,248
4825,Preventivo,COSTA CHICA,TECOANAPA,MIRAGE,SPP-351165,651DS615,NO CONTAMOS CON BITACORA,MINISPLIT 1 TON,MINISPLIT,Aire Acondicionado,249
4826,Correctivo,COSTA CHICA,TECOANAPA,MIRAGE,SPP-351165,651DS615,NO CONTAMOS CON BITACORA,MINISPLIT 1 TON,MINISPLIT,Aire Acondicionado,250
4827,Preventivo,COSTA CHICA,TECOANAPA,MIRAGE,SPP-351165,651DS615,NO CONTAMOS CON BITACORA,MINISPLIT 1 TON,MINISPLIT,Aire Acondicionado,251
4828,Correctivo,COSTA CHICA,TECOANAPA,MIRAGE,SPP-351165,651DS615,NO CONTAMOS CON BITACORA,MINISPLIT 1 TON,MINISPLIT,Aire Acondicionado,252
4829,Preventivo,COSTA CHICA,TECOANAPA,MIRAGE,SPP-351165,651DS615,NO CONTAMOS CON BITACORA,MINISPLIT 1 TON,MINISPLIT,Aire Acondicionado,253
4830,Correctivo,COSTA CHICA,TECOANAPA,MIRAGE,SPP-351165,651DS615,NO CONTAMOS CON BITACORA,MINISPLIT 1 TON,MINISPLIT,Aire Acondicionado,254
4831,Preventivo,COSTA CHICA,TECOANAPA,MIRAGE,SPP-351165,651DS615,NO CONTAMOS CON BITACORA,MINISPLIT 1 TON,MINISPLIT,Aire Acondicionado,255
4832,Correctivo,COSTA CHICA,TECOANAPA,MIRAGE,SPP-351165,651DS615,NO CONTAMOS CON BITACORA,MINISPLIT 1 TON,MINISPLIT,Aire Acondicionado,256
4833,Preventivo,COSTA CHICA,TECOANAPA,MIRAGE,SPP-351165,651DS615,NO CONTAMOS CON BITACORA,MINISPLIT 1 TON,MINISPLIT,Aire Acondicionado,257
4834,Correctivo,COSTA CHICA,TECOANAPA,MIRAGE,SPP-351165,651DS615,NO CONTAMOS CON BITACORA,MINISPLIT 1 TON,MINISPLIT,Aire Acondicionado,258
4835,Preventivo,COSTA CHICA,TECOANAPA,MIRAGE,SPP-351165,651DS615,NO CONTAMOS CON BITACORA,MINISPLIT 1 TON,MINISPLIT,Aire Acondicionado,259
4836,Correctivo,COSTA CHICA,TECOANAPA,MIRAGE,SPP-351165,651DS615,NO CONTAMOS CON BITACORA,MINISPLIT 1 TON,MINISPLIT,Aire Acondicionado,260
4837,Preventivo,COSTA CHICA,TECOANAPA,MIRAGE,SPP-351165,651DS615,NO CONTAMOS CON BITACORA,MINISPLIT 1.5 TON,MINISPLIT,Aire Acondicionado,261
4838,Correctivo,COSTA CHICA,TECOANAPA,MIRAGE,SPP-351165,651DS615,NO CONTAMOS CON BITACORA,MINISPLIT 1.5 TON,MINISPLIT,Aire Acondicionado,262
4839,Preventivo,COSTA CHICA,TECOANAPA,FREYVEN,0D1D-351,3541FD135SD,NO CONTAMOS CON BITACORA,MINISPLIT 3 TON,MINISPLIT,Aire Acondicionado,263
4840,Correctivo,COSTA CHICA,TECOANAPA,FREYVEN,0D1D-351,3541FD135SD,NO CONTAMOS CON BITACORA,MINISPLIT 3 TON,MINISPLIT,Aire Acondicionado,264
4841,Preventivo,COSTA CHICA,TECOANAPA,FREYVEN,0D1D-351,3541FD135SD,NO CONTAMOS CON BITACORA,MINISPLIT 3 TON,MINISPLIT,Aire Acondicionado,265
4842,Correctivo,COSTA CHICA,TECOANAPA,FREYVEN,0D1D-351,3541FD135SD,NO CONTAMOS CON BITACORA,MINISPLIT 3 TON,MINISPLIT,Aire Acondicionado,266
4843,Preventivo,COSTA CHICA,TECOANAPA,S/M,ML-HJWEOJI,6581GS6351S,NO CONTAMOS CON BITACORA,UNIDAD PAQUTE 10 TON,,Aire Acondicionado,267
4844,Correctivo,COSTA CHICA,TECOANAPA,S/M,ML-HJWEOJI,6581GS6351S,NO CONTAMOS CON BITACORA,UNIDAD PAQUTE 10 TON,,Aire Acondicionado,268
1,Preventivo,COSTA CHICA,CENTRO COMUNITARIO DE SALUD MENTAL Y ADICCIONES SAN MARCOS,YORK,YHFE24XJMAXA-RX,SETYHFE24ZJMAXAORX,S/N,TIPO SISTEMA DIVIDIDO,,Aire Acondicionado,269
10,Correctivo,COSTA CHICA,CENTRO COMUNITARIO DE SALUD MENTAL Y ADICCIONES SAN MARCOS,MABE,MMT12HABWCCAXMI8,ST19012074FMC0883,S/N,MINISPLIT 1 TON,MINISPLIT,Aire Acondicionado,270
11,Preventivo,COSTA CHICA,CENTRO COMUNITARIO DE SALUD MENTAL Y ADICCIONES SAN MARCOS,MABE,MMT12HABWCCAXMI8,ST19012074FMC0883,S/N,MINISPLIT 1 TON,MINISPLIT,Aire Acondicionado,271
12,Correctivo,COSTA CHICA,CENTRO COMUNITARIO DE SALUD MENTAL Y ADICCIONES SAN MARCOS,MABE,MMT12HABWCCAXMI8,ST19012074FMC0883,S/N,MINISPLIT 1 TON,MINISPLIT,Aire Acondicionado,272
13,Preventivo,COSTA CHICA,CENTRO COMUNITARIO DE SALUD MENTAL Y ADICCIONES SAN MARCOS,MABE,MMT12CDBWCAM2,0011511821F,S/N,MINISPLIT 1 TON,MINISPLIT,Aire Acondicionado,273
14,Correctivo,COSTA CHICA,CENTRO COMUNITARIO DE SALUD MENTAL Y ADICCIONES SAN MARCOS,MABE,MMT12CDBWCAM2,0011511821F,S/N,MINISPLIT 1 TON,MINISPLIT,Aire Acondicionado,274
2,Correctivo,COSTA CHICA,CENTRO COMUNITARIO DE SALUD MENTAL Y ADICCIONES SAN MARCOS,YORK,YHFE24XJMAXA-RX,SETYHFE24ZJMAXAORX,S/N,TIPO SISTEMA DIVIDIDO,,Aire Acondicionado,275
3,Preventivo,COSTA CHICA,CENTRO COMUNITARIO DE SALUD MENTAL Y ADICCIONES SAN MARCOS,YORK,YHFE24XJMAXA-RX,SETYHFE24ZJMAXAORX,S/N,TIPO SISTEMA DIVIDIDO,,Aire Acondicionado,276
4,Correctivo,COSTA CHICA,CENTRO COMUNITARIO DE SALUD MENTAL Y ADICCIONES SAN MARCOS,YORK,YHFE24XJMAXA-RX,SETYHFE24ZJMAXAORX,S/N,TIPO SISTEMA DIVIDIDO,,Aire Acondicionado,277
5,Preventivo,COSTA CHICA,CENTRO COMUNITARIO DE SALUD MENTAL Y ADICCIONES SAN MARCOS,YORK,YHFE24XJMAXA-RX,SETYHFE24ZJMAXAORX,S/N,TIPO SISTEMA DIVIDIDO,,Aire Acondicionado,278
6,Correctivo,COSTA CHICA,CENTRO COMUNITARIO DE SALUD MENTAL Y ADICCIONES SAN MARCOS,YORK,YHFE24XJMAXA-RX,SETYHFE24ZJMAXAORX,S/N,TIPO SISTEMA DIVIDIDO,,Aire Acondicionado,279
7,Preventivo,COSTA CHICA,CENTRO COMUNITARIO DE SALUD MENTAL Y ADICCIONES SAN MARCOS,MABE,MMT12CDBWCAM2,0011511821F,S/N,MINISPLIT 1 TON,MINISPLIT,Aire Acondicionado,280
8,Correctivo,COSTA CHICA,CENTRO COMUNITARIO DE SALUD MENTAL Y ADICCIONES SAN MARCOS,MABE,MMT12CDBWCAM2,0011511821F,S/N,MINISPLIT 1 TON,MINISPLIT,Aire Acondicionado,281
9,Preventivo,COSTA CHICA,CENTRO COMUNITARIO DE SALUD MENTAL Y ADICCIONES SAN MARCOS,MABE,MMT12HABWCCAXMI8,ST19012074FMC0883,S/N,MINISPLIT 1 TON,MINISPLIT,Aire Acondicionado,282
1967,Preventivo,COSTA CHICA,HOSPITAL IMSS BIENESTAR AYUTLA,TRANE,4MCW1512A1000AA,X2121TO1221C0699,1,MINI SPILT 1 TON,,Aire Acondicionado,283
1968,Correctivo,COSTA CHICA,HOSPITAL IMSS BIENESTAR AYUTLA,TRANE,4MCW1512A1000AA,X2121TO1221C0699,1,MINI SPILT 1 TON,,Aire Acondicionado,284
1969,Preventivo,COSTA CHICA,HOSPITAL IMSS BIENESTAR AYUTLA,TRANE,4MCW1512A1000AA,X1221TO1221C0711,2,MINI SPILT 1 TON,,Aire Acondicionado,285
1970,Correctivo,COSTA CHICA,HOSPITAL IMSS BIENESTAR AYUTLA,TRANE,4MCW1512A1000AA,X1221TO1221C0711,2,MINI SPILT 1 TON,,Aire Acondicionado,286
1971,Preventivo,COSTA CHICA,HOSPITAL IMSS BIENESTAR AYUTLA,TRANE,4MCW1524A1000AA,X2126TO2421C0271,3,MINI SPILT 2 TON,,Aire Acondicionado,287
1972,Correctivo,COSTA CHICA,HOSPITAL IMSS BIENESTAR AYUTLA,TRANE,4MCW1524A1000AA,X2126TO2421C0271,3,MINI SPILT 2 TON,,Aire Acondicionado,288
1973,Preventivo,COSTA CHICA,HOSPITAL IMSS BIENESTAR AYUTLA,TRANE,4MCW1512A1000AA,X2121TO1221C0701,4,MINI SPILT 1 TON,,Aire Acondicionado,289
1974,Correctivo,COSTA CHICA,HOSPITAL IMSS BIENESTAR AYUTLA,TRANE,4MCW1512A1000AA,X2121TO1221C0701,4,MINI SPILT 1 TON,,Aire Acondicionado,290
1975,Preventivo,COSTA CHICA,HOSPITAL IMSS BIENESTAR AYUTLA,TRANE,4MCW1518A1000AA,X2126TO1821C0096,5,MINI SPILT 2 TON,,Aire Acondicionado,291
1976,Correctivo,COSTA CHICA,HOSPITAL IMSS BIENESTAR AYUTLA,TRANE,4MCW1518A1000AA,X2126TO1821C0096,5,MINI SPILT 2 TON,,Aire Acondicionado,292
1977,Preventivo,COSTA CHICA,HOSPITAL IMSS BIENESTAR AYUTLA,TRANE,4MCW1524A1000AA,X2126TO2421C0262,6,MINI SPILT 2 TON,,Aire Acondicionado,293
1978,Correctivo,COSTA CHICA,HOSPITAL IMSS BIENESTAR AYUTLA,TRANE,4MCW1524A1000AA,X2126TO2421C0262,6,MINI SPILT 2 TON,,Aire Acondicionado,294
1979,Preventivo,COSTA CHICA,HOSPITAL IMSS BIENESTAR AYUTLA,TRANE,4MCW1530A1000AA,X2120TO3021C0009,7,MINI SPILT 3 TON,,Aire Acondicionado,295
1980,Correctivo,COSTA CHICA,HOSPITAL IMSS BIENESTAR AYUTLA,TRANE,4MCW1530A1000AA,X2120TO3021C0009,7,MINI SPILT 3 TON,,Aire Acondicionado,296
1981,Preventivo,COSTA CHICA,HOSPITAL IMSS BIENESTAR AYUTLA,TRANE,4MCW1512A1000AA,X2120TO1221C0093,8,MINI SPILT 1 TON,,Aire Acondicionado,297
1982,Correctivo,COSTA CHICA,HOSPITAL IMSS BIENESTAR AYUTLA,TRANE,4MCW1512A1000AA,X2120TO1221C0093,8,MINI SPILT 1 TON,,Aire Acondicionado,298
1983,Preventivo,COSTA CHICA,HOSPITAL IMSS BIENESTAR AYUTLA,TRANE,4MCW1512A1000AA,X2120TO1221C0102,9,MINI SPILT 1 TON,,Aire Acondicionado,299
1984,Correctivo,COSTA CHICA,HOSPITAL IMSS BIENESTAR AYUTLA,TRANE,4MCW1512A1000AA,X2120TO1221C0102,9,MINI SPILT 1 TON,,Aire Acondicionado,300
1985,Preventivo,COSTA CHICA,HOSPITAL IMSS BIENESTAR AYUTLA,TRANE,4MCW1512A1000AA,X2121TO1221C0356,10,MINI SPILT 1 TON,,Aire Acondicionado,301
1986,Correctivo,COSTA CHICA,HOSPITAL IMSS BIENESTAR AYUTLA,TRANE,4MCW1512A1000AA,X2121TO1221C0356,10,MINI SPILT 1 TON,,Aire Acondicionado,302
1987,Preventivo,COSTA CHICA,HOSPITAL IMSS BIENESTAR AYUTLA,TRANE,4MCW1512A1000AA,X2115TO1221C1102,11,MINI SPILT 1 TON,,Aire Acondicionado,303
1988,Correctivo,COSTA CHICA,HOSPITAL IMSS BIENESTAR AYUTLA,TRANE,4MCW1512A1000AA,X2115TO1221C1102,11,MINI SPILT 1 TON,,Aire Acondicionado,304
1989,Preventivo,COSTA CHICA,HOSPITAL IMSS BIENESTAR AYUTLA,TRANE,4MCW1512A1000AA,X2112TO1221C0715,2,MINI SPILT 1 TON,,Aire Acondicionado,305
1990,Correctivo,COSTA CHICA,HOSPITAL IMSS BIENESTAR AYUTLA,TRANE,4MCW1512A1000AA,X2112TO1221C0715,2,MINI SPILT 1 TON,,Aire Acondicionado,306
1991,Preventivo,COSTA CHICA,HOSPITAL IMSS BIENESTAR AYUTLA,TRANE,4MCW1512A1000AA,X2121TO1221C0707,3,MINI SPILT 1 TON,,Aire Acondicionado,307
1992,Correctivo,COSTA CHICA,HOSPITAL IMSS BIENESTAR AYUTLA,TRANE,4MCW1512A1000AA,X2121TO1221C0707,3,MINI SPILT 1 TON,,Aire Acondicionado,308
1993,Preventivo,COSTA CHICA,HOSPITAL IMSS BIENESTAR AYUTLA,TRANE,4MCW1512A1000AA,X2121TO1221C0703,4,MINI SPILT 1 TON,,Aire Acondicionado,309
1994,Correctivo,COSTA CHICA,HOSPITAL IMSS BIENESTAR AYUTLA,TRANE,4MCW1512A1000AA,X2121TO1221C0703,4,MINI SPILT 1 TON,,Aire Acondicionado,310
1995,Preventivo,COSTA CHICA,HOSPITAL IMSS BIENESTAR AYUTLA,TRANE,4MCW1512A1000AA,X2121TO1221C0097,5,MINI SPILT 1 TON,,Aire Acondicionado,311
1996,Correctivo,COSTA CHICA,HOSPITAL IMSS BIENESTAR AYUTLA,TRANE,4MCW1512A1000AA,X2121TO1221C0097,5,MINI SPILT 1 TON,,Aire Acondicionado,312
1997,Preventivo,COSTA CHICA,HOSPITAL IMSS BIENESTAR AYUTLA,TRANE,4MCW1518A1000AA,X2126TO1821C0006,6,MINI SPILT 2 TON,,Aire Acondicionado,313
1998,Correctivo,COSTA CHICA,HOSPITAL IMSS BIENESTAR AYUTLA,TRANE,4MCW1518A1000AA,X2126TO1821C0006,6,MINI SPILT 2 TON,,Aire Acondicionado,314
1999,Preventivo,COSTA CHICA,HOSPITAL IMSS BIENESTAR AYUTLA,TRANE,4MCW1518A1000AA,X212510182100289,7,MINI SPILT 2 TON,,Aire Acondicionado,315
2000,Correctivo,COSTA CHICA,HOSPITAL IMSS BIENESTAR AYUTLA,TRANE,4MCW1518A1000AA,X212510182100289,7,MINI SPILT 2 TON,,Aire Acondicionado,316
2001,Preventivo,COSTA CHICA,HOSPITAL IMSS BIENESTAR AYUTLA,TRANE,4MCW1518A1000AA,X2120TO1221C0055,8,MINI SPILT 1 TON,,Aire Acondicionado,317
2002,Correctivo,COSTA CHICA,HOSPITAL IMSS BIENESTAR AYUTLA,TRANE,4MCW1518A1000AA,X2120TO1221C0055,8,MINI SPILT 1 TON,,Aire Acondicionado,318
2003,Preventivo,COSTA CHICA,HOSPITAL IMSS BIENESTAR AYUTLA,TRANE,4MCW1512A1000AA,X1221T01221C0695,9,MINI SPILT 1 TON,,Aire Acondicionado,319
2004,Correctivo,COSTA CHICA,HOSPITAL IMSS BIENESTAR AYUTLA,TRANE,4MCW1512A1000AA,X1221T01221C0695,9,MINI SPILT 1 TON,,Aire Acondicionado,320
2005,Preventivo,COSTA CHICA,HOSPITAL IMSS BIENESTAR AYUTLA,TRANE,4MCW1524A1000AA,X2126TO2421C0318,10,MINI SPILT 2 TON,,Aire Acondicionado,321
2006,Correctivo,COSTA CHICA,HOSPITAL IMSS BIENESTAR AYUTLA,TRANE,4MCW1524A1000AA,X2126TO2421C0318,10,MINI SPILT 2 TON,,Aire Acondicionado,322
2007,Preventivo,COSTA CHICA,HOSPITAL IMSS BIENESTAR AYUTLA,TRANE,4MCW1512A1000AA,X2120TO1221C0061,11,MINI SPILT 1 TON,,Aire Acondicionado,323
2008,Correctivo,COSTA CHICA,HOSPITAL IMSS BIENESTAR AYUTLA,TRANE,4MCW1512A1000AA,X2120TO1221C0061,11,MINI SPILT 1 TON,,Aire Acondicionado,324
2009,Preventivo,COSTA CHICA,HOSPITAL IMSS BIENESTAR AYUTLA,TRANE,4MCW1518A1000AA,X2120TO1821C0072,12,MINI SPILT 2 TON,,Aire Acondicionado,325
2010,Correctivo,COSTA CHICA,HOSPITAL IMSS BIENESTAR AYUTLA,TRANE,4MCW1518A1000AA,X2120TO1821C0072,12,MINI SPILT 2 TON,,Aire Acondicionado,326
2011,Preventivo,COSTA CHICA,HOSPITAL IMSS BIENESTAR AYUTLA,TRANE,4MCW1518A1000AA,X2126TO1821C0041,13,MINI SPILT 2 TON,,Aire Acondicionado,327
2012,Correctivo,COSTA CHICA,HOSPITAL IMSS BIENESTAR AYUTLA,TRANE,4MCW1518A1000AA,X2126TO1821C0041,13,MINI SPILT 2 TON,,Aire Acondicionado,328
2013,Preventivo,COSTA CHICA,HOSPITAL IMSS BIENESTAR AYUTLA,TRANE,4MXX6560G 1000AA,2126H5163A,14,PISO TECHO 5 TONS,,Aire Acondicionado,329
2014,Correctivo,COSTA CHICA,HOSPITAL IMSS BIENESTAR AYUTLA,TRANE,4MXX6560G 1000AA,2126H5163A,14,PISO TECHO 5 TONS,,Aire Acondicionado,330
2015,Preventivo,COSTA CHICA,HOSPITAL IMSS BIENESTAR AYUTLA,MIRAGE,ELF181E,ELF181E7022201805,15,MINI SPILT 2 TON,,Aire Acondicionado,331
2016,Correctivo,COSTA CHICA,HOSPITAL IMSS BIENESTAR AYUTLA,MIRAGE,ELF181E,ELF181E7022201805,15,MINI SPILT 2 TON,,Aire Acondicionado,332
2017,Preventivo,COSTA CHICA,HOSPITAL IMSS BIENESTAR AYUTLA,YORK,NO VISIBLE,YHFE24YJMAXAO-X,16,MINI SPILT 2 TON,,Aire Acondicionado,333
2018,Correctivo,COSTA CHICA,HOSPITAL IMSS BIENESTAR AYUTLA,YORK,NO VISIBLE,YHFE24YJMAXAO-X,16,MINI SPILT 2 TON,,Aire Acondicionado,334
2019,Preventivo,COSTA CHICA,HOSPITAL IMSS BIENESTAR AYUTLA,TRANE,TTA18043DAA01A5,21131000TA,31,TIPO CASSETTE 4.5 TONS,,Aire Acondicionado,335
2020,Correctivo,COSTA CHICA,HOSPITAL IMSS BIENESTAR AYUTLA,TRANE,TTA18043DAA01A5,21131000TA,31,TIPO CASSETTE 4.5 TONS,,Aire Acondicionado,336
2021,Preventivo,COSTA CHICA,HOSPITAL IMSS BIENESTAR AYUTLA,TRANE,EAC240A3E0A,21203323JA,34,TIPO CASSETTE 4.5 TONS,,Aire Acondicionado,337
2022,Correctivo,COSTA CHICA,HOSPITAL IMSS BIENESTAR AYUTLA,TRANE,EAC240A3E0A,21203323JA,34,TIPO CASSETTE 4.5 TONS,,Aire Acondicionado,338
2023,Preventivo,COSTA CHICA,HOSPITAL IMSS BIENESTAR AYUTLA,TRANE,TEM4A0C60S51SBA,214535023V,43,TIPO CASSETTE 4.5 TONS,,Aire Acondicionado,339
2024,Correctivo,COSTA CHICA,HOSPITAL IMSS BIENESTAR AYUTLA,TRANE,TEM4A0C60S51SBA,214535023V,43,TIPO CASSETTE 4.5 TONS,,Aire Acondicionado,340
2025,Preventivo,COSTA CHICA,HOSPITAL IMSS BIENESTAR AYUTLA,TRANE,TTA18043DAA01A5,21122556TA,29,TIPO CASSETTE 5 TONS,,Aire Acondicionado,341
2026,Correctivo,COSTA CHICA,HOSPITAL IMSS BIENESTAR AYUTLA,TRANE,TTA18043DAA01A5,21122556TA,29,TIPO CASSETTE 5 TONS,,Aire Acondicionado,342
2027,Preventivo,COSTA CHICA,HOSPITAL IMSS BIENESTAR AYUTLA,TRANE,TTA18043DAA01A5,21122300TA,30,TIPO CASSETTE 5 TONS,,Aire Acondicionado,343
2028,Correctivo,COSTA CHICA,HOSPITAL IMSS BIENESTAR AYUTLA,TRANE,TTA18043DAA01A5,21122300TA,30,TIPO CASSETTE 5 TONS,,Aire Acondicionado,344
2029,Preventivo,COSTA CHICA,HOSPITAL IMSS BIENESTAR AYUTLA,TRANE,4TTK1512A1LOOAA,X2121TO122IC0699,1,TIPO CASSETTE 3 TONS,,Aire Acondicionado,345
2030,Correctivo,COSTA CHICA,HOSPITAL IMSS BIENESTAR AYUTLA,TRANE,4TTK1512A1LOOAA,X2121TO122IC0699,1,TIPO CASSETTE 3 TONS,,Aire Acondicionado,346
2031,Preventivo,COSTA CHICA,HOSPITAL IMSS BIENESTAR AYUTLA,TRANE,4TTK1512A1L00BB,X2121TO122IC0766,1,TIPO CASSETTE 3 TONS,,Aire Acondicionado,347
2032,Correctivo,COSTA CHICA,HOSPITAL IMSS BIENESTAR AYUTLA,TRANE,4TTK1512A1L00BB,X2121TO122IC0766,1,TIPO CASSETTE 3 TONS,,Aire Acondicionado,348
2033,Preventivo,COSTA CHICA,HOSPITAL IMSS BIENESTAR AYUTLA,DUCTWRAP,KMA2015TB40,L21067001,24,MANEJADORA 20 TONS,,Aire Acondicionado,349
2034,Correctivo,COSTA CHICA,HOSPITAL IMSS BIENESTAR AYUTLA,DUCTWRAP,KMA2015TB40,L21067001,24,MANEJADORA 20 TONS,,Aire Acondicionado,350
2035,Preventivo,COSTA CHICA,HOSPITAL IMSS BIENESTAR AYUTLA,TRANE,TTA18043DAA01A5,21242996TA,25,CONDENSADORA 15 TONS,,Aire Acondicionado,351
2036,Correctivo,COSTA CHICA,HOSPITAL IMSS BIENESTAR AYUTLA,TRANE,TTA18043DAA01A5,21242996TA,25,CONDENSADORA 15 TONS,,Aire Acondicionado,352
2037,Preventivo,COSTA CHICA,HOSPITAL IMSS BIENESTAR AYUTLA,TRANE,TTA18043DAA01A5,21122556TA,26,CONDENSADORA 15 TONS,,Aire Acondicionado,353
2038,Correctivo,COSTA CHICA,HOSPITAL IMSS BIENESTAR AYUTLA,TRANE,TTA18043DAA01A5,21122556TA,26,CONDENSADORA 15 TONS,,Aire Acondicionado,354
2039,Preventivo,COSTA CHICA,HOSPITAL IMSS BIENESTAR AYUTLA,DUCTWRAP,RF-3075,649385,27,MANEJADORA 20 TONS,,Aire Acondicionado,355
2040,Correctivo,COSTA CHICA,HOSPITAL IMSS BIENESTAR AYUTLA,DUCTWRAP,RF-3075,649385,27,MANEJADORA 20 TONS,,Aire Acondicionado,356
2041,Preventivo,COSTA CHICA,HOSPITAL IMSS BIENESTAR AYUTLA,TRANE,TTA18043DAA01A5,21122300TA,28,CONDENSADORA 15 TONS,,Aire Acondicionado,357
2042,Correctivo,COSTA CHICA,HOSPITAL IMSS BIENESTAR AYUTLA,TRANE,TTA18043DAA01A5,21122300TA,28,CONDENSADORA 15 TONS,,Aire Acondicionado,358
2043,Preventivo,COSTA CHICA,HOSPITAL IMSS BIENESTAR AYUTLA,TRANE,TTA18043DAA01A5,1131000TA,29,CONDENSADORA 15 TONS,,Aire Acondicionado,359
2044,Correctivo,COSTA CHICA,HOSPITAL IMSS BIENESTAR AYUTLA,TRANE,TTA18043DAA01A5,1131000TA,29,CONDENSADORA 15 TONS,,Aire Acondicionado,360
2045,Preventivo,COSTA CHICA,HOSPITAL IMSS BIENESTAR AYUTLA,BRYANT,S24JE16A000A10AAAA,4S22V07319,27,MANEJADORA 15 TONS,,Aire Acondicionado,361
2046,Correctivo,COSTA CHICA,HOSPITAL IMSS BIENESTAR AYUTLA,BRYANT,S24JE16A000A10AAAA,4S22V07319,27,MANEJADORA 15 TONS,,Aire Acondicionado,362
2047,Preventivo,COSTA CHICA,HOSPITAL IMSS BIENESTAR AYUTLA,DAIKIN,524JE16A000A10AAAA,4522V07321,36,CONDENSADORA 15 TONS,,Aire Acondicionado,363
2048,Correctivo,COSTA CHICA,HOSPITAL IMSS BIENESTAR AYUTLA,DAIKIN,524JE16A000A10AAAA,4522V07321,36,CONDENSADORA 15 TONS,,Aire Acondicionado,364
2049,Preventivo,COSTA CHICA,HOSPITAL IMSS BIENESTAR AYUTLA,BRYANT,524JE16A000A10AAAA,4522V07321,36,MANEJADORA 15 TONS,,Aire Acondicionado,365
2050,Correctivo,COSTA CHICA,HOSPITAL IMSS BIENESTAR AYUTLA,BRYANT,524JE16A000A10AAAA,4522V07321,36,MANEJADORA 15 TONS,,Aire Acondicionado,366
2051,Preventivo,COSTA CHICA,HOSPITAL IMSS BIENESTAR AYUTLA,DAIKIN,DX11TA1203AB,220819817,33,CONDENSADORA 15 TONS,,Aire Acondicionado,367
2052,Correctivo,COSTA CHICA,HOSPITAL IMSS BIENESTAR AYUTLA,DAIKIN,DX11TA1203AB,220819817,33,CONDENSADORA 15 TONS,,Aire Acondicionado,368
2053,Preventivo,COSTA CHICA,HOSPITAL IMSS BIENESTAR AYUTLA,TRANE,4TTK1524A1LOOAA,X2126TO242IC0318,20,MANEJADORA 10 TONS,,Aire Acondicionado,369
2054,Correctivo,COSTA CHICA,HOSPITAL IMSS BIENESTAR AYUTLA,TRANE,4TTK1524A1LOOAA,X2126TO242IC0318,20,MANEJADORA 10 TONS,,Aire Acondicionado,370
2055,Preventivo,COSTA CHICA,HOSPITAL IMSS BIENESTAR AYUTLA,TRANE,4TTK1512A1LOOAA,X2120TO122IC0061,21,MANEJADORA 10 TONS,,Aire Acondicionado,371
2056,Correctivo,COSTA CHICA,HOSPITAL IMSS BIENESTAR AYUTLA,TRANE,4TTK1512A1LOOAA,X2120TO122IC0061,21,MANEJADORA 10 TONS,,Aire Acondicionado,372
2057,Preventivo,COSTA CHICA,HOSPITAL IMSS BIENESTAR AYUTLA,TRANE,4TTK1518A1LOOAA,X2120TO182IC0072,22,MANEJADORA 10 TONS,,Aire Acondicionado,373
2058,Correctivo,COSTA CHICA,HOSPITAL IMSS BIENESTAR AYUTLA,TRANE,4TTK1518A1LOOAA,X2120TO182IC0072,22,MANEJADORA 10 TONS,,Aire Acondicionado,374
2059,Preventivo,COSTA CHICA,HOSPITAL IMSS BIENESTAR AYUTLA,TRANE,4TTK1518A1LOOAA,X2126TO182IC0041,23,MANEJADORA 10 TONS,,Aire Acondicionado,375
2060,Correctivo,COSTA CHICA,HOSPITAL IMSS BIENESTAR AYUTLA,TRANE,4TTK1518A1LOOAA,X2126TO182IC0041,23,MANEJADORA 10 TONS,,Aire Acondicionado,376
2061,Preventivo,COSTA CHICA,HOSPITAL IMSS BIENESTAR AYUTLA,TRANE,4TTR4060L1000BA,21365FL35F,38,CONDENSADORA 10 TONS,,Aire Acondicionado,377
2062,Correctivo,COSTA CHICA,HOSPITAL IMSS BIENESTAR AYUTLA,TRANE,4TTR4060L1000BA,21365FL35F,38,CONDENSADORA 10 TONS,,Aire Acondicionado,378
2063,Preventivo,COSTA CHICA,HOSPITAL IMSS BIENESTAR AYUTLA,TRANE,4TTR4060L1000BA,21244J8T4F,39,CONDENSADORA 10 TONS,,Aire Acondicionado,379
2064,Correctivo,COSTA CHICA,HOSPITAL IMSS BIENESTAR AYUTLA,TRANE,4TTR4060L1000BA,21244J8T4F,39,CONDENSADORA 10 TONS,,Aire Acondicionado,380
2065,Preventivo,COSTA CHICA,HOSPITAL IMSS BIENESTAR AYUTLA,TRANE,TEM4A0C60S51SBA,214531P73V,40,CONDENSADORA 10 TONS,,Aire Acondicionado,381
2066,Correctivo,COSTA CHICA,HOSPITAL IMSS BIENESTAR AYUTLA,TRANE,TEM4A0C60S51SBA,214531P73V,40,CONDENSADORA 10 TONS,,Aire Acondicionado,382
2067,Preventivo,COSTA CHICA,HOSPITAL IMSS BIENESTAR AYUTLA,TRANE,TEM4A0C60S51SBA,2145350Y3V,41,CONDENSADORA 10 TONS,,Aire Acondicionado,383
2068,Correctivo,COSTA CHICA,HOSPITAL IMSS BIENESTAR AYUTLA,TRANE,TEM4A0C60S51SBA,2145350Y3V,41,CONDENSADORA 10 TONS,,Aire Acondicionado,384
2069,Preventivo,COSTA CHICA,HOSPITAL IMSS BIENESTAR AYUTLA,TRANE,EAC300A3E0A,NO VISIBLE,43,UNIDADES PAQUETE 25 TONS,PAQUETE,Aire Acondicionado,385
2070,Correctivo,COSTA CHICA,HOSPITAL IMSS BIENESTAR AYUTLA,TRANE,EAC300A3E0A,NO VISIBLE,43,UNIDADES PAQUETE 25 TONS,PAQUETE,Aire Acondicionado,386
2071,Preventivo,COSTA CHICA,HOSPITAL IMSS BIENESTAR AYUTLA,TRANE,21091822JA,NO VISIBLE,44,UNIDADES PAQUETE 25 TONS,PAQUETE,Aire Acondicionado,387
2072,Correctivo,COSTA CHICA,HOSPITAL IMSS BIENESTAR AYUTLA,TRANE,21091822JA,NO VISIBLE,44,UNIDADES PAQUETE 25 TONS,PAQUETE,Aire Acondicionado,388
2073,Preventivo,COSTA CHICA,HOSPITAL IMSS BIENESTAR AYUTLA,TRANE,21203323JA,NO VISIBLE,45,UNIDADES PAQUETE 25 TONS,PAQUETE,Aire Acondicionado,389
2074,Correctivo,COSTA CHICA,HOSPITAL IMSS BIENESTAR AYUTLA,TRANE,21203323JA,NO VISIBLE,45,UNIDADES PAQUETE 25 TONS,PAQUETE,Aire Acondicionado,390
3819,Preventivo,COSTA CHICA,HOSPITAL GENERAL OMETEPEC,CARRIER,50ZPCC60,2719C96356,1,UMA 12 T,UMA,Aire Acondicionado,391
3820,Correctivo,COSTA CHICA,HOSPITAL GENERAL OMETEPEC,CARRIER,50ZPCC60,2719C96356,1,UMA 12 T,UMA,Aire Acondicionado,392
3821,Preventivo,COSTA CHICA,HOSPITAL GENERAL OMETEPEC,YORK,H1CE150A25C,MF9941218,2,UMA 12 T,UMA,Aire Acondicionado,393
3822,Correctivo,COSTA CHICA,HOSPITAL GENERAL OMETEPEC,YORK,H1CE150A25C,MF9941218,2,UMA 12 T,UMA,Aire Acondicionado,394
3823,Preventivo,COSTA CHICA,HOSPITAL GENERAL OMETEPEC,YORK,0M90C00A2AAA4A,NG07078458,3,UNIDAD PQ 7.5,,Aire Acondicionado,395
3824,Correctivo,COSTA CHICA,HOSPITAL GENERAL OMETEPEC,YORK,0M90C00A2AAA4A,NG07078458,3,UNIDAD PQ 7.5,,Aire Acondicionado,396
3825,Preventivo,COSTA CHICA,HOSPITAL GENERAL OMETEPEC,YORK,H5CE180A25A,N0F9941999,4,UMA 15 T,UMA,Aire Acondicionado,397
3826,Correctivo,COSTA CHICA,HOSPITAL GENERAL OMETEPEC,YORK,H5CE180A25A,N0F9941999,4,UMA 15 T,UMA,Aire Acondicionado,398
3827,Preventivo,COSTA CHICA,HOSPITAL GENERAL OMETEPEC,CARRIER,38AVZA12A0A5A0A0A,0214C94351,5,UMA 10 T,UMA,Aire Acondicionado,399
3828,Correctivo,COSTA CHICA,HOSPITAL GENERAL OMETEPEC,CARRIER,38AVZA12A0A5A0A0A,0214C94351,5,UMA 10 T,UMA,Aire Acondicionado,400
3829,Preventivo,COSTA CHICA,HOSPITAL GENERAL OMETEPEC,DUVENTUS,IVR9M181F001,231166897,6,MINISPLIT 1.5 T,MINISPLIT,Aire Acondicionado,401
3830,Correctivo,COSTA CHICA,HOSPITAL GENERAL OMETEPEC,DUVENTUS,IVR9M181F001,231166897,6,MINISPLIT 1.5 T,MINISPLIT,Aire Acondicionado,402
3831,Preventivo,COSTA CHICA,HOSPITAL GENERAL OMETEPEC,MIRAGE,CLF121D,7072210400,7,MINISPLIT 1.5 T,MINISPLIT,Aire Acondicionado,403
3832,Correctivo,COSTA CHICA,HOSPITAL GENERAL OMETEPEC,MIRAGE,CLF121D,7072210400,7,MINISPLIT 1.5 T,MINISPLIT,Aire Acondicionado,404
3833,Preventivo,COSTA CHICA,HOSPITAL GENERAL OMETEPEC,YORK,H5CE180A25A,N0F9917496,8,UMA DE 15,UMA,Aire Acondicionado,405
3834,Correctivo,COSTA CHICA,HOSPITAL GENERAL OMETEPEC,YORK,H5CE180A25A,N0F9917496,8,UMA DE 15,UMA,Aire Acondicionado,406
3835,Preventivo,COSTA CHICA,HOSPITAL GENERAL OMETEPEC,YORK,4C240600A2AAAA2A,N1F4797560,9,UMA 20 T,UMA,Aire Acondicionado,407
3836,Correctivo,COSTA CHICA,HOSPITAL GENERAL OMETEPEC,YORK,4C240600A2AAAA2A,N1F4797560,9,UMA 20 T,UMA,Aire Acondicionado,408
3837,Preventivo,COSTA CHICA,HOSPITAL GENERAL OMETEPEC,CARRIER,38AVZA12A0A5A0A0A1,2913C91462,10,UMA 12.5,UMA,Aire Acondicionado,409
3838,Correctivo,COSTA CHICA,HOSPITAL GENERAL OMETEPEC,CARRIER,38AVZA12A0A5A0A0A1,2913C91462,10,UMA 12.5,UMA,Aire Acondicionado,410
3839,Preventivo,COSTA CHICA,HOSPITAL GENERAL OMETEPEC,DUVENTUS,IVR9M181F001,IVR9M181F001180360,11,MINISPLIT 1.5 T,MINISPLIT,Aire Acondicionado,411
3840,Correctivo,COSTA CHICA,HOSPITAL GENERAL OMETEPEC,DUVENTUS,IVR9M181F001,IVR9M181F001180360,11,MINISPLIT 1.5 T,MINISPLIT,Aire Acondicionado,412
3841,Preventivo,COSTA CHICA,HOSPITAL GENERAL OMETEPEC,FREYVEN GREEN,38NFVC183AC,3E50180000780,12,MINISPLIT 1.5 T,MINISPLIT,Aire Acondicionado,413
3842,Correctivo,COSTA CHICA,HOSPITAL GENERAL OMETEPEC,FREYVEN GREEN,38NFVC183AC,3E50180000780,12,MINISPLIT 1.5 T,MINISPLIT,Aire Acondicionado,414
3843,Preventivo,COSTA CHICA,HOSPITAL GENERAL OMETEPEC,YORK,M090C00A2AAA4A,NOG7051654,13,UMA 7,UMA,Aire Acondicionado,415
3844,Correctivo,COSTA CHICA,HOSPITAL GENERAL OMETEPEC,YORK,M090C00A2AAA4A,NOG7051654,13,UMA 7,UMA,Aire Acondicionado,416
3845,Preventivo,COSTA CHICA,HOSPITAL GENERAL OMETEPEC,CARRIER,38AVZA12A0A5A0A0A0,4619C90957,14,UMA 10T,UMA,Aire Acondicionado,417
3846,Correctivo,COSTA CHICA,HOSPITAL GENERAL OMETEPEC,CARRIER,38AVZA12A0A5A0A0A0,4619C90957,14,UMA 10T,UMA,Aire Acondicionado,418
3847,Preventivo,COSTA CHICA,HOSPITAL GENERAL OMETEPEC,LG,SJ242CD,002 42,15,MINISPLIT 1.5 T,MINISPLIT,Aire Acondicionado,419
3848,Correctivo,COSTA CHICA,HOSPITAL GENERAL OMETEPEC,LG,SJ242CD,002 42,15,MINISPLIT 1.5 T,MINISPLIT,Aire Acondicionado,420
3849,Preventivo,COSTA CHICA,HOSPITAL GENERAL OMETEPEC,MIRAGE,ECPF181X,7072100006,16,MINISPLIT 1.5 T,MINISPLIT,Aire Acondicionado,421
3850,Correctivo,COSTA CHICA,HOSPITAL GENERAL OMETEPEC,MIRAGE,ECPF181X,7072100006,16,MINISPLIT 1.5 T,MINISPLIT,Aire Acondicionado,422
3851,Preventivo,COSTA CHICA,HOSPITAL GENERAL OMETEPEC,MIRAGE,CXF181F,705180324,17,MINISPLIT 1.5 T,MINISPLIT,Aire Acondicionado,423
3852,Correctivo,COSTA CHICA,HOSPITAL GENERAL OMETEPEC,MIRAGE,CXF181F,705180324,17,MINISPLIT 1.5 T,MINISPLIT,Aire Acondicionado,424
3853,Preventivo,COSTA CHICA,HOSPITAL GENERAL OMETEPEC,TRANE,TTA18043BABO1AEO,24241310TA,18,UMA 15 T,UMA,Aire Acondicionado,425
3854,Correctivo,COSTA CHICA,HOSPITAL GENERAL OMETEPEC,TRANE,TTA18043BABO1AEO,24241310TA,18,UMA 15 T,UMA,Aire Acondicionado,426
3855,Preventivo,COSTA CHICA,HOSPITAL GENERAL OMETEPEC,YORK,HA300C00ACAAA2B,N0A9540460,19,UMA 24 T,UMA,Aire Acondicionado,427
3856,Correctivo,COSTA CHICA,HOSPITAL GENERAL OMETEPEC,YORK,HA300C00ACAAA2B,N0A9540460,19,UMA 24 T,UMA,Aire Acondicionado,428
3857,Preventivo,COSTA CHICA,HOSPITAL GENERAL OMETEPEC,MIRAGE,CHF2615,9072300226,20,MINISPLIT 2.5 TON,MINISPLIT,Aire Acondicionado,429
3858,Correctivo,COSTA CHICA,HOSPITAL GENERAL OMETEPEC,MIRAGE,CHF2615,9072300226,20,MINISPLIT 2.5 TON,MINISPLIT,Aire Acondicionado,430
3859,Preventivo,COSTA CHICA,HOSPITAL GENERAL OMETEPEC,MIRAGE,ECPF181X,S/SERIE,21,MINISPLIT 1.5 T,MINISPLIT,Aire Acondicionado,431
3860,Correctivo,COSTA CHICA,HOSPITAL GENERAL OMETEPEC,MIRAGE,ECPF181X,S/SERIE,21,MINISPLIT 1.5 T,MINISPLIT,Aire Acondicionado,432
3861,Preventivo,COSTA CHICA,HOSPITAL GENERAL OMETEPEC,MIRAGE,6XF121F,7071919063,22,MINISPLIT 2.5 TON,MINISPLIT,Aire Acondicionado,433
3862,Correctivo,COSTA CHICA,HOSPITAL GENERAL OMETEPEC,MIRAGE,6XF121F,7071919063,22,MINISPLIT 2.5 TON,MINISPLIT,Aire Acondicionado,434
3863,Preventivo,COSTA CHICA,HOSPITAL GENERAL OMETEPEC,MIRAGE,CDF241T,7514607160,23,MINISPLIT 2.5 TON,MINISPLIT,Aire Acondicionado,435
3864,Correctivo,COSTA CHICA,HOSPITAL GENERAL OMETEPEC,MIRAGE,CDF241T,7514607160,23,MINISPLIT 2.5 TON,MINISPLIT,Aire Acondicionado,436
3865,Preventivo,COSTA CHICA,HOSPITAL GENERAL OMETEPEC,MIRAGE,EXF121F,7121609336,24,MINISPLIT 1 TON,MINISPLIT,Aire Acondicionado,437
3866,Correctivo,COSTA CHICA,HOSPITAL GENERAL OMETEPEC,MIRAGE,EXF121F,7121609336,24,MINISPLIT 1 TON,MINISPLIT,Aire Acondicionado,438
3867,Preventivo,COSTA CHICA,HOSPITAL GENERAL OMETEPEC,TRANE,4TTK1512A1L00AN,X2033T01221C0192,25,MINISPLIT 2 T,MINISPLIT,Aire Acondicionado,439
3868,Correctivo,COSTA CHICA,HOSPITAL GENERAL OMETEPEC,TRANE,4TTK1512A1L00AN,X2033T01221C0192,25,MINISPLIT 2 T,MINISPLIT,Aire Acondicionado,440
3869,Preventivo,COSTA CHICA,HOSPITAL GENERAL OMETEPEC,TRANE,4TTK1512A1L00AN,X2027T01220C0104,26,MINISPLIT 1.5 T,MINISPLIT,Aire Acondicionado,441
3870,Correctivo,COSTA CHICA,HOSPITAL GENERAL OMETEPEC,TRANE,4TTK1512A1L00AN,X2027T01220C0104,26,MINISPLIT 1.5 T,MINISPLIT,Aire Acondicionado,442
3871,Preventivo,COSTA CHICA,HOSPITAL GENERAL OMETEPEC,TRANE,4TTK1512A1L00AN,X2033T0122160162,27,MINISPLIT 1T,MINISPLIT,Aire Acondicionado,443
3872,Correctivo,COSTA CHICA,HOSPITAL GENERAL OMETEPEC,TRANE,4TTK1512A1L00AN,X2033T0122160162,27,MINISPLIT 1T,MINISPLIT,Aire Acondicionado,444
3873,Preventivo,COSTA CHICA,HOSPITAL GENERAL OMETEPEC,TRANE,4TTK1512A1L00AN,190877239724XCP0194,28,MINISPLIT 1 T,MINISPLIT,Aire Acondicionado,445
3874,Correctivo,COSTA CHICA,HOSPITAL GENERAL OMETEPEC,TRANE,4TTK1512A1L00AN,190877239724XCP0194,28,MINISPLIT 1 T,MINISPLIT,Aire Acondicionado,446
3875,Preventivo,COSTA CHICA,HOSPITAL GENERAL OMETEPEC,YORK,18XMAXARX,S/SERIE,29,MINISPLIT 1.5 T,MINISPLIT,Aire Acondicionado,447
3876,Correctivo,COSTA CHICA,HOSPITAL GENERAL OMETEPEC,YORK,18XMAXARX,S/SERIE,29,MINISPLIT 1.5 T,MINISPLIT,Aire Acondicionado,448
3877,Preventivo,COSTA CHICA,HOSPITAL GENERAL OMETEPEC,YORK,H5CE180A25A,N0F9917490,30,UMA 15 T,UMA,Aire Acondicionado,449
3878,Correctivo,COSTA CHICA,HOSPITAL GENERAL OMETEPEC,YORK,H5CE180A25A,N0F9917490,30,UMA 15 T,UMA,Aire Acondicionado,450
3879,Preventivo,COSTA CHICA,HOSPITAL GENERAL OMETEPEC,YORK,HB480C00A2AAA2B,NOF9932593,32,MINISPLIT 1.5 T,MINISPLIT,Aire Acondicionado,451
3880,Correctivo,COSTA CHICA,HOSPITAL GENERAL OMETEPEC,YORK,HB480C00A2AAA2B,NOF9932593,32,MINISPLIT 1.5 T,MINISPLIT,Aire Acondicionado,452
3881,Preventivo,COSTA CHICA,HOSPITAL GENERAL OMETEPEC,YORK,18XMAXARX,S/SERIE,33,MINISPLIT 1.5 T,MINISPLIT,Aire Acondicionado,453
3882,Correctivo,COSTA CHICA,HOSPITAL GENERAL OMETEPEC,YORK,18XMAXARX,S/SERIE,33,MINISPLIT 1.5 T,MINISPLIT,Aire Acondicionado,454
3883,Preventivo,COSTA CHICA,HOSPITAL GENERAL OMETEPEC,YORK,H5CF180125A,NOE7773934,34,UMA 15 T,UMA,Aire Acondicionado,455
3884,Correctivo,COSTA CHICA,HOSPITAL GENERAL OMETEPEC,YORK,H5CF180125A,NOE7773934,34,UMA 15 T,UMA,Aire Acondicionado,456
3885,Preventivo,COSTA CHICA,HOSPITAL GENERAL OMETEPEC,YORK,N/A,N/A,35,MINISPLIT 1.5 TON,MINISPLIT,Aire Acondicionado,457
3886,Correctivo,COSTA CHICA,HOSPITAL GENERAL OMETEPEC,YORK,N/A,N/A,35,MINISPLIT 1.5 TON,MINISPLIT,Aire Acondicionado,458
3887,Preventivo,COSTA CHICA,HOSPITAL GENERAL OMETEPEC,YORK,N/A,N/A,36,MINISPLIT 1.5 TON,MINISPLIT,Aire Acondicionado,459
3888,Correctivo,COSTA CHICA,HOSPITAL GENERAL OMETEPEC,YORK,N/A,N/A,36,MINISPLIT 1.5 TON,MINISPLIT,Aire Acondicionado,460
3889,Preventivo,COSTA CHICA,HOSPITAL GENERAL OMETEPEC,YORK,N/A,N/A,37,MINISPLIT 1.5 TON,MINISPLIT,Aire Acondicionado,461
3890,Correctivo,COSTA CHICA,HOSPITAL GENERAL OMETEPEC,YORK,N/A,N/A,37,MINISPLIT 1.5 TON,MINISPLIT,Aire Acondicionado,462
3891,Preventivo,COSTA CHICA,HOSPITAL GENERAL OMETEPEC,YORK,H5CF180125A,N/A,38,MINISPLIT 1.5 TON,MINISPLIT,Aire Acondicionado,463
3892,Correctivo,COSTA CHICA,HOSPITAL GENERAL OMETEPEC,YORK,H5CF180125A,N/A,38,MINISPLIT 1.5 TON,MINISPLIT,Aire Acondicionado,464
3893,Preventivo,COSTA CHICA,HOSPITAL GENERAL OMETEPEC,YORK,H5CF180125A,NOE7773934,38,POR CONDUCTO,,Aire Acondicionado,465
3894,Correctivo,COSTA CHICA,HOSPITAL GENERAL OMETEPEC,YORK,H5CF180125A,NOE7773934,38,POR CONDUCTO,,Aire Acondicionado,466
3895,Preventivo,COSTA CHICA,HOSPITAL GENERAL OMETEPEC,CARRIER,50ZPCC60,2719C96356,39,MINISPLIT 1.5 TON,MINISPLIT,Aire Acondicionado,467
3896,Correctivo,COSTA CHICA,HOSPITAL GENERAL OMETEPEC,CARRIER,50ZPCC60,2719C96356,39,MINISPLIT 1.5 TON,MINISPLIT,Aire Acondicionado,468
4871,Preventivo,COSTA CHICA,OMETEPEC,BORRADA,AIRE ACONDICIONADO,MIRAGE IMVERTER,EMF121J7052407036,MINISPLIT 3.0 TON,MINISPLIT,Aire Acondicionado,469
4872,Correctivo,COSTA CHICA,OMETEPEC,BORRADA,AIRE ACONDICIONADO,MIRAGE IMVERTER,EMF121J7052407036,MINISPLIT 3.0 TON,MINISPLIT,Aire Acondicionado,470
4873,Preventivo,COSTA CHICA,OMETEPEC,BORRADA,AIRE ACONDICIONADO,MIRAGE IMVERTER,EXF121F7041806369,MINISPLIT 3.0 TON,MINISPLIT,Aire Acondicionado,471
4874,Correctivo,COSTA CHICA,OMETEPEC,BORRADA,AIRE ACONDICIONADO,MIRAGE IMVERTER,EXF121F7041806369,MINISPLIT 3.0 TON,MINISPLIT,Aire Acondicionado,472
4875,Preventivo,COSTA CHICA,OMETEPEC,BORRADA,AIRE ACONDICIONADO,MIRAGE IMVERTER,EMF121J7042411672,MINISPLIT 3.0 TON,MINISPLIT,Aire Acondicionado,473
4876,Correctivo,COSTA CHICA,OMETEPEC,BORRADA,AIRE ACONDICIONADO,MIRAGE IMVERTER,EMF121J7042411672,MINISPLIT 3.0 TON,MINISPLIT,Aire Acondicionado,474
4877,Preventivo,COSTA CHICA,OMETEPEC,BORRADA,AIRE ACONDICIONADO,MIRAGE IMVERTER,EMFJ21J7052407033,MINISPLIT 3.0 TON,MINISPLIT,Aire Acondicionado,475
4878,Correctivo,COSTA CHICA,OMETEPEC,BORRADA,AIRE ACONDICIONADO,MIRAGE IMVERTER,EMFJ21J7052407033,MINISPLIT 3.0 TON,MINISPLIT,Aire Acondicionado,476
4879,Preventivo,COSTA CHICA,OMETEPEC,BORRADA,AIRE ACONDICIONADO,MIRAGE IMVERTER,EMFJ21J7042413778,MINISPLIT 3.0 TON,MINISPLIT,Aire Acondicionado,477
4880,Correctivo,COSTA CHICA,OMETEPEC,BORRADA,AIRE ACONDICIONADO,MIRAGE IMVERTER,EMFJ21J7042413778,MINISPLIT 3.0 TON,MINISPLIT,Aire Acondicionado,478
4881,Preventivo,COSTA CHICA,OMETEPEC,BORRADA,AIRE ACONDICIONADO,MIRAGE IMVERTER,EMFJ21J7062400253,MINISPLIT 3.0 TON,MINISPLIT,Aire Acondicionado,479
4882,Correctivo,COSTA CHICA,OMETEPEC,BORRADA,AIRE ACONDICIONADO,MIRAGE IMVERTER,EMFJ21J7062400253,MINISPLIT 3.0 TON,MINISPLIT,Aire Acondicionado,480
4883,Preventivo,COSTA CHICA,OMETEPEC,BORRADA,AIRE ACONDICIONADO,MIRAGE IMVERTER,EMFJ21J7052406253,MINISPLIT 3.0 TON,MINISPLIT,Aire Acondicionado,481
4884,Correctivo,COSTA CHICA,OMETEPEC,BORRADA,AIRE ACONDICIONADO,MIRAGE IMVERTER,EMFJ21J7052406253,MINISPLIT 3.0 TON,MINISPLIT,Aire Acondicionado,482
4885,Preventivo,COSTA CHICA,OMETEPEC,BORRADA,AIRE ACONDICIONADO,MIRAGE IMVERTER,EMFJ21J7062400199,MINISPLIT 3.0 TON,MINISPLIT,Aire Acondicionado,483
4886,Correctivo,COSTA CHICA,OMETEPEC,BORRADA,AIRE ACONDICIONADO,MIRAGE IMVERTER,EMFJ21J7062400199,MINISPLIT 3.0 TON,MINISPLIT,Aire Acondicionado,484
4887,Preventivo,COSTA CHICA,OMETEPEC,BORRADA,AIRE ACONDICIONADO,MIRAGE IMVERTER,EMFJ21J7042411649,MINISPLIT 3.0 TON,MINISPLIT,Aire Acondicionado,485
4888,Correctivo,COSTA CHICA,OMETEPEC,BORRADA,AIRE ACONDICIONADO,MIRAGE IMVERTER,EMFJ21J7042411649,MINISPLIT 3.0 TON,MINISPLIT,Aire Acondicionado,486
4889,Preventivo,COSTA CHICA,OMETEPEC,BORRADA,AIRE ACONDICIONADO,MIRAGE IMVERTER,EMFJ21J7042411642,MINISPLIT 3.0 TON,MINISPLIT,Aire Acondicionado,487
4890,Correctivo,COSTA CHICA,OMETEPEC,BORRADA,AIRE ACONDICIONADO,MIRAGE IMVERTER,EMFJ21J7042411642,MINISPLIT 3.0 TON,MINISPLIT,Aire Acondicionado,488
4891,Preventivo,COSTA CHICA,OMETEPEC,BORRADA,AIRE ACONDICIONADO,MIRAGE IMVERTER,EMFJ21J7052407074,MINISPLIT 3.0 TON,MINISPLIT,Aire Acondicionado,489
4892,Correctivo,COSTA CHICA,OMETEPEC,BORRADA,AIRE ACONDICIONADO,MIRAGE IMVERTER,EMFJ21J7052407074,MINISPLIT 3.0 TON,MINISPLIT,Aire Acondicionado,490
4893,Preventivo,COSTA CHICA,OMETEPEC,BORRADA,AIRE ACONDICIONADO,MIRAGE IMVERTER,EMFJ21J7052407061,MINISPLIT 3.0 TON,MINISPLIT,Aire Acondicionado,491
4894,Correctivo,COSTA CHICA,OMETEPEC,BORRADA,AIRE ACONDICIONADO,MIRAGE IMVERTER,EMFJ21J7052407061,MINISPLIT 3.0 TON,MINISPLIT,Aire Acondicionado,492
4895,Preventivo,COSTA CHICA,OMETEPEC,BORRADA,AIRE ACONDICIONADO,MIRAGE IMVERTER,EMFJ21J7052407035,MINISPLIT 3.0 TON,MINISPLIT,Aire Acondicionado,493
4896,Correctivo,COSTA CHICA,OMETEPEC,BORRADA,AIRE ACONDICIONADO,MIRAGE IMVERTER,EMFJ21J7052407035,MINISPLIT 3.0 TON,MINISPLIT,Aire Acondicionado,494
4897,Preventivo,COSTA CHICA,OMETEPEC,BORRADA,AIRE ACONDICIONADO,MIRAGE IMVERTER,EMFJ21J7052406508,MINISPLIT 3.0 TON,MINISPLIT,Aire Acondicionado,495
4898,Correctivo,COSTA CHICA,OMETEPEC,BORRADA,AIRE ACONDICIONADO,MIRAGE IMVERTER,EMFJ21J7052406508,MINISPLIT 3.0 TON,MINISPLIT,Aire Acondicionado,496
4899,Preventivo,COSTA CHICA,OMETEPEC,BORRADA,AIRE ACONDICIONADO,MIRAGE IMVERTER,EMFJ21J7052405713,MINISPLIT 3.0 TON,MINISPLIT,Aire Acondicionado,497
4900,Correctivo,COSTA CHICA,OMETEPEC,BORRADA,AIRE ACONDICIONADO,MIRAGE IMVERTER,EMFJ21J7052405713,MINISPLIT 3.0 TON,MINISPLIT,Aire Acondicionado,498
4901,Preventivo,COSTA CHICA,OMETEPEC,BORRADA,AIRE ACONDICIONADO,MIRAGE IMVERTER,EMFJ21J7052407027,MINISPLIT 3.0 TON,MINISPLIT,Aire Acondicionado,499
4902,Correctivo,COSTA CHICA,OMETEPEC,BORRADA,AIRE ACONDICIONADO,MIRAGE IMVERTER,EMFJ21J7052407027,MINISPLIT 3.0 TON,MINISPLIT,Aire Acondicionado,500
4903,Preventivo,COSTA CHICA,OMETEPEC,BORRADA,AIRE ACONDICIONADO,MIRAGE IMVERTER,EMF261J7052410105,MINISPLIT 3.0 TON,MINISPLIT,Aire Acondicionado,501
4904,Correctivo,COSTA CHICA,OMETEPEC,BORRADA,AIRE ACONDICIONADO,MIRAGE IMVERTER,EMF261J7052410105,MINISPLIT 3.0 TON,MINISPLIT,Aire Acondicionado,502
4905,Preventivo,COSTA CHICA,OMETEPEC,BORRADA,AIRE ACONDICIONADO,MIRAGE IMVERTER,EMFJ21J7042411370,MINISPLIT 3.0 TON,MINISPLIT,Aire Acondicionado,503
4906,Correctivo,COSTA CHICA,OMETEPEC,BORRADA,AIRE ACONDICIONADO,MIRAGE IMVERTER,EMFJ21J7042411370,MINISPLIT 3.0 TON,MINISPLIT,Aire Acondicionado,504
4907,Preventivo,COSTA CHICA,OMETEPEC,BORRADA,AIRE ACONDICIONADO,MIRAGE IMVERTER,EMF181J7052406942,MINISPLIT 3.0 TON,MINISPLIT,Aire Acondicionado,505
4908,Correctivo,COSTA CHICA,OMETEPEC,BORRADA,AIRE ACONDICIONADO,MIRAGE IMVERTER,EMF181J7052406942,MINISPLIT 3.0 TON,MINISPLIT,Aire Acondicionado,506
4909,Preventivo,COSTA CHICA,OMETEPEC,BORRADA,AIRE ACONDICIONADO,MIRAGE IMVERTER,EMF121J7052405745,MINISPLIT 3.0 TON,MINISPLIT,Aire Acondicionado,507
4910,Correctivo,COSTA CHICA,OMETEPEC,BORRADA,AIRE ACONDICIONADO,MIRAGE IMVERTER,EMF121J7052405745,MINISPLIT 3.0 TON,MINISPLIT,Aire Acondicionado,508
4911,Preventivo,COSTA CHICA,OMETEPEC,BORRADA,AIRE ACONDICIONADO,MIRAGE IMVERTER,EMF121J7052405742,MINISPLIT 3.0 TON,MINISPLIT,Aire Acondicionado,509
4912,Correctivo,COSTA CHICA,OMETEPEC,BORRADA,AIRE ACONDICIONADO,MIRAGE IMVERTER,EMF121J7052405742,MINISPLIT 3.0 TON,MINISPLIT,Aire Acondicionado,510
4913,Preventivo,COSTA CHICA,OMETEPEC,BORRADA,AIRE ACONDICIONADO,MIRAGE IMVERTER,ELF181T7012402675,MINISPLIT 3.0 TON,MINISPLIT,Aire Acondicionado,511
4914,Correctivo,COSTA CHICA,OMETEPEC,BORRADA,AIRE ACONDICIONADO,MIRAGE IMVERTER,ELF181T7012402675,MINISPLIT 3.0 TON,MINISPLIT,Aire Acondicionado,512
2823,Preventivo,COSTA CHICA,CENTRO COMUNITARIO DE SALUD MENTAL Y ADICCIONES OMETEPEC,MIRAGE,EHF120S,EHF120S9082304497,1,MINISPLIT 1.5 TON,MINISPLIT,Aire Acondicionado,513
2824,Correctivo,COSTA CHICA,CENTRO COMUNITARIO DE SALUD MENTAL Y ADICCIONES OMETEPEC,MIRAGE,EHF120S,EHF120S9082304497,1,MINISPLIT 1.5 TON,MINISPLIT,Aire Acondicionado,514
2825,Preventivo,COSTA CHICA,CENTRO COMUNITARIO DE SALUD MENTAL Y ADICCIONES OMETEPEC,MIRAGE,EHF120S,EHF120S9082304497,1,MINISPLIT 1.5 TON,MINISPLIT,Aire Acondicionado,515
2826,Correctivo,COSTA CHICA,CENTRO COMUNITARIO DE SALUD MENTAL Y ADICCIONES OMETEPEC,MIRAGE,EHF120S,EHF120S9082304497,1,MINISPLIT 1.5 TON,MINISPLIT,Aire Acondicionado,516
2827,Preventivo,COSTA CHICA,CENTRO COMUNITARIO DE SALUD MENTAL Y ADICCIONES OMETEPEC,MIRAGE,EHF120S,EHF120S9082304497,1,MINISPLIT 1.5 TON,MINISPLIT,Aire Acondicionado,517
2828,Correctivo,COSTA CHICA,CENTRO COMUNITARIO DE SALUD MENTAL Y ADICCIONES OMETEPEC,MIRAGE,EHF120S,EHF120S9082304497,1,MINISPLIT 1.5 TON,MINISPLIT,Aire Acondicionado,518
2829,Preventivo,COSTA CHICA,CENTRO COMUNITARIO DE SALUD MENTAL Y ADICCIONES OMETEPEC,MIRAGE,EHF120S,EHF120S9082304497,1,MINISPLIT 1.5 TON,MINISPLIT,Aire Acondicionado,519
2830,Correctivo,COSTA CHICA,CENTRO COMUNITARIO DE SALUD MENTAL Y ADICCIONES OMETEPEC,MIRAGE,EHF120S,EHF120S9082304497,1,MINISPLIT 1.5 TON,MINISPLIT,Aire Acondicionado,520
2831,Preventivo,COSTA CHICA,CENTRO COMUNITARIO DE SALUD MENTAL Y ADICCIONES OMETEPEC,MIRAGE,EHF120S,EHF120S9082304497,1,MINISPLIT 1.5 TON,MINISPLIT,Aire Acondicionado,521
2832,Correctivo,COSTA CHICA,CENTRO COMUNITARIO DE SALUD MENTAL Y ADICCIONES OMETEPEC,MIRAGE,EHF120S,EHF120S9082304497,1,MINISPLIT 1.5 TON,MINISPLIT,Aire Acondicionado,522
2833,Preventivo,COSTA CHICA,CENTRO COMUNITARIO DE SALUD MENTAL Y ADICCIONES OMETEPEC,MIRAGE,EHF120S,EHF120S9082304497,1,MINISPLIT 1.5 TON,MINISPLIT,Aire Acondicionado,523
2834,Correctivo,COSTA CHICA,CENTRO COMUNITARIO DE SALUD MENTAL Y ADICCIONES OMETEPEC,MIRAGE,EHF120S,EHF120S9082304497,1,MINISPLIT 1.5 TON,MINISPLIT,Aire Acondicionado,524
2835,Preventivo,COSTA CHICA,CENTRO COMUNITARIO DE SALUD MENTAL Y ADICCIONES OMETEPEC,MIRAGE,EHF120S,EHF120S9082304497,1,MINISPLIT 1.5 TON,MINISPLIT,Aire Acondicionado,525
2836,Correctivo,COSTA CHICA,CENTRO COMUNITARIO DE SALUD MENTAL Y ADICCIONES OMETEPEC,MIRAGE,EHF120S,EHF120S9082304497,1,MINISPLIT 1.5 TON,MINISPLIT,Aire Acondicionado,526
2837,Preventivo,COSTA CHICA,CENTRO COMUNITARIO DE SALUD MENTAL Y ADICCIONES OMETEPEC,MIRAGE,EHF120S,EHF120S9082304497,1,MINISPLIT 1.5 TON,MINISPLIT,Aire Acondicionado,527
2838,Correctivo,COSTA CHICA,CENTRO COMUNITARIO DE SALUD MENTAL Y ADICCIONES OMETEPEC,MIRAGE,EHF120S,EHF120S9082304497,1,MINISPLIT 1.5 TON,MINISPLIT,Aire Acondicionado,528
2839,Preventivo,COSTA CHICA,CENTRO COMUNITARIO DE SALUD MENTAL Y ADICCIONES OMETEPEC,MIRAGE,EHF120S,NO VISIBLE,1,MINISPLIT 1.5 TON,MINISPLIT,Aire Acondicionado,529
2840,Correctivo,COSTA CHICA,CENTRO COMUNITARIO DE SALUD MENTAL Y ADICCIONES OMETEPEC,MIRAGE,EHF120S,NO VISIBLE,1,MINISPLIT 1.5 TON,MINISPLIT,Aire Acondicionado,530
2157,Preventivo,COSTA CHICA,HOSPITAL BÁSICO COMUNITARIO XOCHISTLÁHUACA,MIRAGE,CLF120T,CLF120T7012509620,1,MiniSplit 1.5 ton,MINISPLIT,Aire Acondicionado,531
2158,Correctivo,COSTA CHICA,HOSPITAL BÁSICO COMUNITARIO XOCHISTLÁHUACA,MIRAGE,CLF120T,CLF120T7012509620,1,MiniSplit 1.5 ton,MINISPLIT,Aire Acondicionado,532
2159,Preventivo,COSTA CHICA,HOSPITAL BÁSICO COMUNITARIO XOCHISTLÁHUACA,YORK,YH9FZC12BAH-AFX,ACDC2120101,2,UNIDAD PAQUETE 7.5 TON,PAQUETE,Aire Acondicionado,533
2160,Correctivo,COSTA CHICA,HOSPITAL BÁSICO COMUNITARIO XOCHISTLÁHUACA,YORK,YH9FZC12BAH-AFX,ACDC2120101,2,UNIDAD PAQUETE 7.5 TON,PAQUETE,Aire Acondicionado,534
2161,Preventivo,COSTA CHICA,HOSPITAL BÁSICO COMUNITARIO XOCHISTLÁHUACA,YORK,YORK INVERTE,S/SERIE,3,MiniSplit 2.5 ton,MINISPLIT,Aire Acondicionado,535
2162,Correctivo,COSTA CHICA,HOSPITAL BÁSICO COMUNITARIO XOCHISTLÁHUACA,YORK,YORK INVERTE,S/SERIE,3,MiniSplit 2.5 ton,MINISPLIT,Aire Acondicionado,536
2163,Preventivo,COSTA CHICA,HOSPITAL BÁSICO COMUNITARIO XOCHISTLÁHUACA,YORK,YHFE12XJMAXA-RX,S/SERIE,4,MINISPLIT 2.0 TON,MINISPLIT,Aire Acondicionado,537
2164,Correctivo,COSTA CHICA,HOSPITAL BÁSICO COMUNITARIO XOCHISTLÁHUACA,YORK,YHFE12XJMAXA-RX,S/SERIE,4,MINISPLIT 2.0 TON,MINISPLIT,Aire Acondicionado,538
2165,Preventivo,COSTA CHICA,HOSPITAL BÁSICO COMUNITARIO XOCHISTLÁHUACA,MIRAGE,ELF121T,ELF121T7112207670,5,MiniSplit 1.5 ton,MINISPLIT,Aire Acondicionado,539
2166,Correctivo,COSTA CHICA,HOSPITAL BÁSICO COMUNITARIO XOCHISTLÁHUACA,MIRAGE,ELF121T,ELF121T7112207670,5,MiniSplit 1.5 ton,MINISPLIT,Aire Acondicionado,540
2167,Preventivo,COSTA CHICA,HOSPITAL BÁSICO COMUNITARIO XOCHISTLÁHUACA,YORK,YHFE24XZTMDMHOX,S/SERIE,6,MINISPLIT 2.0 TON,MINISPLIT,Aire Acondicionado,541
2168,Correctivo,COSTA CHICA,HOSPITAL BÁSICO COMUNITARIO XOCHISTLÁHUACA,YORK,YHFE24XZTMDMHOX,S/SERIE,6,MINISPLIT 2.0 TON,MINISPLIT,Aire Acondicionado,542
2169,Preventivo,COSTA CHICA,HOSPITAL BÁSICO COMUNITARIO XOCHISTLÁHUACA,MIRAGE,CLF121T,1234578,7,MiniSplit 1.5 ton,MINISPLIT,Aire Acondicionado,543
2170,Correctivo,COSTA CHICA,HOSPITAL BÁSICO COMUNITARIO XOCHISTLÁHUACA,MIRAGE,CLF121T,1234578,7,MiniSplit 1.5 ton,MINISPLIT,Aire Acondicionado,544
2171,Preventivo,COSTA CHICA,HOSPITAL BÁSICO COMUNITARIO XOCHISTLÁHUACA,YORK,YHFE24XTMDMH-RX,4498164220300300,8,MiniSplit 2.5 ton,MINISPLIT,Aire Acondicionado,545
2172,Correctivo,COSTA CHICA,HOSPITAL BÁSICO COMUNITARIO XOCHISTLÁHUACA,YORK,YHFE24XTMDMH-RX,4498164220300300,8,MiniSplit 2.5 ton,MINISPLIT,Aire Acondicionado,546
2173,Preventivo,COSTA CHICA,HOSPITAL BÁSICO COMUNITARIO XOCHISTLÁHUACA,YORK,YHFE24XTMDMH-RX,44801416211201400,9,UMA 10 TON,UMA,Aire Acondicionado,547
2174,Correctivo,COSTA CHICA,HOSPITAL BÁSICO COMUNITARIO XOCHISTLÁHUACA,YORK,YHFE24XTMDMH-RX,44801416211201400,9,UMA 10 TON,UMA,Aire Acondicionado,548
2175,Preventivo,COSTA CHICA,HOSPITAL BÁSICO COMUNITARIO XOCHISTLÁHUACA,YORK,YH9FXC12BAH-FA,449801416211200000,10,MINISPLIT 2.0 TON,MINISPLIT,Aire Acondicionado,549
2176,Correctivo,COSTA CHICA,HOSPITAL BÁSICO COMUNITARIO XOCHISTLÁHUACA,YORK,YH9FXC12BAH-FA,449801416211200000,10,MINISPLIT 2.0 TON,MINISPLIT,Aire Acondicionado,550
2177,Preventivo,COSTA CHICA,HOSPITAL BÁSICO COMUNITARIO XOCHISTLÁHUACA,YORK,YHFE24XTMDH-RX,449801416211201000,11,MiniSplit 1.5 ton,MINISPLIT,Aire Acondicionado,551
2178,Correctivo,COSTA CHICA,HOSPITAL BÁSICO COMUNITARIO XOCHISTLÁHUACA,YORK,YHFE24XTMDH-RX,449801416211201000,11,MiniSplit 1.5 ton,MINISPLIT,Aire Acondicionado,552
2179,Preventivo,COSTA CHICA,HOSPITAL BÁSICO COMUNITARIO XOCHISTLÁHUACA,MIRAGE,CDF181T,EDF181T51404012,12,MiniSplit 1.5 ton,MINISPLIT,Aire Acondicionado,553
2180,Correctivo,COSTA CHICA,HOSPITAL BÁSICO COMUNITARIO XOCHISTLÁHUACA,MIRAGE,CDF181T,EDF181T51404012,12,MiniSplit 1.5 ton,MINISPLIT,Aire Acondicionado,554
2181,Preventivo,COSTA CHICA,HOSPITAL BÁSICO COMUNITARIO XOCHISTLÁHUACA,MIRAGE,EBF120B,S/SERIE,13,MiniSplit 1.5 ton,MINISPLIT,Aire Acondicionado,555
2182,Correctivo,COSTA CHICA,HOSPITAL BÁSICO COMUNITARIO XOCHISTLÁHUACA,MIRAGE,EBF120B,S/SERIE,13,MiniSplit 1.5 ton,MINISPLIT,Aire Acondicionado,556
2183,Preventivo,COSTA CHICA,HOSPITAL BÁSICO COMUNITARIO XOCHISTLÁHUACA,YORK,YH9FXC12BAH-FX,1.0000102818e+17,14,UMA 10 TON,UMA,Aire Acondicionado,557
2184,Correctivo,COSTA CHICA,HOSPITAL BÁSICO COMUNITARIO XOCHISTLÁHUACA,YORK,YH9FXC12BAH-FX,1.0000102818e+17,14,UMA 10 TON,UMA,Aire Acondicionado,558
2185,Preventivo,COSTA CHICA,HOSPITAL BÁSICO COMUNITARIO XOCHISTLÁHUACA,YORK,YHFE24XTMDMH-RX,S/SERIE,15,MiniSplit 2.5 ton,MINISPLIT,Aire Acondicionado,559
2186,Correctivo,COSTA CHICA,HOSPITAL BÁSICO COMUNITARIO XOCHISTLÁHUACA,YORK,YHFE24XTMDMH-RX,S/SERIE,15,MiniSplit 2.5 ton,MINISPLIT,Aire Acondicionado,560
2187,Preventivo,COSTA CHICA,HOSPITAL BÁSICO COMUNITARIO XOCHISTLÁHUACA,YORK,YH9FXC12BAH-FX,181104-00002162,16,MINISPLIT 2.0 TON,MINISPLIT,Aire Acondicionado,561
2188,Correctivo,COSTA CHICA,HOSPITAL BÁSICO COMUNITARIO XOCHISTLÁHUACA,YORK,YH9FXC12BAH-FX,181104-00002162,16,MINISPLIT 2.0 TON,MINISPLIT,Aire Acondicionado,562
2189,Preventivo,COSTA CHICA,HOSPITAL BÁSICO COMUNITARIO XOCHISTLÁHUACA,YORK JOHNSON,YHFE24XTMDMH-RX,4498011416211200000,17,MiniSplit 1.5 ton,MINISPLIT,Aire Acondicionado,563
2190,Correctivo,COSTA CHICA,HOSPITAL BÁSICO COMUNITARIO XOCHISTLÁHUACA,YORK JOHNSON,YHFE24XTMDMH-RX,4498011416211200000,17,MiniSplit 1.5 ton,MINISPLIT,Aire Acondicionado,564
2191,Preventivo,COSTA CHICA,HOSPITAL BÁSICO COMUNITARIO XOCHISTLÁHUACA,YORK,YH9FYC24BAH-FA,S/SERIE,18,MiniSplit 1.5 ton,MINISPLIT,Aire Acondicionado,565
2192,Correctivo,COSTA CHICA,HOSPITAL BÁSICO COMUNITARIO XOCHISTLÁHUACA,YORK,YH9FYC24BAH-FA,S/SERIE,18,MiniSplit 1.5 ton,MINISPLIT,Aire Acondicionado,566
2193,Preventivo,COSTA CHICA,HOSPITAL BÁSICO COMUNITARIO XOCHISTLÁHUACA,YORK,YHFE24YTMDMHO-X,S/SERIE,19,UNIDAD PAQUETE 5.5 TON,PAQUETE,Aire Acondicionado,567
2194,Correctivo,COSTA CHICA,HOSPITAL BÁSICO COMUNITARIO XOCHISTLÁHUACA,YORK,YHFE24YTMDMHO-X,S/SERIE,19,UNIDAD PAQUETE 5.5 TON,PAQUETE,Aire Acondicionado,568
2195,Preventivo,COSTA CHICA,HOSPITAL BÁSICO COMUNITARIO XOCHISTLÁHUACA,YORK,YHFE24XZTMDMHOX,S/SERIE,20,UNIDAD PAQUETE 5.5 TON,PAQUETE,Aire Acondicionado,569
2196,Correctivo,COSTA CHICA,HOSPITAL BÁSICO COMUNITARIO XOCHISTLÁHUACA,YORK,YHFE24XZTMDMHOX,S/SERIE,20,UNIDAD PAQUETE 5.5 TON,PAQUETE,Aire Acondicionado,570
2197,Preventivo,COSTA CHICA,HOSPITAL BÁSICO COMUNITARIO XOCHISTLÁHUACA,YORK,YH9FYC12BAH-FX,S/SERIE,21,MINISPLIT 1 TON,MINISPLIT,Aire Acondicionado,571
2198,Correctivo,COSTA CHICA,HOSPITAL BÁSICO COMUNITARIO XOCHISTLÁHUACA,YORK,YH9FYC12BAH-FX,S/SERIE,21,MINISPLIT 1 TON,MINISPLIT,Aire Acondicionado,572
2075,Preventivo,COSTA CHICA,HOSPITAL IMSS BIENESTAR SAN LUIS ACATLAN,YORK,YHFE12XJMAXA-RX,020201767211200221,1,MINISPLIT 2.0 TON,MINISPLIT,Aire Acondicionado,573
2076,Correctivo,COSTA CHICA,HOSPITAL IMSS BIENESTAR SAN LUIS ACATLAN,YORK,YHFE12XJMAXA-RX,020201767211200221,1,MINISPLIT 2.0 TON,MINISPLIT,Aire Acondicionado,574
2077,Preventivo,COSTA CHICA,HOSPITAL IMSS BIENESTAR SAN LUIS ACATLAN,YORK,YHFE12XJMAXA-RX,020201765211200215,2,MINISPLIT 2.0 TON,MINISPLIT,Aire Acondicionado,575
2078,Correctivo,COSTA CHICA,HOSPITAL IMSS BIENESTAR SAN LUIS ACATLAN,YORK,YHFE12XJMAXA-RX,020201765211200215,2,MINISPLIT 2.0 TON,MINISPLIT,Aire Acondicionado,576
2079,Preventivo,COSTA CHICA,HOSPITAL IMSS BIENESTAR SAN LUIS ACATLAN,YORK,YHFE12XJMAXA-RX,020201765211200296,3,MINISPLIT 2.0 TON,MINISPLIT,Aire Acondicionado,577
2080,Correctivo,COSTA CHICA,HOSPITAL IMSS BIENESTAR SAN LUIS ACATLAN,YORK,YHFE12XJMAXA-RX,020201765211200296,3,MINISPLIT 2.0 TON,MINISPLIT,Aire Acondicionado,578
2081,Preventivo,COSTA CHICA,HOSPITAL IMSS BIENESTAR SAN LUIS ACATLAN,YORK,YHFE12XJMAXA-RX,020201767211200479,4,MINISPLIT 2.0 TON,MINISPLIT,Aire Acondicionado,579
2082,Correctivo,COSTA CHICA,HOSPITAL IMSS BIENESTAR SAN LUIS ACATLAN,YORK,YHFE12XJMAXA-RX,020201767211200479,4,MINISPLIT 2.0 TON,MINISPLIT,Aire Acondicionado,580
2083,Preventivo,COSTA CHICA,HOSPITAL IMSS BIENESTAR SAN LUIS ACATLAN,YORK,YHFE12XJMAXA-RX,020201765211200240,5,MINISPLIT 2.0 TON,MINISPLIT,Aire Acondicionado,581
2084,Correctivo,COSTA CHICA,HOSPITAL IMSS BIENESTAR SAN LUIS ACATLAN,YORK,YHFE12XJMAXA-RX,020201765211200240,5,MINISPLIT 2.0 TON,MINISPLIT,Aire Acondicionado,582
2085,Preventivo,COSTA CHICA,HOSPITAL IMSS BIENESTAR SAN LUIS ACATLAN,YORK,YHFE12XJMAXA-RX,020201767211200364,6,MINISPLIT 2.0 TON,MINISPLIT,Aire Acondicionado,583
2086,Correctivo,COSTA CHICA,HOSPITAL IMSS BIENESTAR SAN LUIS ACATLAN,YORK,YHFE12XJMAXA-RX,020201767211200364,6,MINISPLIT 2.0 TON,MINISPLIT,Aire Acondicionado,584
2087,Preventivo,COSTA CHICA,HOSPITAL IMSS BIENESTAR SAN LUIS ACATLAN,YORK,YHFE12XJMAXA-RX,020201767211200032,7,MINISPLIT 2.0 TON,MINISPLIT,Aire Acondicionado,585
2088,Correctivo,COSTA CHICA,HOSPITAL IMSS BIENESTAR SAN LUIS ACATLAN,YORK,YHFE12XJMAXA-RX,020201767211200032,7,MINISPLIT 2.0 TON,MINISPLIT,Aire Acondicionado,586
2089,Preventivo,COSTA CHICA,HOSPITAL IMSS BIENESTAR SAN LUIS ACATLAN,YORK,YHFE12XJMAXA-RX,020201767211200025,8,MINISPLIT 2.0 TON,MINISPLIT,Aire Acondicionado,587
2090,Correctivo,COSTA CHICA,HOSPITAL IMSS BIENESTAR SAN LUIS ACATLAN,YORK,YHFE12XJMAXA-RX,020201767211200025,8,MINISPLIT 2.0 TON,MINISPLIT,Aire Acondicionado,588
2091,Preventivo,COSTA CHICA,HOSPITAL IMSS BIENESTAR SAN LUIS ACATLAN,YORK,YHFE12XJMAXA-RX,020201767211200356,9,MINISPLIT 2.0 TON,MINISPLIT,Aire Acondicionado,589
2092,Correctivo,COSTA CHICA,HOSPITAL IMSS BIENESTAR SAN LUIS ACATLAN,YORK,YHFE12XJMAXA-RX,020201767211200356,9,MINISPLIT 2.0 TON,MINISPLIT,Aire Acondicionado,590
2093,Preventivo,COSTA CHICA,HOSPITAL IMSS BIENESTAR SAN LUIS ACATLAN,YORK,YHFE12XJMAXA-RX,020201767211200361,10,MINISPLIT 2.0 TON,MINISPLIT,Aire Acondicionado,591
2094,Correctivo,COSTA CHICA,HOSPITAL IMSS BIENESTAR SAN LUIS ACATLAN,YORK,YHFE12XJMAXA-RX,020201767211200361,10,MINISPLIT 2.0 TON,MINISPLIT,Aire Acondicionado,592
2095,Preventivo,COSTA CHICA,HOSPITAL IMSS BIENESTAR SAN LUIS ACATLAN,MIRAGE,ELF261T-CLF261T,ELF26IT7012518491,11,MINISPLIT 3.0 TON,MINISPLIT,Aire Acondicionado,593
2096,Correctivo,COSTA CHICA,HOSPITAL IMSS BIENESTAR SAN LUIS ACATLAN,MIRAGE,ELF261T-CLF261T,ELF26IT7012518491,11,MINISPLIT 3.0 TON,MINISPLIT,Aire Acondicionado,594
2097,Preventivo,COSTA CHICA,HOSPITAL IMSS BIENESTAR SAN LUIS ACATLAN,YORK,YHFE24XTMDMH-RX,449801416211200897,12,MINISPLIT 3.0 TON,MINISPLIT,Aire Acondicionado,595
2098,Correctivo,COSTA CHICA,HOSPITAL IMSS BIENESTAR SAN LUIS ACATLAN,YORK,YHFE24XTMDMH-RX,449801416211200897,12,MINISPLIT 3.0 TON,MINISPLIT,Aire Acondicionado,596
2099,Preventivo,COSTA CHICA,HOSPITAL IMSS BIENESTAR SAN LUIS ACATLAN,YORK,YHFE12XJMAXA-RX,020201767211200268,13,MINISPLIT 3.0 TON,MINISPLIT,Aire Acondicionado,597
2100,Correctivo,COSTA CHICA,HOSPITAL IMSS BIENESTAR SAN LUIS ACATLAN,YORK,YHFE12XJMAXA-RX,020201767211200268,13,MINISPLIT 3.0 TON,MINISPLIT,Aire Acondicionado,598
2101,Preventivo,COSTA CHICA,HOSPITAL IMSS BIENESTAR SAN LUIS ACATLAN,YORK,YHFE24XTMDMH-RX,449801238211200970,14,MINISPLIT 3.0 TON,MINISPLIT,Aire Acondicionado,599
2102,Correctivo,COSTA CHICA,HOSPITAL IMSS BIENESTAR SAN LUIS ACATLAN,YORK,YHFE24XTMDMH-RX,449801238211200970,14,MINISPLIT 3.0 TON,MINISPLIT,Aire Acondicionado,600
2103,Preventivo,COSTA CHICA,HOSPITAL IMSS BIENESTAR SAN LUIS ACATLAN,YORK,YHFE12XJMAXA-RX,020201767211200016,15,MINISPLIT 2.0 TON,MINISPLIT,Aire Acondicionado,601
2104,Correctivo,COSTA CHICA,HOSPITAL IMSS BIENESTAR SAN LUIS ACATLAN,YORK,YHFE12XJMAXA-RX,020201767211200016,15,MINISPLIT 2.0 TON,MINISPLIT,Aire Acondicionado,602
2105,Preventivo,COSTA CHICA,HOSPITAL IMSS BIENESTAR SAN LUIS ACATLAN,MIRAGE,EHF120T,EHF120T03042501356,16,MINISPLIT 2.0 TON,MINISPLIT,Aire Acondicionado,603
2106,Correctivo,COSTA CHICA,HOSPITAL IMSS BIENESTAR SAN LUIS ACATLAN,MIRAGE,EHF120T,EHF120T03042501356,16,MINISPLIT 2.0 TON,MINISPLIT,Aire Acondicionado,604
2107,Preventivo,COSTA CHICA,HOSPITAL IMSS BIENESTAR SAN LUIS ACATLAN,YORK,YHFE12JMAXA-RX,0202010421100551,17,MINISPLIT 2.0 TON,MINISPLIT,Aire Acondicionado,605
2108,Correctivo,COSTA CHICA,HOSPITAL IMSS BIENESTAR SAN LUIS ACATLAN,YORK,YHFE12JMAXA-RX,0202010421100551,17,MINISPLIT 2.0 TON,MINISPLIT,Aire Acondicionado,606
2109,Preventivo,COSTA CHICA,HOSPITAL IMSS BIENESTAR SAN LUIS ACATLAN,YORK,YHFE24XTMDMH-RX,449801238211202027,18,MINISPLIT 3.0 TON,MINISPLIT,Aire Acondicionado,607
2110,Correctivo,COSTA CHICA,HOSPITAL IMSS BIENESTAR SAN LUIS ACATLAN,YORK,YHFE24XTMDMH-RX,449801238211202027,18,MINISPLIT 3.0 TON,MINISPLIT,Aire Acondicionado,608
2111,Preventivo,COSTA CHICA,HOSPITAL IMSS BIENESTAR SAN LUIS ACATLAN,YORK,YHFE24XTMDMH-RX,449801238211200805,19,MINISPLIT 2.0 TON,MINISPLIT,Aire Acondicionado,609
2112,Correctivo,COSTA CHICA,HOSPITAL IMSS BIENESTAR SAN LUIS ACATLAN,YORK,YHFE24XTMDMH-RX,449801238211200805,19,MINISPLIT 2.0 TON,MINISPLIT,Aire Acondicionado,610
2113,Preventivo,COSTA CHICA,HOSPITAL IMSS BIENESTAR SAN LUIS ACATLAN,YORK,YHFE12XJMAXA-RX,020201767211200882,20,MINISPLIT 2.0 TON,MINISPLIT,Aire Acondicionado,611
2114,Correctivo,COSTA CHICA,HOSPITAL IMSS BIENESTAR SAN LUIS ACATLAN,YORK,YHFE12XJMAXA-RX,020201767211200882,20,MINISPLIT 2.0 TON,MINISPLIT,Aire Acondicionado,612
2115,Preventivo,COSTA CHICA,HOSPITAL IMSS BIENESTAR SAN LUIS ACATLAN,YORK,YHFE12XJMAXA-RX,020201767211200394,21,MINISPLIT 2.0 TON,MINISPLIT,Aire Acondicionado,613
2116,Correctivo,COSTA CHICA,HOSPITAL IMSS BIENESTAR SAN LUIS ACATLAN,YORK,YHFE12XJMAXA-RX,020201767211200394,21,MINISPLIT 2.0 TON,MINISPLIT,Aire Acondicionado,614
2117,Preventivo,COSTA CHICA,HOSPITAL IMSS BIENESTAR SAN LUIS ACATLAN,YORK,YHFE12XJMAXA-RX,020201767211200492,22,MINISPLIT 2.0 TON,MINISPLIT,Aire Acondicionado,615
2118,Correctivo,COSTA CHICA,HOSPITAL IMSS BIENESTAR SAN LUIS ACATLAN,YORK,YHFE12XJMAXA-RX,020201767211200492,22,MINISPLIT 2.0 TON,MINISPLIT,Aire Acondicionado,616
2119,Preventivo,COSTA CHICA,HOSPITAL IMSS BIENESTAR SAN LUIS ACATLAN,YORK,YHFE24XTMDMH-RX,449801238211202042,23,MINISPLIT 3.0 TON,MINISPLIT,Aire Acondicionado,617
2120,Correctivo,COSTA CHICA,HOSPITAL IMSS BIENESTAR SAN LUIS ACATLAN,YORK,YHFE24XTMDMH-RX,449801238211202042,23,MINISPLIT 3.0 TON,MINISPLIT,Aire Acondicionado,618
2121,Preventivo,COSTA CHICA,HOSPITAL IMSS BIENESTAR SAN LUIS ACATLAN,YORK,YHFE12XJMAXA-RX,020201765211200216,24,MINISPLIT 2.0 TON,MINISPLIT,Aire Acondicionado,619
2122,Correctivo,COSTA CHICA,HOSPITAL IMSS BIENESTAR SAN LUIS ACATLAN,YORK,YHFE12XJMAXA-RX,020201765211200216,24,MINISPLIT 2.0 TON,MINISPLIT,Aire Acondicionado,620
2123,Preventivo,COSTA CHICA,HOSPITAL IMSS BIENESTAR SAN LUIS ACATLAN,YORK,YHFE12XJMAXA-RX,020201767211200469,25,MINISPLIT 2.0 TON,MINISPLIT,Aire Acondicionado,621
2124,Correctivo,COSTA CHICA,HOSPITAL IMSS BIENESTAR SAN LUIS ACATLAN,YORK,YHFE12XJMAXA-RX,020201767211200469,25,MINISPLIT 2.0 TON,MINISPLIT,Aire Acondicionado,622
2125,Preventivo,COSTA CHICA,HOSPITAL IMSS BIENESTAR SAN LUIS ACATLAN,YORK,YHFE12XJMAXA-RX,020201767211200452,26,MINISPLIT 2.0 TON,MINISPLIT,Aire Acondicionado,623
2126,Correctivo,COSTA CHICA,HOSPITAL IMSS BIENESTAR SAN LUIS ACATLAN,YORK,YHFE12XJMAXA-RX,020201767211200452,26,MINISPLIT 2.0 TON,MINISPLIT,Aire Acondicionado,624
2127,Preventivo,COSTA CHICA,HOSPITAL IMSS BIENESTAR SAN LUIS ACATLAN,YORK,YHFE12XJMAXA-RX,020201767211200010,27,MINISPLIT 2.0 TON,MINISPLIT,Aire Acondicionado,625
2128,Correctivo,COSTA CHICA,HOSPITAL IMSS BIENESTAR SAN LUIS ACATLAN,YORK,YHFE12XJMAXA-RX,020201767211200010,27,MINISPLIT 2.0 TON,MINISPLIT,Aire Acondicionado,626
2129,Preventivo,COSTA CHICA,HOSPITAL IMSS BIENESTAR SAN LUIS ACATLAN,YORK,YHFE12XJMAXA-RX,020201767211200906,28,MINISPLIT 2.0 TON,MINISPLIT,Aire Acondicionado,627
2130,Correctivo,COSTA CHICA,HOSPITAL IMSS BIENESTAR SAN LUIS ACATLAN,YORK,YHFE12XJMAXA-RX,020201767211200906,28,MINISPLIT 2.0 TON,MINISPLIT,Aire Acondicionado,628
2131,Preventivo,COSTA CHICA,HOSPITAL IMSS BIENESTAR SAN LUIS ACATLAN,YORK,YHFE24XJMAXA-RX,020201345200400427,29,MINISPLIT 3.0 TON,MINISPLIT,Aire Acondicionado,629
2132,Correctivo,COSTA CHICA,HOSPITAL IMSS BIENESTAR SAN LUIS ACATLAN,YORK,YHFE24XJMAXA-RX,020201345200400427,29,MINISPLIT 3.0 TON,MINISPLIT,Aire Acondicionado,630
2133,Preventivo,COSTA CHICA,HOSPITAL IMSS BIENESTAR SAN LUIS ACATLAN,MIRAGE,EHF120T,EHF120T03042520688,30,MINISPLIT 2.0 TON,MINISPLIT,Aire Acondicionado,631
2134,Correctivo,COSTA CHICA,HOSPITAL IMSS BIENESTAR SAN LUIS ACATLAN,MIRAGE,EHF120T,EHF120T03042520688,30,MINISPLIT 2.0 TON,MINISPLIT,Aire Acondicionado,632
2135,Preventivo,COSTA CHICA,HOSPITAL IMSS BIENESTAR SAN LUIS ACATLAN,MIRAGE,EHF120T,EHF120T03042514935,31,MINISPLIT 2.0 TON,MINISPLIT,Aire Acondicionado,633
2136,Correctivo,COSTA CHICA,HOSPITAL IMSS BIENESTAR SAN LUIS ACATLAN,MIRAGE,EHF120T,EHF120T03042514935,31,MINISPLIT 2.0 TON,MINISPLIT,Aire Acondicionado,634
2137,Preventivo,COSTA CHICA,HOSPITAL IMSS BIENESTAR SAN LUIS ACATLAN,YORK,YHFE24XJMAXA-RX,020601345200400332,32,MINISPLIT 3.0 TON,MINISPLIT,Aire Acondicionado,635
2138,Correctivo,COSTA CHICA,HOSPITAL IMSS BIENESTAR SAN LUIS ACATLAN,YORK,YHFE24XJMAXA-RX,020601345200400332,32,MINISPLIT 3.0 TON,MINISPLIT,Aire Acondicionado,636
2139,Preventivo,COSTA CHICA,HOSPITAL IMSS BIENESTAR SAN LUIS ACATLAN,YORK,EHF120T,EHF120T03042510032,33,MINISPLIT 2.0 TON,MINISPLIT,Aire Acondicionado,637
2140,Correctivo,COSTA CHICA,HOSPITAL IMSS BIENESTAR SAN LUIS ACATLAN,YORK,EHF120T,EHF120T03042510032,33,MINISPLIT 2.0 TON,MINISPLIT,Aire Acondicionado,638
2141,Preventivo,COSTA CHICA,HOSPITAL IMSS BIENESTAR SAN LUIS ACATLAN,YORK,YHFE12XJMAXA-RX,02020176521120065,34,MINISPLIT 2.0 TON,MINISPLIT,Aire Acondicionado,639
2142,Correctivo,COSTA CHICA,HOSPITAL IMSS BIENESTAR SAN LUIS ACATLAN,YORK,YHFE12XJMAXA-RX,02020176521120065,34,MINISPLIT 2.0 TON,MINISPLIT,Aire Acondicionado,640
2143,Preventivo,COSTA CHICA,HOSPITAL IMSS BIENESTAR SAN LUIS ACATLAN,YORK,YHFE12XJMAXA-RX,020201765211200205,35,MINISPLIT 2.0 TON,MINISPLIT,Aire Acondicionado,641
2144,Correctivo,COSTA CHICA,HOSPITAL IMSS BIENESTAR SAN LUIS ACATLAN,YORK,YHFE12XJMAXA-RX,020201765211200205,35,MINISPLIT 2.0 TON,MINISPLIT,Aire Acondicionado,642
2145,Preventivo,COSTA CHICA,HOSPITAL IMSS BIENESTAR SAN LUIS ACATLAN,YORK,YHFE12XJMAXA-RX,020201042210300452,36,MINISPLIT 2.0 TON,MINISPLIT,Aire Acondicionado,643
2146,Correctivo,COSTA CHICA,HOSPITAL IMSS BIENESTAR SAN LUIS ACATLAN,YORK,YHFE12XJMAXA-RX,020201042210300452,36,MINISPLIT 2.0 TON,MINISPLIT,Aire Acondicionado,644
2147,Preventivo,COSTA CHICA,HOSPITAL IMSS BIENESTAR SAN LUIS ACATLAN,MIRAGE,EHF121T,EHF21T03052505769,37,MINISPLIT 2.0 TON,MINISPLIT,Aire Acondicionado,645
2148,Correctivo,COSTA CHICA,HOSPITAL IMSS BIENESTAR SAN LUIS ACATLAN,MIRAGE,EHF121T,EHF21T03052505769,37,MINISPLIT 2.0 TON,MINISPLIT,Aire Acondicionado,646
2149,Preventivo,COSTA CHICA,HOSPITAL IMSS BIENESTAR SAN LUIS ACATLAN,YORK,YHFE24XJMAXA-RX,020201765211200209,38,MINISPLIT 2.0 TON,MINISPLIT,Aire Acondicionado,647
2150,Correctivo,COSTA CHICA,HOSPITAL IMSS BIENESTAR SAN LUIS ACATLAN,YORK,YHFE24XJMAXA-RX,020201765211200209,38,MINISPLIT 2.0 TON,MINISPLIT,Aire Acondicionado,648
2151,Preventivo,COSTA CHICA,HOSPITAL IMSS BIENESTAR SAN LUIS ACATLAN,YORK,IDECC120KF-5,S/SERIE,39,"AIRE ACONDICONADO CAP.120,000 BTU",,Aire Acondicionado,649
2152,Correctivo,COSTA CHICA,HOSPITAL IMSS BIENESTAR SAN LUIS ACATLAN,YORK,IDECC120KF-5,S/SERIE,39,"AIRE ACONDICONADO CAP.120,000 BTU",,Aire Acondicionado,650
2153,Preventivo,COSTA CHICA,HOSPITAL IMSS BIENESTAR SAN LUIS ACATLAN,YORK,IDECCS090KF-5,S/SERIE,40,"AIRE ACONDICONADO CAP.90,000 BTU",,Aire Acondicionado,651
2154,Correctivo,COSTA CHICA,HOSPITAL IMSS BIENESTAR SAN LUIS ACATLAN,YORK,IDECCS090KF-5,S/SERIE,40,"AIRE ACONDICONADO CAP.90,000 BTU",,Aire Acondicionado,652
2155,Preventivo,COSTA CHICA,HOSPITAL IMSS BIENESTAR SAN LUIS ACATLAN,YORK,IDECCS090KF-5,S/SERIE,41,"AIRE ACONDICONADO CAP.90,000 BTU",,Aire Acondicionado,653
2156,Correctivo,COSTA CHICA,HOSPITAL IMSS BIENESTAR SAN LUIS ACATLAN,YORK,IDECCS090KF-5,S/SERIE,41,"AIRE ACONDICONADO CAP.90,000 BTU",,Aire Acondicionado,654
2895,Preventivo,COSTA CHICA,CENTRO DE SALUD CON SERVICIOS AMPLIADOS TLACOACHISTLAHUACA,FREY VEN GREEM,40FVC123A-3,1J422NL400ZL400104,1,MINISPLIT 1 TON,MINISPLIT,Aire Acondicionado,655
2896,Correctivo,COSTA CHICA,CENTRO DE SALUD CON SERVICIOS AMPLIADOS TLACOACHISTLAHUACA,FREY VEN GREEM,40FVC123A-3,1J422NL400ZL400104,1,MINISPLIT 1 TON,MINISPLIT,Aire Acondicionado,656
2897,Preventivo,COSTA CHICA,CENTRO DE SALUD CON SERVICIOS AMPLIADOS TLACOACHISTLAHUACA,MIRAGE,ELF121T,ELF121T7042318128,1,MINISPLIT 1 TON,MINISPLIT,Aire Acondicionado,657
2898,Correctivo,COSTA CHICA,CENTRO DE SALUD CON SERVICIOS AMPLIADOS TLACOACHISTLAHUACA,MIRAGE,ELF121T,ELF121T7042318128,1,MINISPLIT 1 TON,MINISPLIT,Aire Acondicionado,658
2899,Preventivo,COSTA CHICA,CENTRO DE SALUD CON SERVICIOS AMPLIADOS TLACOACHISTLAHUACA,MIDEA,MAS24C2FVR,54122000F103C110170215,1,MINISPLIT 1 TON,MINISPLIT,Aire Acondicionado,659
2900,Correctivo,COSTA CHICA,CENTRO DE SALUD CON SERVICIOS AMPLIADOS TLACOACHISTLAHUACA,MIDEA,MAS24C2FVR,54122000F103C110170215,1,MINISPLIT 1 TON,MINISPLIT,Aire Acondicionado,660
2901,Preventivo,COSTA CHICA,CENTRO DE SALUD CON SERVICIOS AMPLIADOS TLACOACHISTLAHUACA,MIRAGE,ELF121D,ELF121D7112202060,1,MINISPLIT 1 TON,MINISPLIT,Aire Acondicionado,661
2902,Correctivo,COSTA CHICA,CENTRO DE SALUD CON SERVICIOS AMPLIADOS TLACOACHISTLAHUACA,MIRAGE,ELF121D,ELF121D7112202060,1,MINISPLIT 1 TON,MINISPLIT,Aire Acondicionado,662
2903,Preventivo,COSTA CHICA,CENTRO DE SALUD CON SERVICIOS AMPLIADOS TLACOACHISTLAHUACA,MIRAGE,ELF121D,ELF121D7112202064,1,MINISPLIT 1 TON,MINISPLIT,Aire Acondicionado,663
2904,Correctivo,COSTA CHICA,CENTRO DE SALUD CON SERVICIOS AMPLIADOS TLACOACHISTLAHUACA,MIRAGE,ELF121D,ELF121D7112202064,1,MINISPLIT 1 TON,MINISPLIT,Aire Acondicionado,664
2905,Preventivo,COSTA CHICA,CENTRO DE SALUD CON SERVICIOS AMPLIADOS TLACOACHISTLAHUACA,MIRAGE,ELF121D,ELF121D7112201937,1,MINISPLIT 1 TON,MINISPLIT,Aire Acondicionado,665
2906,Correctivo,COSTA CHICA,CENTRO DE SALUD CON SERVICIOS AMPLIADOS TLACOACHISTLAHUACA,MIRAGE,ELF121D,ELF121D7112201937,1,MINISPLIT 1 TON,MINISPLIT,Aire Acondicionado,666
2907,Preventivo,COSTA CHICA,CENTRO DE SALUD CON SERVICIOS AMPLIADOS TLACOACHISTLAHUACA,MIRAGE,ELF120H,ELF120H44062433374,1,MINISPLIT 1 TON,MINISPLIT,Aire Acondicionado,667
2908,Correctivo,COSTA CHICA,CENTRO DE SALUD CON SERVICIOS AMPLIADOS TLACOACHISTLAHUACA,MIRAGE,ELF120H,ELF120H44062433374,1,MINISPLIT 1 TON,MINISPLIT,Aire Acondicionado,668
2909,Preventivo,COSTA CHICA,CENTRO DE SALUD CON SERVICIOS AMPLIADOS TLACOACHISTLAHUACA,MIRAGE,ELF121T,ELF121T7042317928,1,MINISPLIT 1 TON,MINISPLIT,Aire Acondicionado,669
2910,Correctivo,COSTA CHICA,CENTRO DE SALUD CON SERVICIOS AMPLIADOS TLACOACHISTLAHUACA,MIRAGE,ELF121T,ELF121T7042317928,1,MINISPLIT 1 TON,MINISPLIT,Aire Acondicionado,670
2911,Preventivo,COSTA CHICA,CENTRO DE SALUD CON SERVICIOS AMPLIADOS TLACOACHISTLAHUACA,MIRAGE,ELF121H,ELF121H440524066294,1,MINISPLIT,MINISPLIT,Aire Acondicionado,671
2912,Correctivo,COSTA CHICA,CENTRO DE SALUD CON SERVICIOS AMPLIADOS TLACOACHISTLAHUACA,MIRAGE,ELF121H,ELF121H440524066294,1,MINISPLIT,MINISPLIT,Aire Acondicionado,672
2913,Preventivo,COSTA CHICA,CENTRO DE SALUD CON SERVICIOS AMPLIADOS TLACOACHISTLAHUACA,FREY VEN GREEM,40FVC123A-E,NO VISIBLE,1,MINISPLIT 1 TON,MINISPLIT,Aire Acondicionado,673
2914,Correctivo,COSTA CHICA,CENTRO DE SALUD CON SERVICIOS AMPLIADOS TLACOACHISTLAHUACA,FREY VEN GREEM,40FVC123A-E,NO VISIBLE,1,MINISPLIT 1 TON,MINISPLIT,Aire Acondicionado,674
2915,Preventivo,COSTA CHICA,CENTRO DE SALUD CON SERVICIOS AMPLIADOS TLACOACHISTLAHUACA,MIRAGE,ELF120H,ELF120H44062433367,1,MINISPLIT 1 TON,MINISPLIT,Aire Acondicionado,675
2916,Correctivo,COSTA CHICA,CENTRO DE SALUD CON SERVICIOS AMPLIADOS TLACOACHISTLAHUACA,MIRAGE,ELF120H,ELF120H44062433367,1,MINISPLIT 1 TON,MINISPLIT,Aire Acondicionado,676
2917,Preventivo,COSTA CHICA,CENTRO DE SALUD CON SERVICIOS AMPLIADOS TLACOACHISTLAHUACA,MIDEA,MAS24C2FVR,54122000A2024160170297,1,MINISPLIT 1 TON,MINISPLIT,Aire Acondicionado,677
2918,Correctivo,COSTA CHICA,CENTRO DE SALUD CON SERVICIOS AMPLIADOS TLACOACHISTLAHUACA,MIDEA,MAS24C2FVR,54122000A2024160170297,1,MINISPLIT 1 TON,MINISPLIT,Aire Acondicionado,678
2919,Preventivo,COSTA CHICA,CENTRO DE SALUD CON SERVICIOS AMPLIADOS TLACOACHISTLAHUACA,MIRAGE,ELF121T,ELF121T7042319365,1,MINISPLIT 1 TON,MINISPLIT,Aire Acondicionado,679
2920,Correctivo,COSTA CHICA,CENTRO DE SALUD CON SERVICIOS AMPLIADOS TLACOACHISTLAHUACA,MIRAGE,ELF121T,ELF121T7042319365,1,MINISPLIT 1 TON,MINISPLIT,Aire Acondicionado,680
2921,Preventivo,COSTA CHICA,CENTRO DE SALUD CON SERVICIOS AMPLIADOS TLACOACHISTLAHUACA,MIRAGE,ELF121H,ELF121H44052409557,1,MINISPLIT 1 TON,MINISPLIT,Aire Acondicionado,681
2922,Correctivo,COSTA CHICA,CENTRO DE SALUD CON SERVICIOS AMPLIADOS TLACOACHISTLAHUACA,MIRAGE,ELF121H,ELF121H44052409557,1,MINISPLIT 1 TON,MINISPLIT,Aire Acondicionado,682
2923,Preventivo,COSTA CHICA,CENTRO DE SALUD CON SERVICIOS AMPLIADOS TLACOACHISTLAHUACA,MIRAGE,ELF120H,ELF121H44062433251,1,MINISPLIT,MINISPLIT,Aire Acondicionado,683
2924,Correctivo,COSTA CHICA,CENTRO DE SALUD CON SERVICIOS AMPLIADOS TLACOACHISTLAHUACA,MIRAGE,ELF120H,ELF121H44062433251,1,MINISPLIT,MINISPLIT,Aire Acondicionado,684
2925,Preventivo,COSTA CHICA,CENTRO DE SALUD CON SERVICIOS AMPLIADOS TLACOACHISTLAHUACA,FREY VEN GREEM,40FVC123A-E,NO VISIBLE,1,MINISPLIT 1 TON,MINISPLIT,Aire Acondicionado,685
2926,Correctivo,COSTA CHICA,CENTRO DE SALUD CON SERVICIOS AMPLIADOS TLACOACHISTLAHUACA,FREY VEN GREEM,40FVC123A-E,NO VISIBLE,1,MINISPLIT 1 TON,MINISPLIT,Aire Acondicionado,686
2927,Preventivo,COSTA CHICA,CENTRO DE SALUD CON SERVICIOS AMPLIADOS TLACOACHISTLAHUACA,MIRAGE,ELF120H,ELF120H44042403565,1,MINISPLIT 1 TON,MINISPLIT,Aire Acondicionado,687
2928,Correctivo,COSTA CHICA,CENTRO DE SALUD CON SERVICIOS AMPLIADOS TLACOACHISTLAHUACA,MIRAGE,ELF120H,ELF120H44042403565,1,MINISPLIT 1 TON,MINISPLIT,Aire Acondicionado,688
2929,Preventivo,COSTA CHICA,CENTRO DE SALUD CON SERVICIOS AMPLIADOS TLACOACHISTLAHUACA,BORRADA,NC180C00D6AAA2,N1C8602961,1,MINISPLIT,MINISPLIT,Aire Acondicionado,689
2930,Correctivo,COSTA CHICA,CENTRO DE SALUD CON SERVICIOS AMPLIADOS TLACOACHISTLAHUACA,BORRADA,NC180C00D6AAA2,N1C8602961,1,MINISPLIT,MINISPLIT,Aire Acondicionado,690
2931,Preventivo,COSTA CHICA,CENTRO DE SALUD CON SERVICIOS AMPLIADOS TLACOACHISTLAHUACA,MABE,MCL2040PSBB0,NO VISIBLE,1,MINISPLIT,MINISPLIT,Aire Acondicionado,691
2932,Correctivo,COSTA CHICA,CENTRO DE SALUD CON SERVICIOS AMPLIADOS TLACOACHISTLAHUACA,MABE,MCL2040PSBB0,NO VISIBLE,1,MINISPLIT,MINISPLIT,Aire Acondicionado,692
2933,Preventivo,COSTA CHICA,CENTRO DE SALUD CON SERVICIOS AMPLIADOS TLACOACHISTLAHUACA,SAMSUNG,RT29K500JS8,NO VISIBLE,1,MINISPLIT,MINISPLIT,Aire Acondicionado,693
2934,Correctivo,COSTA CHICA,CENTRO DE SALUD CON SERVICIOS AMPLIADOS TLACOACHISTLAHUACA,SAMSUNG,RT29K500JS8,NO VISIBLE,1,MINISPLIT,MINISPLIT,Aire Acondicionado,694
2935,Preventivo,COSTA CHICA,CENTRO DE SALUD CON SERVICIOS AMPLIADOS TLACOACHISTLAHUACA,SYP,5CM14000000000,NO VISIBLE,1,MINISPLIT,MINISPLIT,Aire Acondicionado,695
2936,Correctivo,COSTA CHICA,CENTRO DE SALUD CON SERVICIOS AMPLIADOS TLACOACHISTLAHUACA,SYP,5CM14000000000,NO VISIBLE,1,MINISPLIT,MINISPLIT,Aire Acondicionado,696
2937,Preventivo,COSTA CHICA,CENTRO DE SALUD CON SERVICIOS AMPLIADOS TLACOACHISTLAHUACA,ALTAMIRA,TASA2 31230H-S,NO VISIBLE,1,MINISPLIT 1 TON,MINISPLIT,Aire Acondicionado,697
2938,Correctivo,COSTA CHICA,CENTRO DE SALUD CON SERVICIOS AMPLIADOS TLACOACHISTLAHUACA,ALTAMIRA,TASA2 31230H-S,NO VISIBLE,1,MINISPLIT 1 TON,MINISPLIT,Aire Acondicionado,698
2939,Preventivo,COSTA CHICA,CENTRO DE SALUD CON SERVICIOS AMPLIADOS TLACOACHISTLAHUACA,LEROY- SONER,TALO44CJ6\4,35517577,1,MINISPLIT 1 TON,MINISPLIT,Aire Acondicionado,699
2940,Correctivo,COSTA CHICA,CENTRO DE SALUD CON SERVICIOS AMPLIADOS TLACOACHISTLAHUACA,LEROY- SONER,TALO44CJ6\4,35517577,1,MINISPLIT 1 TON,MINISPLIT,Aire Acondicionado,700
2941,Preventivo,COSTA CHICA,CENTRO DE SALUD CON SERVICIOS AMPLIADOS TLACOACHISTLAHUACA,BORRADA,SN,NO VISIBLE,1,MINISPLIT 1 TON,MINISPLIT,Aire Acondicionado,701
2942,Correctivo,COSTA CHICA,CENTRO DE SALUD CON SERVICIOS AMPLIADOS TLACOACHISTLAHUACA,BORRADA,SN,NO VISIBLE,1,MINISPLIT 1 TON,MINISPLIT,Aire Acondicionado,702
3905,Preventivo,COSTA GRANDE,DR. BERNARDO SEPÚLVEDA GUTIÉRREZ,MIRAGE,EFX121J,EFX12180501,Sin registro,MINI SPLIT 1 TON,MINISPLIT,Aire Acondicionado,703
3906,Correctivo,COSTA GRANDE,DR. BERNARDO SEPÚLVEDA GUTIÉRREZ,MIRAGE,EFX121J,EFX12180501,Sin registro,MINI SPLIT 1 TON,MINISPLIT,Aire Acondicionado,704
3907,Preventivo,COSTA GRANDE,DR. BERNARDO SEPÚLVEDA GUTIÉRREZ,MIRAGE,EDF121T,EDF121T5140609013,Sin registro,MINI SPLIT 1 TON,MINISPLIT,Aire Acondicionado,705
3908,Correctivo,COSTA GRANDE,DR. BERNARDO SEPÚLVEDA GUTIÉRREZ,MIRAGE,EDF121T,EDF121T5140609013,Sin registro,MINI SPLIT 1 TON,MINISPLIT,Aire Acondicionado,706
3909,Preventivo,COSTA GRANDE,DR. BERNARDO SEPÚLVEDA GUTIÉRREZ,GREE,GWC12ATBXA-D3NNA1A/1,3J31230004853,Sin registro,MINI SPLIT 1 TON,MINISPLIT,Aire Acondicionado,707
3910,Correctivo,COSTA GRANDE,DR. BERNARDO SEPÚLVEDA GUTIÉRREZ,GREE,GWC12ATBXA-D3NNA1A/1,3J31230004853,Sin registro,MINI SPLIT 1 TON,MINISPLIT,Aire Acondicionado,708
3911,Preventivo,COSTA GRANDE,DR. BERNARDO SEPÚLVEDA GUTIÉRREZ,FREYVEN,40FVC243A-E,53FVC243A,Sin registro,MINI SPLIT 2 TON,MINISPLIT,Aire Acondicionado,709
3912,Correctivo,COSTA GRANDE,DR. BERNARDO SEPÚLVEDA GUTIÉRREZ,FREYVEN,40FVC243A-E,53FVC243A,Sin registro,MINI SPLIT 2 TON,MINISPLIT,Aire Acondicionado,710
3913,Preventivo,COSTA GRANDE,DR. BERNARDO SEPÚLVEDA GUTIÉRREZ,GREE,GWC12ATBXA-D3NNA1A/1,3J3123000726,Sin registro,MINI SPLIT 1 TON,MINISPLIT,Aire Acondicionado,711
3914,Correctivo,COSTA GRANDE,DR. BERNARDO SEPÚLVEDA GUTIÉRREZ,GREE,GWC12ATBXA-D3NNA1A/1,3J3123000726,Sin registro,MINI SPLIT 1 TON,MINISPLIT,Aire Acondicionado,712
3915,Preventivo,COSTA GRANDE,DR. BERNARDO SEPÚLVEDA GUTIÉRREZ,FREYVEN,40FC123A-E,53FVC123A,Sin registro,MINI SPLIT 1 TON,MINISPLIT,Aire Acondicionado,713
3916,Correctivo,COSTA GRANDE,DR. BERNARDO SEPÚLVEDA GUTIÉRREZ,FREYVEN,40FC123A-E,53FVC123A,Sin registro,MINI SPLIT 1 TON,MINISPLIT,Aire Acondicionado,714
3917,Preventivo,COSTA GRANDE,DR. BERNARDO SEPÚLVEDA GUTIÉRREZ,MIRAGE,EDF121T,EDF121T5140608924,Sin registro,MINI SPLIT 1 TON,MINISPLIT,Aire Acondicionado,715
3918,Correctivo,COSTA GRANDE,DR. BERNARDO SEPÚLVEDA GUTIÉRREZ,MIRAGE,EDF121T,EDF121T5140608924,Sin registro,MINI SPLIT 1 TON,MINISPLIT,Aire Acondicionado,716
3919,Preventivo,COSTA GRANDE,DR. BERNARDO SEPÚLVEDA GUTIÉRREZ,FREYVEN,40NFRQ243A-F,4G55480000136,Sin registro,MINI SPLIT 2 TON,MINISPLIT,Aire Acondicionado,717
3920,Correctivo,COSTA GRANDE,DR. BERNARDO SEPÚLVEDA GUTIÉRREZ,FREYVEN,40NFRQ243A-F,4G55480000136,Sin registro,MINI SPLIT 2 TON,MINISPLIT,Aire Acondicionado,718
3921,Preventivo,COSTA GRANDE,DR. BERNARDO SEPÚLVEDA GUTIÉRREZ,MIRAGE,EXF261F,EXF261FF7051700865,Sin registro,MINI SPLIT 2 TON,MINISPLIT,Aire Acondicionado,719
3922,Correctivo,COSTA GRANDE,DR. BERNARDO SEPÚLVEDA GUTIÉRREZ,MIRAGE,EXF261F,EXF261FF7051700865,Sin registro,MINI SPLIT 2 TON,MINISPLIT,Aire Acondicionado,720
3923,Preventivo,COSTA GRANDE,DR. BERNARDO SEPÚLVEDA GUTIÉRREZ,MIRAGE,SMEC1221X,SMEC1221X80511240,Sin registro,MINI SPLIT 1 TON,MINISPLIT,Aire Acondicionado,721
3924,Correctivo,COSTA GRANDE,DR. BERNARDO SEPÚLVEDA GUTIÉRREZ,MIRAGE,SMEC1221X,SMEC1221X80511240,Sin registro,MINI SPLIT 1 TON,MINISPLIT,Aire Acondicionado,722
3925,Preventivo,COSTA GRANDE,DR. BERNARDO SEPÚLVEDA GUTIÉRREZ,SM,SN,SN,Sin registro,MINI SPLIT 1 TON,MINISPLIT,Aire Acondicionado,723
3926,Correctivo,COSTA GRANDE,DR. BERNARDO SEPÚLVEDA GUTIÉRREZ,SM,SN,SN,Sin registro,MINI SPLIT 1 TON,MINISPLIT,Aire Acondicionado,724
3927,Preventivo,COSTA GRANDE,DR. BERNARDO SEPÚLVEDA GUTIÉRREZ,MIRAGE,CLF120H,CLF120H44052404060,Sin registro,MINI SPLIT 1 TON,MINISPLIT,Aire Acondicionado,725
3928,Correctivo,COSTA GRANDE,DR. BERNARDO SEPÚLVEDA GUTIÉRREZ,MIRAGE,CLF120H,CLF120H44052404060,Sin registro,MINI SPLIT 1 TON,MINISPLIT,Aire Acondicionado,726
3929,Preventivo,COSTA GRANDE,DR. BERNARDO SEPÚLVEDA GUTIÉRREZ,MIRAGE,CLF120H,CLF120H44052404050,Sin registro,MINI SPLIT 1 TON,MINISPLIT,Aire Acondicionado,727
3930,Correctivo,COSTA GRANDE,DR. BERNARDO SEPÚLVEDA GUTIÉRREZ,MIRAGE,CLF120H,CLF120H44052404050,Sin registro,MINI SPLIT 1 TON,MINISPLIT,Aire Acondicionado,728
3931,Preventivo,COSTA GRANDE,DR. BERNARDO SEPÚLVEDA GUTIÉRREZ,MIRAGE,CLF120H,CLF120H44052404346,Sin registro,MINI SPLIT 1 TON,MINISPLIT,Aire Acondicionado,729
3932,Correctivo,COSTA GRANDE,DR. BERNARDO SEPÚLVEDA GUTIÉRREZ,MIRAGE,CLF120H,CLF120H44052404346,Sin registro,MINI SPLIT 1 TON,MINISPLIT,Aire Acondicionado,730
3933,Preventivo,COSTA GRANDE,DR. BERNARDO SEPÚLVEDA GUTIÉRREZ,MIRAGE,ELF261T,ELF261T02052507679,Sin registro,MINI SPLIT 2 TON,MINISPLIT,Aire Acondicionado,731
3934,Correctivo,COSTA GRANDE,DR. BERNARDO SEPÚLVEDA GUTIÉRREZ,MIRAGE,ELF261T,ELF261T02052507679,Sin registro,MINI SPLIT 2 TON,MINISPLIT,Aire Acondicionado,732
3935,Preventivo,COSTA GRANDE,DR. BERNARDO SEPÚLVEDA GUTIÉRREZ,FREYVEN,40FVC243A-E,53FVC243A,Sin registro,MINI SPLIT 2 TON,MINISPLIT,Aire Acondicionado,733
3936,Correctivo,COSTA GRANDE,DR. BERNARDO SEPÚLVEDA GUTIÉRREZ,FREYVEN,40FVC243A-E,53FVC243A,Sin registro,MINI SPLIT 2 TON,MINISPLIT,Aire Acondicionado,734
3937,Preventivo,COSTA GRANDE,DR. BERNARDO SEPÚLVEDA GUTIÉRREZ,MIRAGE,EDF121T,EDF121T5140603279,Sin registro,MINI SPLIT 1 TON,MINISPLIT,Aire Acondicionado,735
3938,Correctivo,COSTA GRANDE,DR. BERNARDO SEPÚLVEDA GUTIÉRREZ,MIRAGE,EDF121T,EDF121T5140603279,Sin registro,MINI SPLIT 1 TON,MINISPLIT,Aire Acondicionado,736
3939,Preventivo,COSTA GRANDE,DR. BERNARDO SEPÚLVEDA GUTIÉRREZ,FREYVEN,40NFRC243A-F,3B94770001422,Sin registro,MINI SPLIT 2 TON,MINISPLIT,Aire Acondicionado,737
3940,Correctivo,COSTA GRANDE,DR. BERNARDO SEPÚLVEDA GUTIÉRREZ,FREYVEN,40NFRC243A-F,3B94770001422,Sin registro,MINI SPLIT 2 TON,MINISPLIT,Aire Acondicionado,738
3941,Preventivo,COSTA GRANDE,DR. BERNARDO SEPÚLVEDA GUTIÉRREZ,MIRAGE,EDF121T,EDF121T5140608881,Sin registro,MINI SPLIT 1 TON,MINISPLIT,Aire Acondicionado,739
3942,Correctivo,COSTA GRANDE,DR. BERNARDO SEPÚLVEDA GUTIÉRREZ,MIRAGE,EDF121T,EDF121T5140608881,Sin registro,MINI SPLIT 1 TON,MINISPLIT,Aire Acondicionado,740
3943,Preventivo,COSTA GRANDE,DR. BERNARDO SEPÚLVEDA GUTIÉRREZ,MIRAGE,ELF261T,ELF261T58052504178,Sin registro,MINI SPLIT 2 TON,MINISPLIT,Aire Acondicionado,741
3944,Correctivo,COSTA GRANDE,DR. BERNARDO SEPÚLVEDA GUTIÉRREZ,MIRAGE,ELF261T,ELF261T58052504178,Sin registro,MINI SPLIT 2 TON,MINISPLIT,Aire Acondicionado,742
3945,Preventivo,COSTA GRANDE,DR. BERNARDO SEPÚLVEDA GUTIÉRREZ,MIRAGE,ELF261T,EFL261T58052504428,Sin registro,MINI SPLIT 2 TON,MINISPLIT,Aire Acondicionado,743
3946,Correctivo,COSTA GRANDE,DR. BERNARDO SEPÚLVEDA GUTIÉRREZ,MIRAGE,ELF261T,EFL261T58052504428,Sin registro,MINI SPLIT 2 TON,MINISPLIT,Aire Acondicionado,744
3947,Preventivo,COSTA GRANDE,DR. BERNARDO SEPÚLVEDA GUTIÉRREZ,MIRAGE,ELF121T,ELF121T01022507825,Sin registro,MINI SPLIT 1 TON,MINISPLIT,Aire Acondicionado,745
3948,Correctivo,COSTA GRANDE,DR. BERNARDO SEPÚLVEDA GUTIÉRREZ,MIRAGE,ELF121T,ELF121T01022507825,Sin registro,MINI SPLIT 1 TON,MINISPLIT,Aire Acondicionado,746
3949,Preventivo,COSTA GRANDE,DR. BERNARDO SEPÚLVEDA GUTIÉRREZ,FREYVEN,40FVC243A-E,53FVC243A,Sin registro,MINI SPLIT 2 TON,MINISPLIT,Aire Acondicionado,747
3950,Correctivo,COSTA GRANDE,DR. BERNARDO SEPÚLVEDA GUTIÉRREZ,FREYVEN,40FVC243A-E,53FVC243A,Sin registro,MINI SPLIT 2 TON,MINISPLIT,Aire Acondicionado,748
3951,Preventivo,COSTA GRANDE,DR. BERNARDO SEPÚLVEDA GUTIÉRREZ,MIRAGE,ELF121T,ELF121T01022507813,Sin registro,MINI SPLIT 1 TON,MINISPLIT,Aire Acondicionado,749
3952,Correctivo,COSTA GRANDE,DR. BERNARDO SEPÚLVEDA GUTIÉRREZ,MIRAGE,ELF121T,ELF121T01022507813,Sin registro,MINI SPLIT 1 TON,MINISPLIT,Aire Acondicionado,750
3953,Preventivo,COSTA GRANDE,DR. BERNARDO SEPÚLVEDA GUTIÉRREZ,GREE,GWC12QB-A3NNB4E,3C4800W003058,Sin registro,MINI SPLIT 1 TON,MINISPLIT,Aire Acondicionado,751
3954,Correctivo,COSTA GRANDE,DR. BERNARDO SEPÚLVEDA GUTIÉRREZ,GREE,GWC12QB-A3NNB4E,3C4800W003058,Sin registro,MINI SPLIT 1 TON,MINISPLIT,Aire Acondicionado,752
3955,Preventivo,COSTA GRANDE,DR. BERNARDO SEPÚLVEDA GUTIÉRREZ,FREYVEN,40FVC183A-E,53FVC183A,Sin registro,MINI SPLIT 1.5 TON,MINISPLIT,Aire Acondicionado,753
3956,Correctivo,COSTA GRANDE,DR. BERNARDO SEPÚLVEDA GUTIÉRREZ,FREYVEN,40FVC183A-E,53FVC183A,Sin registro,MINI SPLIT 1.5 TON,MINISPLIT,Aire Acondicionado,754
3957,Preventivo,COSTA GRANDE,DR. BERNARDO SEPÚLVEDA GUTIÉRREZ,YORK,YSKA12FS-ADK,100001626120102000,Sin registro,MINI SPLIT 1 TON,MINISPLIT,Aire Acondicionado,755
3958,Correctivo,COSTA GRANDE,DR. BERNARDO SEPÚLVEDA GUTIÉRREZ,YORK,YSKA12FS-ADK,100001626120102000,Sin registro,MINI SPLIT 1 TON,MINISPLIT,Aire Acondicionado,756
3959,Preventivo,COSTA GRANDE,DR. BERNARDO SEPÚLVEDA GUTIÉRREZ,DAIKIN,FTN12CL216-3,3C97290154826,Sin registro,MINI SPLIT 1 TON,MINISPLIT,Aire Acondicionado,757
3960,Correctivo,COSTA GRANDE,DR. BERNARDO SEPÚLVEDA GUTIÉRREZ,DAIKIN,FTN12CL216-3,3C97290154826,Sin registro,MINI SPLIT 1 TON,MINISPLIT,Aire Acondicionado,758
3961,Preventivo,COSTA GRANDE,DR. BERNARDO SEPÚLVEDA GUTIÉRREZ,MIRAGE,SMEC1221F,485830681282002,Sin registro,MINI SPLIT 1 TON,MINISPLIT,Aire Acondicionado,759
3962,Correctivo,COSTA GRANDE,DR. BERNARDO SEPÚLVEDA GUTIÉRREZ,MIRAGE,SMEC1221F,485830681282002,Sin registro,MINI SPLIT 1 TON,MINISPLIT,Aire Acondicionado,760
3963,Preventivo,COSTA GRANDE,DR. BERNARDO SEPÚLVEDA GUTIÉRREZ,MIRAGE,EXF261F,EFX261F7121602020,Sin registro,MINI SPLIT 2 TON,MINISPLIT,Aire Acondicionado,761
3964,Correctivo,COSTA GRANDE,DR. BERNARDO SEPÚLVEDA GUTIÉRREZ,MIRAGE,EXF261F,EFX261F7121602020,Sin registro,MINI SPLIT 2 TON,MINISPLIT,Aire Acondicionado,762
3965,Preventivo,COSTA GRANDE,DR. BERNARDO SEPÚLVEDA GUTIÉRREZ,FREYVEN,40NFEQ243A-E,4G55480000141,Sin registro,MINI SPLIT 1 TON,MINISPLIT,Aire Acondicionado,763
3966,Correctivo,COSTA GRANDE,DR. BERNARDO SEPÚLVEDA GUTIÉRREZ,FREYVEN,40NFEQ243A-E,4G55480000141,Sin registro,MINI SPLIT 1 TON,MINISPLIT,Aire Acondicionado,764
3967,Preventivo,COSTA GRANDE,DR. BERNARDO SEPÚLVEDA GUTIÉRREZ,FREYVEN,40FVC243A-E,53FVC243A,Sin registro,MINI SPLIT 2 TON,MINISPLIT,Aire Acondicionado,765
3968,Correctivo,COSTA GRANDE,DR. BERNARDO SEPÚLVEDA GUTIÉRREZ,FREYVEN,40FVC243A-E,53FVC243A,Sin registro,MINI SPLIT 2 TON,MINISPLIT,Aire Acondicionado,766
3969,Preventivo,COSTA GRANDE,DR. BERNARDO SEPÚLVEDA GUTIÉRREZ,AUX,ASW-12A2/SUC,SN,Sin registro,MINI SPLIT 1 TON,MINISPLIT,Aire Acondicionado,767
3970,Correctivo,COSTA GRANDE,DR. BERNARDO SEPÚLVEDA GUTIÉRREZ,AUX,ASW-12A2/SUC,SN,Sin registro,MINI SPLIT 1 TON,MINISPLIT,Aire Acondicionado,768
3971,Preventivo,COSTA GRANDE,DR. BERNARDO SEPÚLVEDA GUTIÉRREZ,MIRAGE,ELF121D,340E87112011B160850275,Sin registro,MINI SPLIT 1 TON,MINISPLIT,Aire Acondicionado,769
3972,Correctivo,COSTA GRANDE,DR. BERNARDO SEPÚLVEDA GUTIÉRREZ,MIRAGE,ELF121D,340E87112011B160850275,Sin registro,MINI SPLIT 1 TON,MINISPLIT,Aire Acondicionado,770
3973,Preventivo,COSTA GRANDE,DR. BERNARDO SEPÚLVEDA GUTIÉRREZ,MIRAGE,ELF121T,ELF121T01022507647,Sin registro,MINI SPLIT 1 TON,MINISPLIT,Aire Acondicionado,771
3974,Correctivo,COSTA GRANDE,DR. BERNARDO SEPÚLVEDA GUTIÉRREZ,MIRAGE,ELF121T,ELF121T01022507647,Sin registro,MINI SPLIT 1 TON,MINISPLIT,Aire Acondicionado,772
3975,Preventivo,COSTA GRANDE,DR. BERNARDO SEPÚLVEDA GUTIÉRREZ,MIRAGE,EHF121P,EHF121P9021504159,Sin registro,MINI SPLIT 1 TON,MINISPLIT,Aire Acondicionado,773
3976,Correctivo,COSTA GRANDE,DR. BERNARDO SEPÚLVEDA GUTIÉRREZ,MIRAGE,EHF121P,EHF121P9021504159,Sin registro,MINI SPLIT 1 TON,MINISPLIT,Aire Acondicionado,774
3977,Preventivo,COSTA GRANDE,DR. BERNARDO SEPÚLVEDA GUTIÉRREZ,AUX,ASW-12A2/SUC,SN,Sin registro,MINI SPLIT 1 TON,MINISPLIT,Aire Acondicionado,775
3978,Correctivo,COSTA GRANDE,DR. BERNARDO SEPÚLVEDA GUTIÉRREZ,AUX,ASW-12A2/SUC,SN,Sin registro,MINI SPLIT 1 TON,MINISPLIT,Aire Acondicionado,776
3979,Preventivo,COSTA GRANDE,DR. BERNARDO SEPÚLVEDA GUTIÉRREZ,MIRAGE,EDF121T,EDF121T5140310121,Sin registro,MINI SPLIT 1 TON,MINISPLIT,Aire Acondicionado,777
3980,Correctivo,COSTA GRANDE,DR. BERNARDO SEPÚLVEDA GUTIÉRREZ,MIRAGE,EDF121T,EDF121T5140310121,Sin registro,MINI SPLIT 1 TON,MINISPLIT,Aire Acondicionado,778
3981,Preventivo,COSTA GRANDE,DR. BERNARDO SEPÚLVEDA GUTIÉRREZ,AUX,ASW-24B2/SUC,SN,Sin registro,MINI SPLIT 2 TON,MINISPLIT,Aire Acondicionado,779
3982,Correctivo,COSTA GRANDE,DR. BERNARDO SEPÚLVEDA GUTIÉRREZ,AUX,ASW-24B2/SUC,SN,Sin registro,MINI SPLIT 2 TON,MINISPLIT,Aire Acondicionado,780
3983,Preventivo,COSTA GRANDE,DR. BERNARDO SEPÚLVEDA GUTIÉRREZ,MIRAGE,EHF121P,EHF121P9021504171,Sin registro,MINI SPLIT 1 TON,MINISPLIT,Aire Acondicionado,781
3984,Correctivo,COSTA GRANDE,DR. BERNARDO SEPÚLVEDA GUTIÉRREZ,MIRAGE,EHF121P,EHF121P9021504171,Sin registro,MINI SPLIT 1 TON,MINISPLIT,Aire Acondicionado,782
3985,Preventivo,COSTA GRANDE,DR. BERNARDO SEPÚLVEDA GUTIÉRREZ,MIRAGE,EDF121T,EDF121T5140310086,Sin registro,MINI SPLIT 1 TON,MINISPLIT,Aire Acondicionado,783
3986,Correctivo,COSTA GRANDE,DR. BERNARDO SEPÚLVEDA GUTIÉRREZ,MIRAGE,EDF121T,EDF121T5140310086,Sin registro,MINI SPLIT 1 TON,MINISPLIT,Aire Acondicionado,784
3987,Preventivo,COSTA GRANDE,DR. BERNARDO SEPÚLVEDA GUTIÉRREZ,MIRAGE,EHF121P,EHF121P9021500700,Sin registro,MINI SPLIT 1 TON,MINISPLIT,Aire Acondicionado,785
3988,Correctivo,COSTA GRANDE,DR. BERNARDO SEPÚLVEDA GUTIÉRREZ,MIRAGE,EHF121P,EHF121P9021500700,Sin registro,MINI SPLIT 1 TON,MINISPLIT,Aire Acondicionado,786
3989,Preventivo,COSTA GRANDE,DR. BERNARDO SEPÚLVEDA GUTIÉRREZ,MIRAGE,EDF121T,EDF121T5140300814,Sin registro,MINI SPLIT 1 TON,MINISPLIT,Aire Acondicionado,787
3990,Correctivo,COSTA GRANDE,DR. BERNARDO SEPÚLVEDA GUTIÉRREZ,MIRAGE,EDF121T,EDF121T5140300814,Sin registro,MINI SPLIT 1 TON,MINISPLIT,Aire Acondicionado,788
3991,Preventivo,COSTA GRANDE,DR. BERNARDO SEPÚLVEDA GUTIÉRREZ,MIRAGE,EHF121P,SN,Sin registro,MINI SPLIT 1 TON,MINISPLIT,Aire Acondicionado,789
3992,Correctivo,COSTA GRANDE,DR. BERNARDO SEPÚLVEDA GUTIÉRREZ,MIRAGE,EHF121P,SN,Sin registro,MINI SPLIT 1 TON,MINISPLIT,Aire Acondicionado,790
3993,Preventivo,COSTA GRANDE,DR. BERNARDO SEPÚLVEDA GUTIÉRREZ,MIRAGE,EPF121X,EPF12X7032002623,Sin registro,MINI SPLIT 1 TON,MINISPLIT,Aire Acondicionado,791
3994,Correctivo,COSTA GRANDE,DR. BERNARDO SEPÚLVEDA GUTIÉRREZ,MIRAGE,EPF121X,EPF12X7032002623,Sin registro,MINI SPLIT 1 TON,MINISPLIT,Aire Acondicionado,792
3995,Preventivo,COSTA GRANDE,DR. BERNARDO SEPÚLVEDA GUTIÉRREZ,MIRAGE,EDF121T,EDF121T5140310081,Sin registro,MINI SPLIT 1 TON,MINISPLIT,Aire Acondicionado,793
3996,Correctivo,COSTA GRANDE,DR. BERNARDO SEPÚLVEDA GUTIÉRREZ,MIRAGE,EDF121T,EDF121T5140310081,Sin registro,MINI SPLIT 1 TON,MINISPLIT,Aire Acondicionado,794
3997,Preventivo,COSTA GRANDE,DR. BERNARDO SEPÚLVEDA GUTIÉRREZ,MIRAGE,EDF121T,EDF121T5140310129,Sin registro,MINI SPLIT 1 TON,MINISPLIT,Aire Acondicionado,795
3998,Correctivo,COSTA GRANDE,DR. BERNARDO SEPÚLVEDA GUTIÉRREZ,MIRAGE,EDF121T,EDF121T5140310129,Sin registro,MINI SPLIT 1 TON,MINISPLIT,Aire Acondicionado,796
3999,Preventivo,COSTA GRANDE,DR. BERNARDO SEPÚLVEDA GUTIÉRREZ,MIRAGE,EDF121T,EDF121T5140310079,Sin registro,MINI SPLIT 1 TON,MINISPLIT,Aire Acondicionado,797
4000,Correctivo,COSTA GRANDE,DR. BERNARDO SEPÚLVEDA GUTIÉRREZ,MIRAGE,EDF121T,EDF121T5140310079,Sin registro,MINI SPLIT 1 TON,MINISPLIT,Aire Acondicionado,798
4001,Preventivo,COSTA GRANDE,DR. BERNARDO SEPÚLVEDA GUTIÉRREZ,UA UNITED APPLIANCES,UAWC24-DN3C1,WC24DNI010321000508,Sin registro,MINI SPLIT 2 TON,MINISPLIT,Aire Acondicionado,799
4002,Correctivo,COSTA GRANDE,DR. BERNARDO SEPÚLVEDA GUTIÉRREZ,UA UNITED APPLIANCES,UAWC24-DN3C1,WC24DNI010321000508,Sin registro,MINI SPLIT 2 TON,MINISPLIT,Aire Acondicionado,800
4003,Preventivo,COSTA GRANDE,DR. BERNARDO SEPÚLVEDA GUTIÉRREZ,MIRAGE,EDF121T,SN,Sin registro,MINI SPLIT,MINISPLIT,Aire Acondicionado,801
4004,Correctivo,COSTA GRANDE,DR. BERNARDO SEPÚLVEDA GUTIÉRREZ,MIRAGE,EDF121T,SN,Sin registro,MINI SPLIT,MINISPLIT,Aire Acondicionado,802
4005,Preventivo,COSTA GRANDE,DR. BERNARDO SEPÚLVEDA GUTIÉRREZ,FREYVEN,40FVC1234-E,53FVC123A,Sin registro,MINI SPLIT 1 TON,MINISPLIT,Aire Acondicionado,803
4006,Correctivo,COSTA GRANDE,DR. BERNARDO SEPÚLVEDA GUTIÉRREZ,FREYVEN,40FVC1234-E,53FVC123A,Sin registro,MINI SPLIT 1 TON,MINISPLIT,Aire Acondicionado,804
4007,Preventivo,COSTA GRANDE,DR. BERNARDO SEPÚLVEDA GUTIÉRREZ,MIRAGE,EDF121T,EDF121T5140310183,Sin registro,MINI SPLIT 1 TON,MINISPLIT,Aire Acondicionado,805
4008,Correctivo,COSTA GRANDE,DR. BERNARDO SEPÚLVEDA GUTIÉRREZ,MIRAGE,EDF121T,EDF121T5140310183,Sin registro,MINI SPLIT 1 TON,MINISPLIT,Aire Acondicionado,806
4009,Preventivo,COSTA GRANDE,DR. BERNARDO SEPÚLVEDA GUTIÉRREZ,MIRAGE,EDF121T,EDF121T5140,Sin registro,MINI SPLIT 1 TON,MINISPLIT,Aire Acondicionado,807
4010,Correctivo,COSTA GRANDE,DR. BERNARDO SEPÚLVEDA GUTIÉRREZ,MIRAGE,EDF121T,EDF121T5140,Sin registro,MINI SPLIT 1 TON,MINISPLIT,Aire Acondicionado,808
4011,Preventivo,COSTA GRANDE,DR. BERNARDO SEPÚLVEDA GUTIÉRREZ,MIRAGE,EDF121T,EDF121T5140310087,Sin registro,MINI SPLIT 1 TON,MINISPLIT,Aire Acondicionado,809
4012,Correctivo,COSTA GRANDE,DR. BERNARDO SEPÚLVEDA GUTIÉRREZ,MIRAGE,EDF121T,EDF121T5140310087,Sin registro,MINI SPLIT 1 TON,MINISPLIT,Aire Acondicionado,810
4013,Preventivo,COSTA GRANDE,DR. BERNARDO SEPÚLVEDA GUTIÉRREZ,MIRAGE,ELF261E,ELF261E7032301511,Sin registro,MINI SPLIT 1 TON,MINISPLIT,Aire Acondicionado,811
4014,Correctivo,COSTA GRANDE,DR. BERNARDO SEPÚLVEDA GUTIÉRREZ,MIRAGE,ELF261E,ELF261E7032301511,Sin registro,MINI SPLIT 1 TON,MINISPLIT,Aire Acondicionado,812
4015,Preventivo,COSTA GRANDE,DR. BERNARDO SEPÚLVEDA GUTIÉRREZ,MIRAGE,EXF181J,EFX181J803160284,Sin registro,MINI SPLIT 1.5 TON,MINISPLIT,Aire Acondicionado,813
4016,Correctivo,COSTA GRANDE,DR. BERNARDO SEPÚLVEDA GUTIÉRREZ,MIRAGE,EXF181J,EFX181J803160284,Sin registro,MINI SPLIT 1.5 TON,MINISPLIT,Aire Acondicionado,814
4017,Preventivo,COSTA GRANDE,DR. BERNARDO SEPÚLVEDA GUTIÉRREZ,MIRAGE,EXF261L,SN,Sin registro,MINI SPLIT 2 TON,MINISPLIT,Aire Acondicionado,815
4018,Correctivo,COSTA GRANDE,DR. BERNARDO SEPÚLVEDA GUTIÉRREZ,MIRAGE,EXF261L,SN,Sin registro,MINI SPLIT 2 TON,MINISPLIT,Aire Acondicionado,816
4019,Preventivo,COSTA GRANDE,DR. BERNARDO SEPÚLVEDA GUTIÉRREZ,FREYVEN,40FVC243A-E,53FVC243A,Sin registro,MINI SPLIT 2 TON,MINISPLIT,Aire Acondicionado,817
4020,Correctivo,COSTA GRANDE,DR. BERNARDO SEPÚLVEDA GUTIÉRREZ,FREYVEN,40FVC243A-E,53FVC243A,Sin registro,MINI SPLIT 2 TON,MINISPLIT,Aire Acondicionado,818
4021,Preventivo,COSTA GRANDE,DR. BERNARDO SEPÚLVEDA GUTIÉRREZ,MIRAGE,SMEC1221X,SN,Sin registro,MINI SPLIT 1 TON,MINISPLIT,Aire Acondicionado,819
4022,Correctivo,COSTA GRANDE,DR. BERNARDO SEPÚLVEDA GUTIÉRREZ,MIRAGE,SMEC1221X,SN,Sin registro,MINI SPLIT 1 TON,MINISPLIT,Aire Acondicionado,820
4023,Preventivo,COSTA GRANDE,DR. BERNARDO SEPÚLVEDA GUTIÉRREZ,SM,SN,SN,Sin registro,MINI SPLIT 1.5 TON,MINISPLIT,Aire Acondicionado,821
4024,Correctivo,COSTA GRANDE,DR. BERNARDO SEPÚLVEDA GUTIÉRREZ,SM,SN,SN,Sin registro,MINI SPLIT 1.5 TON,MINISPLIT,Aire Acondicionado,822
4025,Preventivo,COSTA GRANDE,DR. BERNARDO SEPÚLVEDA GUTIÉRREZ,MIRAGE,EXF121F,EXF121F7051702088,Sin registro,MINI SPLIT 1 TON,MINISPLIT,Aire Acondicionado,823
4026,Correctivo,COSTA GRANDE,DR. BERNARDO SEPÚLVEDA GUTIÉRREZ,MIRAGE,EXF121F,EXF121F7051702088,Sin registro,MINI SPLIT 1 TON,MINISPLIT,Aire Acondicionado,824
4027,Preventivo,COSTA GRANDE,DR. BERNARDO SEPÚLVEDA GUTIÉRREZ,MIRAGE,ELF181T,ELF181T7122300454,Sin registro,MINI SPLIT 1.5 TON,MINISPLIT,Aire Acondicionado,825
4028,Correctivo,COSTA GRANDE,DR. BERNARDO SEPÚLVEDA GUTIÉRREZ,MIRAGE,ELF181T,ELF181T7122300454,Sin registro,MINI SPLIT 1.5 TON,MINISPLIT,Aire Acondicionado,826
4029,Preventivo,COSTA GRANDE,DR. BERNARDO SEPÚLVEDA GUTIÉRREZ,MABE,MMT18CD8WCAAXM18,ST2212067AFME0326,Sin registro,MINI SPLIT 1.5 TON,MINISPLIT,Aire Acondicionado,827
4030,Correctivo,COSTA GRANDE,DR. BERNARDO SEPÚLVEDA GUTIÉRREZ,MABE,MMT18CD8WCAAXM18,ST2212067AFME0326,Sin registro,MINI SPLIT 1.5 TON,MINISPLIT,Aire Acondicionado,828
4031,Preventivo,COSTA GRANDE,DR. BERNARDO SEPÚLVEDA GUTIÉRREZ,MIRAGE,EXF181J,EFX181J80316,Sin registro,MINI SPLIT 1.5 TON,MINISPLIT,Aire Acondicionado,829
4032,Correctivo,COSTA GRANDE,DR. BERNARDO SEPÚLVEDA GUTIÉRREZ,MIRAGE,EXF181J,EFX181J80316,Sin registro,MINI SPLIT 1.5 TON,MINISPLIT,Aire Acondicionado,830
4033,Preventivo,COSTA GRANDE,DR. BERNARDO SEPÚLVEDA GUTIÉRREZ,MIRAGE,EXF181J,EFX181J8031600,Sin registro,MINI SPLIT 1.5 TON,MINISPLIT,Aire Acondicionado,831
4034,Correctivo,COSTA GRANDE,DR. BERNARDO SEPÚLVEDA GUTIÉRREZ,MIRAGE,EXF181J,EFX181J8031600,Sin registro,MINI SPLIT 1.5 TON,MINISPLIT,Aire Acondicionado,832
4035,Preventivo,COSTA GRANDE,DR. BERNARDO SEPÚLVEDA GUTIÉRREZ,YORK,ZF090C00Y2A1AAA1A1,N1F8923202,Sin registro,PAQUETE,PAQUETE,Aire Acondicionado,833
4036,Correctivo,COSTA GRANDE,DR. BERNARDO SEPÚLVEDA GUTIÉRREZ,YORK,ZF090C00Y2A1AAA1A1,N1F8923202,Sin registro,PAQUETE,PAQUETE,Aire Acondicionado,834
4037,Preventivo,COSTA GRANDE,DR. BERNARDO SEPÚLVEDA GUTIÉRREZ,TRANE,EAC240A3E0A,24261687JA,Sin registro,PAQUETE 20 TON,PAQUETE,Aire Acondicionado,835
4038,Correctivo,COSTA GRANDE,DR. BERNARDO SEPÚLVEDA GUTIÉRREZ,TRANE,EAC240A3E0A,24261687JA,Sin registro,PAQUETE 20 TON,PAQUETE,Aire Acondicionado,836
4039,Preventivo,COSTA GRANDE,DR. BERNARDO SEPÚLVEDA GUTIÉRREZ,GOODMAN,GPCM32441AA,2305153129,Sin registro,PAQUETE 2.6 TON,PAQUETE,Aire Acondicionado,837
4040,Correctivo,COSTA GRANDE,DR. BERNARDO SEPÚLVEDA GUTIÉRREZ,GOODMAN,GPCM32441AA,2305153129,Sin registro,PAQUETE 2.6 TON,PAQUETE,Aire Acondicionado,838
4041,Preventivo,COSTA GRANDE,DR. BERNARDO SEPÚLVEDA GUTIÉRREZ,DAIKIN,DFC1203D000001SAA,2309283755,Sin registro,PAQUETE 10 TON,PAQUETE,Aire Acondicionado,839
4042,Correctivo,COSTA GRANDE,DR. BERNARDO SEPÚLVEDA GUTIÉRREZ,DAIKIN,DFC1203D000001SAA,2309283755,Sin registro,PAQUETE 10 TON,PAQUETE,Aire Acondicionado,840
4043,Preventivo,COSTA GRANDE,DR. BERNARDO SEPÚLVEDA GUTIÉRREZ,DAIKIN,DFC1503D000001SAA,2306121264,Sin registro,PAQUETE 12.5 TON,PAQUETE,Aire Acondicionado,841
4044,Correctivo,COSTA GRANDE,DR. BERNARDO SEPÚLVEDA GUTIÉRREZ,DAIKIN,DFC1503D000001SAA,2306121264,Sin registro,PAQUETE 12.5 TON,PAQUETE,Aire Acondicionado,842
4045,Preventivo,COSTA GRANDE,DR. BERNARDO SEPÚLVEDA GUTIÉRREZ,DAIKIN,DFC043D000001SAA,2304230125,Sin registro,PAQUETE 4 TON,PAQUETE,Aire Acondicionado,843
4046,Correctivo,COSTA GRANDE,DR. BERNARDO SEPÚLVEDA GUTIÉRREZ,DAIKIN,DFC043D000001SAA,2304230125,Sin registro,PAQUETE 4 TON,PAQUETE,Aire Acondicionado,844
4047,Preventivo,COSTA GRANDE,DR. BERNARDO SEPÚLVEDA GUTIÉRREZ,DAIKIN,DFC3003D000001SAA,2311080790,Sin registro,PAQUETE 2.5 TON,PAQUETE,Aire Acondicionado,845
4048,Correctivo,COSTA GRANDE,DR. BERNARDO SEPÚLVEDA GUTIÉRREZ,DAIKIN,DFC3003D000001SAA,2311080790,Sin registro,PAQUETE 2.5 TON,PAQUETE,Aire Acondicionado,846
4049,Preventivo,COSTA GRANDE,DR. BERNARDO SEPÚLVEDA GUTIÉRREZ,DAIKIN,DCF1203D000001SAA,2309270809,Sin registro,PAQUETE 10 TON,PAQUETE,Aire Acondicionado,847
4050,Correctivo,COSTA GRANDE,DR. BERNARDO SEPÚLVEDA GUTIÉRREZ,DAIKIN,DCF1203D000001SAA,2309270809,Sin registro,PAQUETE 10 TON,PAQUETE,Aire Acondicionado,848
1767,Preventivo,COSTA GRANDE,HOSPITAL BÁSICO COMUNITARIO PETATLAN,CARRIER,38AUZA12A05A0A0A0,4416C91296,S/N,UMA 10 TON,UMA,Aire Acondicionado,849
1768,Correctivo,COSTA GRANDE,HOSPITAL BÁSICO COMUNITARIO PETATLAN,CARRIER,38AUZA12A05A0A0A0,4416C91296,S/N,UMA 10 TON,UMA,Aire Acondicionado,850
1769,Preventivo,COSTA GRANDE,HOSPITAL BÁSICO COMUNITARIO PETATLAN,ICP,RAS120H0AA0AATA,P181492984,S/N,UMA 10 TON,UMA,Aire Acondicionado,851
1770,Correctivo,COSTA GRANDE,HOSPITAL BÁSICO COMUNITARIO PETATLAN,ICP,RAS120H0AA0AATA,P181492984,S/N,UMA 10 TON,UMA,Aire Acondicionado,852
1771,Preventivo,COSTA GRANDE,HOSPITAL BÁSICO COMUNITARIO PETATLAN,BRYANT,558JP16D000A1A0AAA,2619P01283,S/N,UMA 15 TON,UMA,Aire Acondicionado,853
1772,Correctivo,COSTA GRANDE,HOSPITAL BÁSICO COMUNITARIO PETATLAN,BRYANT,558JP16D000A1A0AAA,2619P01283,S/N,UMA 15 TON,UMA,Aire Acondicionado,854
1773,Preventivo,COSTA GRANDE,HOSPITAL BÁSICO COMUNITARIO PETATLAN,MIRAGE,CLF121Q,ELF121Q7051910787,MS34,MINISPLIT 1 TON,MINISPLIT,Aire Acondicionado,855
1774,Correctivo,COSTA GRANDE,HOSPITAL BÁSICO COMUNITARIO PETATLAN,MIRAGE,CLF121Q,ELF121Q7051910787,MS34,MINISPLIT 1 TON,MINISPLIT,Aire Acondicionado,856
1775,Preventivo,COSTA GRANDE,HOSPITAL BÁSICO COMUNITARIO PETATLAN,MIRAGE,ELF261G,S/S,MS48,MINISPLIT 1 TON,MINISPLIT,Aire Acondicionado,857
1776,Correctivo,COSTA GRANDE,HOSPITAL BÁSICO COMUNITARIO PETATLAN,MIRAGE,ELF261G,S/S,MS48,MINISPLIT 1 TON,MINISPLIT,Aire Acondicionado,858
1777,Preventivo,COSTA GRANDE,HOSPITAL BÁSICO COMUNITARIO PETATLAN,MCQUAY/DAIKIN,RKN24AG216A,540V3469301A4240120013 540V3469301A4240120007,IMB005320/0003,MINISPLIT 2 TON,MINISPLIT,Aire Acondicionado,859
1778,Correctivo,COSTA GRANDE,HOSPITAL BÁSICO COMUNITARIO PETATLAN,MCQUAY/DAIKIN,RKN24AG216A,540V3469301A4240120013 540V3469301A4240120007,IMB005320/0003,MINISPLIT 2 TON,MINISPLIT,Aire Acondicionado,860
1779,Preventivo,COSTA GRANDE,HOSPITAL BÁSICO COMUNITARIO PETATLAN,MCQUAY/DAIKIN,FTKN24AG216A,540V3469302A4240130006 540V3469302A4240130007,IMB005320/0004,MINISPLIT 2 TON,MINISPLIT,Aire Acondicionado,861
1780,Correctivo,COSTA GRANDE,HOSPITAL BÁSICO COMUNITARIO PETATLAN,MCQUAY/DAIKIN,FTKN24AG216A,540V3469302A4240130006 540V3469302A4240130007,IMB005320/0004,MINISPLIT 2 TON,MINISPLIT,Aire Acondicionado,862
1781,Preventivo,COSTA GRANDE,HOSPITAL BÁSICO COMUNITARIO PETATLAN,MCQUAY/DAIKIN,RKN24AG216A,540V3469301A4240120022 540V3469301A4240120012,IMB005320/0005,MINISPLIT 2 TON,MINISPLIT,Aire Acondicionado,863
1782,Correctivo,COSTA GRANDE,HOSPITAL BÁSICO COMUNITARIO PETATLAN,MCQUAY/DAIKIN,RKN24AG216A,540V3469301A4240120022 540V3469301A4240120012,IMB005320/0005,MINISPLIT 2 TON,MINISPLIT,Aire Acondicionado,864
1783,Preventivo,COSTA GRANDE,HOSPITAL BÁSICO COMUNITARIO PETATLAN,MCQUAY/DAIKIN,FTKN24AG216A,540V3469302A4240130001 540V3469302A4240130010,IMB005320/0006,MINISPLIT 2 TON,MINISPLIT,Aire Acondicionado,865
1784,Correctivo,COSTA GRANDE,HOSPITAL BÁSICO COMUNITARIO PETATLAN,MCQUAY/DAIKIN,FTKN24AG216A,540V3469302A4240130001 540V3469302A4240130010,IMB005320/0006,MINISPLIT 2 TON,MINISPLIT,Aire Acondicionado,866
1785,Preventivo,COSTA GRANDE,HOSPITAL BÁSICO COMUNITARIO PETATLAN,MCQUAY/DAIKIN,RKN24AG216A,540V3469301A4240120014 540V3469301A4240120009,IMB005320/0007,MINISPLIT 2 TON,MINISPLIT,Aire Acondicionado,867
1786,Correctivo,COSTA GRANDE,HOSPITAL BÁSICO COMUNITARIO PETATLAN,MCQUAY/DAIKIN,RKN24AG216A,540V3469301A4240120014 540V3469301A4240120009,IMB005320/0007,MINISPLIT 2 TON,MINISPLIT,Aire Acondicionado,868
1787,Preventivo,COSTA GRANDE,HOSPITAL BÁSICO COMUNITARIO PETATLAN,MCQUAY/DAIKIN,FTKN24AG216A,540V3469302A4240130017 540V3469302A4240130014,IMB005320/0008,MINISPLIT 2 TON,MINISPLIT,Aire Acondicionado,869
1788,Correctivo,COSTA GRANDE,HOSPITAL BÁSICO COMUNITARIO PETATLAN,MCQUAY/DAIKIN,FTKN24AG216A,540V3469302A4240130017 540V3469302A4240130014,IMB005320/0008,MINISPLIT 2 TON,MINISPLIT,Aire Acondicionado,870
1789,Preventivo,COSTA GRANDE,HOSPITAL BÁSICO COMUNITARIO PETATLAN,MCQUAY/DAIKIN,RKN24AG216A,540U9833101A4120120040 540U9833101A4120120006,IMB005320/0009,MINISPLIT 2 TON,MINISPLIT,Aire Acondicionado,871
1790,Correctivo,COSTA GRANDE,HOSPITAL BÁSICO COMUNITARIO PETATLAN,MCQUAY/DAIKIN,RKN24AG216A,540U9833101A4120120040 540U9833101A4120120006,IMB005320/0009,MINISPLIT 2 TON,MINISPLIT,Aire Acondicionado,872
1791,Preventivo,COSTA GRANDE,HOSPITAL BÁSICO COMUNITARIO PETATLAN,MCQUAY/DAIKIN,FTKN24AG216A,540V3469302A4240130016 540V3469302A4240130003,IMB005320/0010,MINISPLIT 2 TON,MINISPLIT,Aire Acondicionado,873
1792,Correctivo,COSTA GRANDE,HOSPITAL BÁSICO COMUNITARIO PETATLAN,MCQUAY/DAIKIN,FTKN24AG216A,540V3469302A4240130016 540V3469302A4240130003,IMB005320/0010,MINISPLIT 2 TON,MINISPLIT,Aire Acondicionado,874
1793,Preventivo,COSTA GRANDE,HOSPITAL BÁSICO COMUNITARIO PETATLAN,MIRAGE,ELF261G,ELF261G44041803435,MS13,MINISPLIT 2 TON,MINISPLIT,Aire Acondicionado,875
1794,Correctivo,COSTA GRANDE,HOSPITAL BÁSICO COMUNITARIO PETATLAN,MIRAGE,ELF261G,ELF261G44041803435,MS13,MINISPLIT 2 TON,MINISPLIT,Aire Acondicionado,876
1795,Preventivo,COSTA GRANDE,HOSPITAL BÁSICO COMUNITARIO PETATLAN,MCQUAY/DAIKIN,RKN24AG216A,540V3469301A4240120023,IMB005320/0011,MINISPLIT 2 TON,MINISPLIT,Aire Acondicionado,877
1796,Correctivo,COSTA GRANDE,HOSPITAL BÁSICO COMUNITARIO PETATLAN,MCQUAY/DAIKIN,RKN24AG216A,540V3469301A4240120023,IMB005320/0011,MINISPLIT 2 TON,MINISPLIT,Aire Acondicionado,878
1797,Preventivo,COSTA GRANDE,HOSPITAL BÁSICO COMUNITARIO PETATLAN,MCQUAY/DAIKIN,FTKN24AG216A,540V3461302A4240130026,IMB005320/0012,MINISPLIT 2 TON,MINISPLIT,Aire Acondicionado,879
1798,Correctivo,COSTA GRANDE,HOSPITAL BÁSICO COMUNITARIO PETATLAN,MCQUAY/DAIKIN,FTKN24AG216A,540V3461302A4240130026,IMB005320/0012,MINISPLIT 2 TON,MINISPLIT,Aire Acondicionado,880
1799,Preventivo,COSTA GRANDE,HOSPITAL BÁSICO COMUNITARIO PETATLAN,MCQUAY/DAIKIN,RKN12AG216A,540V3056101A4260170050 540V3056101A4260170032,3IMB005320/0013,MINISPLIT 1 TON,MINISPLIT,Aire Acondicionado,881
1800,Correctivo,COSTA GRANDE,HOSPITAL BÁSICO COMUNITARIO PETATLAN,MCQUAY/DAIKIN,RKN12AG216A,540V3056101A4260170050 540V3056101A4260170032,3IMB005320/0013,MINISPLIT 1 TON,MINISPLIT,Aire Acondicionado,882
1801,Preventivo,COSTA GRANDE,HOSPITAL BÁSICO COMUNITARIO PETATLAN,MCQUAY/DAIKIN,FTKN12AG216A,540V3056102A4250130062 540V3056102A4250130151,3IMB005320/0014,MINISPLIT 1 TON,MINISPLIT,Aire Acondicionado,883
1802,Correctivo,COSTA GRANDE,HOSPITAL BÁSICO COMUNITARIO PETATLAN,MCQUAY/DAIKIN,FTKN12AG216A,540V3056102A4250130062 540V3056102A4250130151,3IMB005320/0014,MINISPLIT 1 TON,MINISPLIT,Aire Acondicionado,884
1803,Preventivo,COSTA GRANDE,HOSPITAL BÁSICO COMUNITARIO PETATLAN,MIRAGE,ELF261G,ELF261G44041803093,MS31,MINISPLIT 1 TON,MINISPLIT,Aire Acondicionado,885
1804,Correctivo,COSTA GRANDE,HOSPITAL BÁSICO COMUNITARIO PETATLAN,MIRAGE,ELF261G,ELF261G44041803093,MS31,MINISPLIT 1 TON,MINISPLIT,Aire Acondicionado,886
1805,Preventivo,COSTA GRANDE,HOSPITAL BÁSICO COMUNITARIO PETATLAN,MIRAGE,ELF261G,ELF261G44041802261,MS32,MINISPLIT 1 TON,MINISPLIT,Aire Acondicionado,887
1806,Correctivo,COSTA GRANDE,HOSPITAL BÁSICO COMUNITARIO PETATLAN,MIRAGE,ELF261G,ELF261G44041802261,MS32,MINISPLIT 1 TON,MINISPLIT,Aire Acondicionado,888
1807,Preventivo,COSTA GRANDE,HOSPITAL BÁSICO COMUNITARIO PETATLAN,MIRAGE,EKF261G,ELF261G44041803088,MS33,MINISPLIT 1 TON,MINISPLIT,Aire Acondicionado,889
1808,Correctivo,COSTA GRANDE,HOSPITAL BÁSICO COMUNITARIO PETATLAN,MIRAGE,EKF261G,ELF261G44041803088,MS33,MINISPLIT 1 TON,MINISPLIT,Aire Acondicionado,890
1809,Preventivo,COSTA GRANDE,HOSPITAL BÁSICO COMUNITARIO PETATLAN,MIRAGE,ELF261G,ELF261G44041803098,MS20,MINISPLIT 1 TON,MINISPLIT,Aire Acondicionado,891
1810,Correctivo,COSTA GRANDE,HOSPITAL BÁSICO COMUNITARIO PETATLAN,MIRAGE,ELF261G,ELF261G44041803098,MS20,MINISPLIT 1 TON,MINISPLIT,Aire Acondicionado,892
1811,Preventivo,COSTA GRANDE,HOSPITAL BÁSICO COMUNITARIO PETATLAN,MIRAGE,ELF261G,ELF261G44041802116,MS17,MINISPLIT 1 TON,MINISPLIT,Aire Acondicionado,893
1812,Correctivo,COSTA GRANDE,HOSPITAL BÁSICO COMUNITARIO PETATLAN,MIRAGE,ELF261G,ELF261G44041802116,MS17,MINISPLIT 1 TON,MINISPLIT,Aire Acondicionado,894
1813,Preventivo,COSTA GRANDE,HOSPITAL BÁSICO COMUNITARIO PETATLAN,MIRAGE,ELF181G,ELF181G44021802578,MS41,MINISPLIT 1 TON,MINISPLIT,Aire Acondicionado,895
1814,Correctivo,COSTA GRANDE,HOSPITAL BÁSICO COMUNITARIO PETATLAN,MIRAGE,ELF181G,ELF181G44021802578,MS41,MINISPLIT 1 TON,MINISPLIT,Aire Acondicionado,896
1815,Preventivo,COSTA GRANDE,HOSPITAL BÁSICO COMUNITARIO PETATLAN,MIRAGE,ELF121Q,ELF121Q7051910876,MS02,MINISPLIT 1 TON,MINISPLIT,Aire Acondicionado,897
1816,Correctivo,COSTA GRANDE,HOSPITAL BÁSICO COMUNITARIO PETATLAN,MIRAGE,ELF121Q,ELF121Q7051910876,MS02,MINISPLIT 1 TON,MINISPLIT,Aire Acondicionado,898
1817,Preventivo,COSTA GRANDE,HOSPITAL BÁSICO COMUNITARIO PETATLAN,MIRAGE,ELF261G,ELF261G44041802109,MS14,MINISPLIT 1 TON,MINISPLIT,Aire Acondicionado,899
1818,Correctivo,COSTA GRANDE,HOSPITAL BÁSICO COMUNITARIO PETATLAN,MIRAGE,ELF261G,ELF261G44041802109,MS14,MINISPLIT 1 TON,MINISPLIT,Aire Acondicionado,900
1819,Preventivo,COSTA GRANDE,HOSPITAL BÁSICO COMUNITARIO PETATLAN,MIRAGE,ELF261G,S/S,MS45,MINISPLIT 1 TON,MINISPLIT,Aire Acondicionado,901
1820,Correctivo,COSTA GRANDE,HOSPITAL BÁSICO COMUNITARIO PETATLAN,MIRAGE,ELF261G,S/S,MS45,MINISPLIT 1 TON,MINISPLIT,Aire Acondicionado,902
1821,Preventivo,COSTA GRANDE,HOSPITAL BÁSICO COMUNITARIO PETATLAN,MIRAGE,ELF261G,S/S,MS46,MINISPLIT 1 TON,MINISPLIT,Aire Acondicionado,903
1822,Correctivo,COSTA GRANDE,HOSPITAL BÁSICO COMUNITARIO PETATLAN,MIRAGE,ELF261G,S/S,MS46,MINISPLIT 1 TON,MINISPLIT,Aire Acondicionado,904
1823,Preventivo,COSTA GRANDE,HOSPITAL BÁSICO COMUNITARIO PETATLAN,MIRAGE,ELF261G,ELF261G44041803287,MS26,MINISPLIT 1 TON,MINISPLIT,Aire Acondicionado,905
1824,Correctivo,COSTA GRANDE,HOSPITAL BÁSICO COMUNITARIO PETATLAN,MIRAGE,ELF261G,ELF261G44041803287,MS26,MINISPLIT 1 TON,MINISPLIT,Aire Acondicionado,906
1825,Preventivo,COSTA GRANDE,HOSPITAL BÁSICO COMUNITARIO PETATLAN,MIRAGE,CLF181G,S/S,MS08,MINISPLIT 1 TON,MINISPLIT,Aire Acondicionado,907
1826,Correctivo,COSTA GRANDE,HOSPITAL BÁSICO COMUNITARIO PETATLAN,MIRAGE,CLF181G,S/S,MS08,MINISPLIT 1 TON,MINISPLIT,Aire Acondicionado,908
1827,Preventivo,COSTA GRANDE,HOSPITAL BÁSICO COMUNITARIO PETATLAN,MIRAGE,CLF181G,S/S,MS09,MINISPLIT 1 TON,MINISPLIT,Aire Acondicionado,909
1828,Correctivo,COSTA GRANDE,HOSPITAL BÁSICO COMUNITARIO PETATLAN,MIRAGE,CLF181G,S/S,MS09,MINISPLIT 1 TON,MINISPLIT,Aire Acondicionado,910
1829,Preventivo,COSTA GRANDE,HOSPITAL BÁSICO COMUNITARIO PETATLAN,MIRAGE,CLF181G,S/S,MS10,MINISPLIT 1 TON,MINISPLIT,Aire Acondicionado,911
1830,Correctivo,COSTA GRANDE,HOSPITAL BÁSICO COMUNITARIO PETATLAN,MIRAGE,CLF181G,S/S,MS10,MINISPLIT 1 TON,MINISPLIT,Aire Acondicionado,912
1831,Preventivo,COSTA GRANDE,HOSPITAL BÁSICO COMUNITARIO PETATLAN,MIRAGE,CLF181G,S/S,MS11,MINISPLIT 1 TON,MINISPLIT,Aire Acondicionado,913
1832,Correctivo,COSTA GRANDE,HOSPITAL BÁSICO COMUNITARIO PETATLAN,MIRAGE,CLF181G,S/S,MS11,MINISPLIT 1 TON,MINISPLIT,Aire Acondicionado,914
1833,Preventivo,COSTA GRANDE,HOSPITAL BÁSICO COMUNITARIO PETATLAN,MIRAGE,CLF181G,S/S,MS12,MINISPLIT 1 TON,MINISPLIT,Aire Acondicionado,915
1834,Correctivo,COSTA GRANDE,HOSPITAL BÁSICO COMUNITARIO PETATLAN,MIRAGE,CLF181G,S/S,MS12,MINISPLIT 1 TON,MINISPLIT,Aire Acondicionado,916
1835,Preventivo,COSTA GRANDE,HOSPITAL BÁSICO COMUNITARIO PETATLAN,MIRAGE,CLF181G,S/S,MS06,MINISPLIT 1 TON,MINISPLIT,Aire Acondicionado,917
1836,Correctivo,COSTA GRANDE,HOSPITAL BÁSICO COMUNITARIO PETATLAN,MIRAGE,CLF181G,S/S,MS06,MINISPLIT 1 TON,MINISPLIT,Aire Acondicionado,918
1837,Preventivo,COSTA GRANDE,HOSPITAL BÁSICO COMUNITARIO PETATLAN,A&P,VE-01,S/S,S/N,EXTRACTOR DE AIRE ACONDICIONADO,EXTRACTOR,Aire Acondicionado,919
1838,Correctivo,COSTA GRANDE,HOSPITAL BÁSICO COMUNITARIO PETATLAN,A&P,VE-01,S/S,S/N,EXTRACTOR DE AIRE ACONDICIONADO,EXTRACTOR,Aire Acondicionado,920
1839,Preventivo,COSTA GRANDE,HOSPITAL BÁSICO COMUNITARIO PETATLAN,A&P,VE-02,S/S,S/N,EXTRACTOR DE AIRE ACONDICIONADO,EXTRACTOR,Aire Acondicionado,921
1840,Correctivo,COSTA GRANDE,HOSPITAL BÁSICO COMUNITARIO PETATLAN,A&P,VE-02,S/S,S/N,EXTRACTOR DE AIRE ACONDICIONADO,EXTRACTOR,Aire Acondicionado,922
1841,Preventivo,COSTA GRANDE,HOSPITAL BÁSICO COMUNITARIO PETATLAN,A&P,VE-03,S/S,S/N,EXTRACTOR DE AIRE ACONDICIONADO,EXTRACTOR,Aire Acondicionado,923
1842,Correctivo,COSTA GRANDE,HOSPITAL BÁSICO COMUNITARIO PETATLAN,A&P,VE-03,S/S,S/N,EXTRACTOR DE AIRE ACONDICIONADO,EXTRACTOR,Aire Acondicionado,924
1843,Preventivo,COSTA GRANDE,HOSPITAL BÁSICO COMUNITARIO PETATLAN,A&P,VE-04,S/S,S/N,EXTRACTOR DE AIRE ACONDICIONADO,EXTRACTOR,Aire Acondicionado,925
1844,Correctivo,COSTA GRANDE,HOSPITAL BÁSICO COMUNITARIO PETATLAN,A&P,VE-04,S/S,S/N,EXTRACTOR DE AIRE ACONDICIONADO,EXTRACTOR,Aire Acondicionado,926
1845,Preventivo,COSTA GRANDE,HOSPITAL BÁSICO COMUNITARIO PETATLAN,A&P,VE-05,S/S,S/N,EXTRACTOR DE AIRE ACONDICIONADO,EXTRACTOR,Aire Acondicionado,927
1846,Correctivo,COSTA GRANDE,HOSPITAL BÁSICO COMUNITARIO PETATLAN,A&P,VE-05,S/S,S/N,EXTRACTOR DE AIRE ACONDICIONADO,EXTRACTOR,Aire Acondicionado,928
1847,Preventivo,COSTA GRANDE,HOSPITAL BÁSICO COMUNITARIO PETATLAN,A&P,VE-06,S/S,S/N,EXTRACTOR DE AIRE ACONDICIONADO,EXTRACTOR,Aire Acondicionado,929
1848,Correctivo,COSTA GRANDE,HOSPITAL BÁSICO COMUNITARIO PETATLAN,A&P,VE-06,S/S,S/N,EXTRACTOR DE AIRE ACONDICIONADO,EXTRACTOR,Aire Acondicionado,930
1849,Preventivo,COSTA GRANDE,HOSPITAL BÁSICO COMUNITARIO PETATLAN,A&P,VE-07,S/S,S/N,EXTRACTOR DE AIRE ACONDICIONADO,EXTRACTOR,Aire Acondicionado,931
1850,Correctivo,COSTA GRANDE,HOSPITAL BÁSICO COMUNITARIO PETATLAN,A&P,VE-07,S/S,S/N,EXTRACTOR DE AIRE ACONDICIONADO,EXTRACTOR,Aire Acondicionado,932
1851,Preventivo,COSTA GRANDE,HOSPITAL BÁSICO COMUNITARIO PETATLAN,MIRAGE,CXF121F,S/S,MS16,MINISPLIT 1 TON,MINISPLIT,Aire Acondicionado,933
1852,Correctivo,COSTA GRANDE,HOSPITAL BÁSICO COMUNITARIO PETATLAN,MIRAGE,CXF121F,S/S,MS16,MINISPLIT 1 TON,MINISPLIT,Aire Acondicionado,934
1853,Preventivo,COSTA GRANDE,HOSPITAL BÁSICO COMUNITARIO PETATLAN,MIRAGE,CXF121F,S/S,MS19,MINISPLIT 1 TON,MINISPLIT,Aire Acondicionado,935
1854,Correctivo,COSTA GRANDE,HOSPITAL BÁSICO COMUNITARIO PETATLAN,MIRAGE,CXF121F,S/S,MS19,MINISPLIT 1 TON,MINISPLIT,Aire Acondicionado,936
1855,Preventivo,COSTA GRANDE,HOSPITAL BÁSICO COMUNITARIO PETATLAN,MIRAGE,EXF121F,S/S,MS27,MINISPLIT 1 TON,MINISPLIT,Aire Acondicionado,937
1856,Correctivo,COSTA GRANDE,HOSPITAL BÁSICO COMUNITARIO PETATLAN,MIRAGE,EXF121F,S/S,MS27,MINISPLIT 1 TON,MINISPLIT,Aire Acondicionado,938
1857,Preventivo,COSTA GRANDE,HOSPITAL BÁSICO COMUNITARIO PETATLAN,MIRAGE,EXF121F,S/S,MS15,MINISPLIT 1 TON,MINISPLIT,Aire Acondicionado,939
1858,Correctivo,COSTA GRANDE,HOSPITAL BÁSICO COMUNITARIO PETATLAN,MIRAGE,EXF121F,S/S,MS15,MINISPLIT 1 TON,MINISPLIT,Aire Acondicionado,940
2485,Preventivo,COSTA GRANDE,CENTRO COMUNITARIO DE SALUD MENTAL Y ADICCIONES COACOYUL ZIHUATANEJO DE AZUETA,MIRAGE,ELF121T,NO PROPORCIONADO,S/N,MINISPLIT 1 TON,MINISPLIT,Aire Acondicionado,941
2486,Correctivo,COSTA GRANDE,CENTRO COMUNITARIO DE SALUD MENTAL Y ADICCIONES COACOYUL ZIHUATANEJO DE AZUETA,MIRAGE,ELF121T,NO PROPORCIONADO,S/N,MINISPLIT 1 TON,MINISPLIT,Aire Acondicionado,942
2487,Preventivo,COSTA GRANDE,CENTRO COMUNITARIO DE SALUD MENTAL Y ADICCIONES COACOYUL ZIHUATANEJO DE AZUETA,MIRAGE,ELF121T,NO PROPORCIONADO,S/N,MINISPLIT 1 TON,MINISPLIT,Aire Acondicionado,943
2488,Correctivo,COSTA GRANDE,CENTRO COMUNITARIO DE SALUD MENTAL Y ADICCIONES COACOYUL ZIHUATANEJO DE AZUETA,MIRAGE,ELF121T,NO PROPORCIONADO,S/N,MINISPLIT 1 TON,MINISPLIT,Aire Acondicionado,944
2489,Preventivo,COSTA GRANDE,CENTRO COMUNITARIO DE SALUD MENTAL Y ADICCIONES COACOYUL ZIHUATANEJO DE AZUETA,MIRAGE,ELF121T,NO PROPORCIONADO,S/N,MINISPLIT 1 TON,MINISPLIT,Aire Acondicionado,945
2490,Correctivo,COSTA GRANDE,CENTRO COMUNITARIO DE SALUD MENTAL Y ADICCIONES COACOYUL ZIHUATANEJO DE AZUETA,MIRAGE,ELF121T,NO PROPORCIONADO,S/N,MINISPLIT 1 TON,MINISPLIT,Aire Acondicionado,946
2491,Preventivo,COSTA GRANDE,CENTRO COMUNITARIO DE SALUD MENTAL Y ADICCIONES COACOYUL ZIHUATANEJO DE AZUETA,MIRAGE,ELF121T,NO PROPORCIONADO,S/N,MINISPLIT 1 TON,MINISPLIT,Aire Acondicionado,947
2492,Correctivo,COSTA GRANDE,CENTRO COMUNITARIO DE SALUD MENTAL Y ADICCIONES COACOYUL ZIHUATANEJO DE AZUETA,MIRAGE,ELF121T,NO PROPORCIONADO,S/N,MINISPLIT 1 TON,MINISPLIT,Aire Acondicionado,948
2493,Preventivo,COSTA GRANDE,CENTRO COMUNITARIO DE SALUD MENTAL Y ADICCIONES COACOYUL ZIHUATANEJO DE AZUETA,MIRAGE,ELF121T,NO PROPORCIONADO,S/N,MINISPLIT 1 TON,MINISPLIT,Aire Acondicionado,949
2494,Correctivo,COSTA GRANDE,CENTRO COMUNITARIO DE SALUD MENTAL Y ADICCIONES COACOYUL ZIHUATANEJO DE AZUETA,MIRAGE,ELF121T,NO PROPORCIONADO,S/N,MINISPLIT 1 TON,MINISPLIT,Aire Acondicionado,950
2495,Preventivo,COSTA GRANDE,CENTRO COMUNITARIO DE SALUD MENTAL Y ADICCIONES COACOYUL ZIHUATANEJO DE AZUETA,MIRAGE,ELF121T,NO PROPORCIONADO,S/N,MINISPLIT 1 TON,MINISPLIT,Aire Acondicionado,951
2496,Correctivo,COSTA GRANDE,CENTRO COMUNITARIO DE SALUD MENTAL Y ADICCIONES COACOYUL ZIHUATANEJO DE AZUETA,MIRAGE,ELF121T,NO PROPORCIONADO,S/N,MINISPLIT 1 TON,MINISPLIT,Aire Acondicionado,952
2497,Preventivo,COSTA GRANDE,CENTRO COMUNITARIO DE SALUD MENTAL Y ADICCIONES COACOYUL ZIHUATANEJO DE AZUETA,MIRAGE,ELF121T,NO PROPORCIONADO,S/N,MINISPLIT 1 TON,MINISPLIT,Aire Acondicionado,953
2498,Correctivo,COSTA GRANDE,CENTRO COMUNITARIO DE SALUD MENTAL Y ADICCIONES COACOYUL ZIHUATANEJO DE AZUETA,MIRAGE,ELF121T,NO PROPORCIONADO,S/N,MINISPLIT 1 TON,MINISPLIT,Aire Acondicionado,954
2499,Preventivo,COSTA GRANDE,CENTRO COMUNITARIO DE SALUD MENTAL Y ADICCIONES COACOYUL ZIHUATANEJO DE AZUETA,MIRAGE,ELF121T,NO PROPORCIONADO,S/N,MINISPLIT 1 TON,MINISPLIT,Aire Acondicionado,955
2500,Correctivo,COSTA GRANDE,CENTRO COMUNITARIO DE SALUD MENTAL Y ADICCIONES COACOYUL ZIHUATANEJO DE AZUETA,MIRAGE,ELF121T,NO PROPORCIONADO,S/N,MINISPLIT 1 TON,MINISPLIT,Aire Acondicionado,956
1859,Preventivo,COSTA GRANDE,HOSPITAL BÁSICO COMUNITARIO TECPAN DE GALEANA,TRANE,4MCW1530A1000AA,X2035TO3021C0097,1,MINISPLIT 1 TON,MINISPLIT,Aire Acondicionado,957
1860,Correctivo,COSTA GRANDE,HOSPITAL BÁSICO COMUNITARIO TECPAN DE GALEANA,TRANE,4MCW1530A1000AA,X2035TO3021C0097,1,MINISPLIT 1 TON,MINISPLIT,Aire Acondicionado,958
1861,Preventivo,COSTA GRANDE,HOSPITAL BÁSICO COMUNITARIO TECPAN DE GALEANA,TRANE,4MCW1530A1000AA,X2120TO3021C0013,2,MINISPLIT 1 TON,MINISPLIT,Aire Acondicionado,959
1862,Correctivo,COSTA GRANDE,HOSPITAL BÁSICO COMUNITARIO TECPAN DE GALEANA,TRANE,4MCW1530A1000AA,X2120TO3021C0013,2,MINISPLIT 1 TON,MINISPLIT,Aire Acondicionado,960
1863,Preventivo,COSTA GRANDE,HOSPITAL BÁSICO COMUNITARIO TECPAN DE GALEANA,MIRAGE,EPF181D,340D733230117270810112,3,MINISPLIT 1 TON,MINISPLIT,Aire Acondicionado,961
1864,Correctivo,COSTA GRANDE,HOSPITAL BÁSICO COMUNITARIO TECPAN DE GALEANA,MIRAGE,EPF181D,340D733230117270810112,3,MINISPLIT 1 TON,MINISPLIT,Aire Acondicionado,962
1865,Preventivo,COSTA GRANDE,HOSPITAL BÁSICO COMUNITARIO TECPAN DE GALEANA,MIRAGE,ELF181D,340D733230117150861820,4,MINISPLIT 1 TON,MINISPLIT,Aire Acondicionado,963
1866,Correctivo,COSTA GRANDE,HOSPITAL BÁSICO COMUNITARIO TECPAN DE GALEANA,MIRAGE,ELF181D,340D733230117150861820,4,MINISPLIT 1 TON,MINISPLIT,Aire Acondicionado,964
1867,Preventivo,COSTA GRANDE,HOSPITAL BÁSICO COMUNITARIO TECPAN DE GALEANA,YORK,NO SE VE,NO SE VE,5,MINISPLIT 1 TON,MINISPLIT,Aire Acondicionado,965
1868,Correctivo,COSTA GRANDE,HOSPITAL BÁSICO COMUNITARIO TECPAN DE GALEANA,YORK,NO SE VE,NO SE VE,5,MINISPLIT 1 TON,MINISPLIT,Aire Acondicionado,966
1869,Preventivo,COSTA GRANDE,HOSPITAL BÁSICO COMUNITARIO TECPAN DE GALEANA,YORK,YHFE24XJMAXA-RX,020601332181100853,6,MINISPLIT 1 TON,MINISPLIT,Aire Acondicionado,967
1870,Correctivo,COSTA GRANDE,HOSPITAL BÁSICO COMUNITARIO TECPAN DE GALEANA,YORK,YHFE24XJMAXA-RX,020601332181100853,6,MINISPLIT 1 TON,MINISPLIT,Aire Acondicionado,968
1871,Preventivo,COSTA GRANDE,HOSPITAL BÁSICO COMUNITARIO TECPAN DE GALEANA,YORK,YHFE12ZJM NO ESTA COMPLETO,020201332181101394,7,MINISPLIT 1 TON,MINISPLIT,Aire Acondicionado,969
1872,Correctivo,COSTA GRANDE,HOSPITAL BÁSICO COMUNITARIO TECPAN DE GALEANA,YORK,YHFE12ZJM NO ESTA COMPLETO,020201332181101394,7,MINISPLIT 1 TON,MINISPLIT,Aire Acondicionado,970
1873,Preventivo,COSTA GRANDE,HOSPITAL BÁSICO COMUNITARIO TECPAN DE GALEANA,YORK,YHFE18XJMAXA-RX,020401958180500278,8,MINISPLIT 1 TON,MINISPLIT,Aire Acondicionado,971
1874,Correctivo,COSTA GRANDE,HOSPITAL BÁSICO COMUNITARIO TECPAN DE GALEANA,YORK,YHFE18XJMAXA-RX,020401958180500278,8,MINISPLIT 1 TON,MINISPLIT,Aire Acondicionado,972
1875,Preventivo,COSTA GRANDE,HOSPITAL BÁSICO COMUNITARIO TECPAN DE GALEANA,YORK,YHFE12XJMAXA-RX,020201332181101105,9,MINISPLIT 1 TON,MINISPLIT,Aire Acondicionado,973
1876,Correctivo,COSTA GRANDE,HOSPITAL BÁSICO COMUNITARIO TECPAN DE GALEANA,YORK,YHFE12XJMAXA-RX,020201332181101105,9,MINISPLIT 1 TON,MINISPLIT,Aire Acondicionado,974
1877,Preventivo,COSTA GRANDE,HOSPITAL BÁSICO COMUNITARIO TECPAN DE GALEANA,YORK,YHFE12XJMAXA-RX,020201332181101423,10,MINISPLIT 1 TON,MINISPLIT,Aire Acondicionado,975
1878,Correctivo,COSTA GRANDE,HOSPITAL BÁSICO COMUNITARIO TECPAN DE GALEANA,YORK,YHFE12XJMAXA-RX,020201332181101423,10,MINISPLIT 1 TON,MINISPLIT,Aire Acondicionado,976
1879,Preventivo,COSTA GRANDE,HOSPITAL BÁSICO COMUNITARIO TECPAN DE GALEANA,YORK,YHFE12XJMAXA-RX,020201865180800214,11,MINISPLIT 1 TON,MINISPLIT,Aire Acondicionado,977
1880,Correctivo,COSTA GRANDE,HOSPITAL BÁSICO COMUNITARIO TECPAN DE GALEANA,YORK,YHFE12XJMAXA-RX,020201865180800214,11,MINISPLIT 1 TON,MINISPLIT,Aire Acondicionado,978
1881,Preventivo,COSTA GRANDE,HOSPITAL BÁSICO COMUNITARIO TECPAN DE GALEANA,YORK,YHFE12XJMAXA-RX,020201332181101409,12,MINISPLIT 1 TON,MINISPLIT,Aire Acondicionado,979
1882,Correctivo,COSTA GRANDE,HOSPITAL BÁSICO COMUNITARIO TECPAN DE GALEANA,YORK,YHFE12XJMAXA-RX,020201332181101409,12,MINISPLIT 1 TON,MINISPLIT,Aire Acondicionado,980
1883,Preventivo,COSTA GRANDE,HOSPITAL BÁSICO COMUNITARIO TECPAN DE GALEANA,YORK,YNFFXC036BAAD-FX,331701032171200206,13,MINISPLIT 1 TON,MINISPLIT,Aire Acondicionado,981
1884,Correctivo,COSTA GRANDE,HOSPITAL BÁSICO COMUNITARIO TECPAN DE GALEANA,YORK,YNFFXC036BAAD-FX,331701032171200206,13,MINISPLIT 1 TON,MINISPLIT,Aire Acondicionado,982
1885,Preventivo,COSTA GRANDE,HOSPITAL BÁSICO COMUNITARIO TECPAN DE GALEANA,YORK,YHFE12XJMAXA-RX,020201865180800171,14,MINISPLIT 1 TON,MINISPLIT,Aire Acondicionado,983
1886,Correctivo,COSTA GRANDE,HOSPITAL BÁSICO COMUNITARIO TECPAN DE GALEANA,YORK,YHFE12XJMAXA-RX,020201865180800171,14,MINISPLIT 1 TON,MINISPLIT,Aire Acondicionado,984
1887,Preventivo,COSTA GRANDE,HOSPITAL BÁSICO COMUNITARIO TECPAN DE GALEANA,FREYVEN GREEN,53FVC243B,NO TIENE,15,MINISPLIT 1 TON,MINISPLIT,Aire Acondicionado,985
1888,Correctivo,COSTA GRANDE,HOSPITAL BÁSICO COMUNITARIO TECPAN DE GALEANA,FREYVEN GREEN,53FVC243B,NO TIENE,15,MINISPLIT 1 TON,MINISPLIT,Aire Acondicionado,986
1889,Preventivo,COSTA GRANDE,HOSPITAL BÁSICO COMUNITARIO TECPAN DE GALEANA,FREYVEN GREEN,53FVC243B,NO TIENE,16,MINISPLIT 1 TON,MINISPLIT,Aire Acondicionado,987
1890,Correctivo,COSTA GRANDE,HOSPITAL BÁSICO COMUNITARIO TECPAN DE GALEANA,FREYVEN GREEN,53FVC243B,NO TIENE,16,MINISPLIT 1 TON,MINISPLIT,Aire Acondicionado,988
1891,Preventivo,COSTA GRANDE,HOSPITAL BÁSICO COMUNITARIO TECPAN DE GALEANA,FREYVEN GREEN,53FVC243B,NO TIENE,17,MINISPLIT 1 TON,MINISPLIT,Aire Acondicionado,989
1892,Correctivo,COSTA GRANDE,HOSPITAL BÁSICO COMUNITARIO TECPAN DE GALEANA,FREYVEN GREEN,53FVC243B,NO TIENE,17,MINISPLIT 1 TON,MINISPLIT,Aire Acondicionado,990
1893,Preventivo,COSTA GRANDE,HOSPITAL BÁSICO COMUNITARIO TECPAN DE GALEANA,FREYVEN GREEN,53FVC243B,NO TIENE,18,MINISPLIT 1 TON,MINISPLIT,Aire Acondicionado,991
1894,Correctivo,COSTA GRANDE,HOSPITAL BÁSICO COMUNITARIO TECPAN DE GALEANA,FREYVEN GREEN,53FVC243B,NO TIENE,18,MINISPLIT 1 TON,MINISPLIT,Aire Acondicionado,992
1895,Preventivo,COSTA GRANDE,HOSPITAL BÁSICO COMUNITARIO TECPAN DE GALEANA,YORK,YHFE12XJMAXA-RX,020201332181101126,19,MINISPLIT 1 TON,MINISPLIT,Aire Acondicionado,993
1896,Correctivo,COSTA GRANDE,HOSPITAL BÁSICO COMUNITARIO TECPAN DE GALEANA,YORK,YHFE12XJMAXA-RX,020201332181101126,19,MINISPLIT 1 TON,MINISPLIT,Aire Acondicionado,994
1897,Preventivo,COSTA GRANDE,HOSPITAL BÁSICO COMUNITARIO TECPAN DE GALEANA,YORK,YHFE12XJMAXA-RX,020201865180800216,20,MINISPLIT 1 TON,MINISPLIT,Aire Acondicionado,995
1898,Correctivo,COSTA GRANDE,HOSPITAL BÁSICO COMUNITARIO TECPAN DE GALEANA,YORK,YHFE12XJMAXA-RX,020201865180800216,20,MINISPLIT 1 TON,MINISPLIT,Aire Acondicionado,996
1899,Preventivo,COSTA GRANDE,HOSPITAL BÁSICO COMUNITARIO TECPAN DE GALEANA,YORK,YHFE12XJMAXA-RX,020201865180800281,21,MINISPLIT 1 TON,MINISPLIT,Aire Acondicionado,997
1900,Correctivo,COSTA GRANDE,HOSPITAL BÁSICO COMUNITARIO TECPAN DE GALEANA,YORK,YHFE12XJMAXA-RX,020201865180800281,21,MINISPLIT 1 TON,MINISPLIT,Aire Acondicionado,998
1901,Preventivo,COSTA GRANDE,HOSPITAL BÁSICO COMUNITARIO TECPAN DE GALEANA,YORK,YHFE12XJMAXA-RX,020201332181101106,22,MINISPLIT 1 TON,MINISPLIT,Aire Acondicionado,999
1902,Correctivo,COSTA GRANDE,HOSPITAL BÁSICO COMUNITARIO TECPAN DE GALEANA,YORK,YHFE12XJMAXA-RX,020201332181101106,22,MINISPLIT 1 TON,MINISPLIT,Aire Acondicionado,1000
1903,Preventivo,COSTA GRANDE,HOSPITAL BÁSICO COMUNITARIO TECPAN DE GALEANA,YORK,YHFE12XJMAXA-RX,020201332181101103,23,MINISPLIT 1 TON,MINISPLIT,Aire Acondicionado,1001
1904,Correctivo,COSTA GRANDE,HOSPITAL BÁSICO COMUNITARIO TECPAN DE GALEANA,YORK,YHFE12XJMAXA-RX,020201332181101103,23,MINISPLIT 1 TON,MINISPLIT,Aire Acondicionado,1002
1905,Preventivo,COSTA GRANDE,HOSPITAL BÁSICO COMUNITARIO TECPAN DE GALEANA,YORK,YHFE18XJMAXA-RX,020401958180503229,24,MINISPLIT 1 TON,MINISPLIT,Aire Acondicionado,1003
1906,Correctivo,COSTA GRANDE,HOSPITAL BÁSICO COMUNITARIO TECPAN DE GALEANA,YORK,YHFE18XJMAXA-RX,020401958180503229,24,MINISPLIT 1 TON,MINISPLIT,Aire Acondicionado,1004
1907,Preventivo,COSTA GRANDE,HOSPITAL BÁSICO COMUNITARIO TECPAN DE GALEANA,YORK,YHFE12XJMAXA-RX,020201865180800115,25,MINISPLIT 1 TON,MINISPLIT,Aire Acondicionado,1005
1908,Correctivo,COSTA GRANDE,HOSPITAL BÁSICO COMUNITARIO TECPAN DE GALEANA,YORK,YHFE12XJMAXA-RX,020201865180800115,25,MINISPLIT 1 TON,MINISPLIT,Aire Acondicionado,1006
1909,Preventivo,COSTA GRANDE,HOSPITAL BÁSICO COMUNITARIO TECPAN DE GALEANA,YORK,YHFE12XJMAXA-RX,020201332181101114,26,MINISPLIT 1 TON,MINISPLIT,Aire Acondicionado,1007
1910,Correctivo,COSTA GRANDE,HOSPITAL BÁSICO COMUNITARIO TECPAN DE GALEANA,YORK,YHFE12XJMAXA-RX,020201332181101114,26,MINISPLIT 1 TON,MINISPLIT,Aire Acondicionado,1008
1911,Preventivo,COSTA GRANDE,HOSPITAL BÁSICO COMUNITARIO TECPAN DE GALEANA,YORK,YHFE12XJMAXA-RX,020201332181101410,27,MINISPLIT 1 TON,MINISPLIT,Aire Acondicionado,1009
1912,Correctivo,COSTA GRANDE,HOSPITAL BÁSICO COMUNITARIO TECPAN DE GALEANA,YORK,YHFE12XJMAXA-RX,020201332181101410,27,MINISPLIT 1 TON,MINISPLIT,Aire Acondicionado,1010
1913,Preventivo,COSTA GRANDE,HOSPITAL BÁSICO COMUNITARIO TECPAN DE GALEANA,YORK,YHFE18XJMAXA-RX,020401958180503573,28,MINISPLIT 1 TON,MINISPLIT,Aire Acondicionado,1011
1914,Correctivo,COSTA GRANDE,HOSPITAL BÁSICO COMUNITARIO TECPAN DE GALEANA,YORK,YHFE18XJMAXA-RX,020401958180503573,28,MINISPLIT 1 TON,MINISPLIT,Aire Acondicionado,1012
1915,Preventivo,COSTA GRANDE,HOSPITAL BÁSICO COMUNITARIO TECPAN DE GALEANA,YORK,YHFE18XJMAXA-RX,020401958180503620,29,MINISPLIT 1 TON,MINISPLIT,Aire Acondicionado,1013
1916,Correctivo,COSTA GRANDE,HOSPITAL BÁSICO COMUNITARIO TECPAN DE GALEANA,YORK,YHFE18XJMAXA-RX,020401958180503620,29,MINISPLIT 1 TON,MINISPLIT,Aire Acondicionado,1014
1917,Preventivo,COSTA GRANDE,HOSPITAL BÁSICO COMUNITARIO TECPAN DE GALEANA,YORK,YHFR18XJMAXA-RX,020401865180800193,30,MINISPLIT 1 TON,MINISPLIT,Aire Acondicionado,1015
1918,Correctivo,COSTA GRANDE,HOSPITAL BÁSICO COMUNITARIO TECPAN DE GALEANA,YORK,YHFR18XJMAXA-RX,020401865180800193,30,MINISPLIT 1 TON,MINISPLIT,Aire Acondicionado,1016
1919,Preventivo,COSTA GRANDE,HOSPITAL BÁSICO COMUNITARIO TECPAN DE GALEANA,YORK,YHFE12XJMAXA-RX,020201332181101046,31,MINISPLIT 1 TON,MINISPLIT,Aire Acondicionado,1017
1920,Correctivo,COSTA GRANDE,HOSPITAL BÁSICO COMUNITARIO TECPAN DE GALEANA,YORK,YHFE12XJMAXA-RX,020201332181101046,31,MINISPLIT 1 TON,MINISPLIT,Aire Acondicionado,1018
1921,Preventivo,COSTA GRANDE,HOSPITAL BÁSICO COMUNITARIO TECPAN DE GALEANA,YORK,YHFE12XJMAXA-RX,020201332181101248,32,MINISPLIT 1 TON,MINISPLIT,Aire Acondicionado,1019
1922,Correctivo,COSTA GRANDE,HOSPITAL BÁSICO COMUNITARIO TECPAN DE GALEANA,YORK,YHFE12XJMAXA-RX,020201332181101248,32,MINISPLIT 1 TON,MINISPLIT,Aire Acondicionado,1020
1923,Preventivo,COSTA GRANDE,HOSPITAL BÁSICO COMUNITARIO TECPAN DE GALEANA,YORK,YHFE12XJMAXA-RX,020201865180800252,33,MINISPLIT 1 TON,MINISPLIT,Aire Acondicionado,1021
1924,Correctivo,COSTA GRANDE,HOSPITAL BÁSICO COMUNITARIO TECPAN DE GALEANA,YORK,YHFE12XJMAXA-RX,020201865180800252,33,MINISPLIT 1 TON,MINISPLIT,Aire Acondicionado,1022
1925,Preventivo,COSTA GRANDE,HOSPITAL BÁSICO COMUNITARIO TECPAN DE GALEANA,YORK,HYFE18XJMAXA-RX,020401865180800540,34,MINISPLIT 1 TON,MINISPLIT,Aire Acondicionado,1023
1926,Correctivo,COSTA GRANDE,HOSPITAL BÁSICO COMUNITARIO TECPAN DE GALEANA,YORK,HYFE18XJMAXA-RX,020401865180800540,34,MINISPLIT 1 TON,MINISPLIT,Aire Acondicionado,1024
1927,Preventivo,COSTA GRANDE,HOSPITAL BÁSICO COMUNITARIO TECPAN DE GALEANA,YORK,YHFE12XJMAXA-RX,020201332181101425,35,MINISPLIT 1 TON,MINISPLIT,Aire Acondicionado,1025
1928,Correctivo,COSTA GRANDE,HOSPITAL BÁSICO COMUNITARIO TECPAN DE GALEANA,YORK,YHFE12XJMAXA-RX,020201332181101425,35,MINISPLIT 1 TON,MINISPLIT,Aire Acondicionado,1026
1929,Preventivo,COSTA GRANDE,HOSPITAL BÁSICO COMUNITARIO TECPAN DE GALEANA,YORK,YHFE18XJMAXA-RX,020401958180503621,36,MINISPLIT 1 TON,MINISPLIT,Aire Acondicionado,1027
1930,Correctivo,COSTA GRANDE,HOSPITAL BÁSICO COMUNITARIO TECPAN DE GALEANA,YORK,YHFE18XJMAXA-RX,020401958180503621,36,MINISPLIT 1 TON,MINISPLIT,Aire Acondicionado,1028
1931,Preventivo,COSTA GRANDE,HOSPITAL BÁSICO COMUNITARIO TECPAN DE GALEANA,YORK,YHFE18XJMAXA-RX,020401958180503613,37,MINISPLIT 1 TON,MINISPLIT,Aire Acondicionado,1029
1932,Correctivo,COSTA GRANDE,HOSPITAL BÁSICO COMUNITARIO TECPAN DE GALEANA,YORK,YHFE18XJMAXA-RX,020401958180503613,37,MINISPLIT 1 TON,MINISPLIT,Aire Acondicionado,1030
1933,Preventivo,COSTA GRANDE,HOSPITAL BÁSICO COMUNITARIO TECPAN DE GALEANA,YORK,YHFE18XJMAXA-RX,020401958180503444,38,MINISPLIT 1 TON,MINISPLIT,Aire Acondicionado,1031
1934,Correctivo,COSTA GRANDE,HOSPITAL BÁSICO COMUNITARIO TECPAN DE GALEANA,YORK,YHFE18XJMAXA-RX,020401958180503444,38,MINISPLIT 1 TON,MINISPLIT,Aire Acondicionado,1032
1935,Preventivo,COSTA GRANDE,HOSPITAL BÁSICO COMUNITARIO TECPAN DE GALEANA,YORK,YHFE18XJMAXA-RX,020401955818500850,39,MINISPLIT 1 TON,MINISPLIT,Aire Acondicionado,1033
1936,Correctivo,COSTA GRANDE,HOSPITAL BÁSICO COMUNITARIO TECPAN DE GALEANA,YORK,YHFE18XJMAXA-RX,020401955818500850,39,MINISPLIT 1 TON,MINISPLIT,Aire Acondicionado,1034
1937,Preventivo,COSTA GRANDE,HOSPITAL BÁSICO COMUNITARIO TECPAN DE GALEANA,YORK,YHFE18XJMAXA-RX,020401958180503462,40,MINISPLIT 1 TON,MINISPLIT,Aire Acondicionado,1035
1938,Correctivo,COSTA GRANDE,HOSPITAL BÁSICO COMUNITARIO TECPAN DE GALEANA,YORK,YHFE18XJMAXA-RX,020401958180503462,40,MINISPLIT 1 TON,MINISPLIT,Aire Acondicionado,1036
1939,Preventivo,COSTA GRANDE,HOSPITAL BÁSICO COMUNITARIO TECPAN DE GALEANA,YORK,YHFE18XJMAXA-RX,020401865180800539,41,MINISPLIT 1 TON,MINISPLIT,Aire Acondicionado,1037
1940,Correctivo,COSTA GRANDE,HOSPITAL BÁSICO COMUNITARIO TECPAN DE GALEANA,YORK,YHFE18XJMAXA-RX,020401865180800539,41,MINISPLIT 1 TON,MINISPLIT,Aire Acondicionado,1038
1941,Preventivo,COSTA GRANDE,HOSPITAL BÁSICO COMUNITARIO TECPAN DE GALEANA,YORK,YHFE18XJMAXA-RX,020401958180503244,42,MINISPLIT 1 TON,MINISPLIT,Aire Acondicionado,1039
1942,Correctivo,COSTA GRANDE,HOSPITAL BÁSICO COMUNITARIO TECPAN DE GALEANA,YORK,YHFE18XJMAXA-RX,020401958180503244,42,MINISPLIT 1 TON,MINISPLIT,Aire Acondicionado,1040
1943,Preventivo,COSTA GRANDE,HOSPITAL BÁSICO COMUNITARIO TECPAN DE GALEANA,YORK,YHFE18XJMAXA-RX,020401865180800472,43,MINISPLIT 1 TON,MINISPLIT,Aire Acondicionado,1041
1944,Correctivo,COSTA GRANDE,HOSPITAL BÁSICO COMUNITARIO TECPAN DE GALEANA,YORK,YHFE18XJMAXA-RX,020401865180800472,43,MINISPLIT 1 TON,MINISPLIT,Aire Acondicionado,1042
1945,Preventivo,COSTA GRANDE,HOSPITAL BÁSICO COMUNITARIO TECPAN DE GALEANA,YORK,YNFFXC036BAAD-FX,331701032171200210,44,MINISPLIT 1 TON,MINISPLIT,Aire Acondicionado,1043
1946,Correctivo,COSTA GRANDE,HOSPITAL BÁSICO COMUNITARIO TECPAN DE GALEANA,YORK,YNFFXC036BAAD-FX,331701032171200210,44,MINISPLIT 1 TON,MINISPLIT,Aire Acondicionado,1044
1947,Preventivo,COSTA GRANDE,HOSPITAL BÁSICO COMUNITARIO TECPAN DE GALEANA,YORK,YHFE18XJMAXA-RX,020401958180503254,45,MINISPLIT 1 TON,MINISPLIT,Aire Acondicionado,1045
1948,Correctivo,COSTA GRANDE,HOSPITAL BÁSICO COMUNITARIO TECPAN DE GALEANA,YORK,YHFE18XJMAXA-RX,020401958180503254,45,MINISPLIT 1 TON,MINISPLIT,Aire Acondicionado,1046
1949,Preventivo,COSTA GRANDE,HOSPITAL BÁSICO COMUNITARIO TECPAN DE GALEANA,YORK,YHFE18XJMAXA-RX,020401958180503234,46,MINISPLIT 1 TON,MINISPLIT,Aire Acondicionado,1047
1950,Correctivo,COSTA GRANDE,HOSPITAL BÁSICO COMUNITARIO TECPAN DE GALEANA,YORK,YHFE18XJMAXA-RX,020401958180503234,46,MINISPLIT 1 TON,MINISPLIT,Aire Acondicionado,1048
1951,Preventivo,COSTA GRANDE,HOSPITAL BÁSICO COMUNITARIO TECPAN DE GALEANA,YORK,YHFE18XJMAXA-RX,020401865180800184,47,MINISPLIT 1 TON,MINISPLIT,Aire Acondicionado,1049
1952,Correctivo,COSTA GRANDE,HOSPITAL BÁSICO COMUNITARIO TECPAN DE GALEANA,YORK,YHFE18XJMAXA-RX,020401865180800184,47,MINISPLIT 1 TON,MINISPLIT,Aire Acondicionado,1050
1953,Preventivo,COSTA GRANDE,HOSPITAL BÁSICO COMUNITARIO TECPAN DE GALEANA,YORK,NO SE VE,NO SE VE,48,MINISPLIT 1 TON,MINISPLIT,Aire Acondicionado,1051
1954,Correctivo,COSTA GRANDE,HOSPITAL BÁSICO COMUNITARIO TECPAN DE GALEANA,YORK,NO SE VE,NO SE VE,48,MINISPLIT 1 TON,MINISPLIT,Aire Acondicionado,1052
1955,Preventivo,COSTA GRANDE,HOSPITAL BÁSICO COMUNITARIO TECPAN DE GALEANA,CARRIER,38AUZA12A0A6A0A0A0,0518C90121,49,UMA 20 TON,UMA,Aire Acondicionado,1053
1956,Correctivo,COSTA GRANDE,HOSPITAL BÁSICO COMUNITARIO TECPAN DE GALEANA,CARRIER,38AUZA12A0A6A0A0A0,0518C90121,49,UMA 20 TON,UMA,Aire Acondicionado,1054
1957,Preventivo,COSTA GRANDE,HOSPITAL BÁSICO COMUNITARIO TECPAN DE GALEANA,CARRIER,38AUZA16A0A6A0A0A0,0619P31566,50,UMA 30 TON,UMA,Aire Acondicionado,1055
1958,Correctivo,COSTA GRANDE,HOSPITAL BÁSICO COMUNITARIO TECPAN DE GALEANA,CARRIER,38AUZA16A0A6A0A0A0,0619P31566,50,UMA 30 TON,UMA,Aire Acondicionado,1056
1959,Preventivo,COSTA GRANDE,HOSPITAL BÁSICO COMUNITARIO TECPAN DE GALEANA,CARRIER,38AUZA16A0A6A0A0A0,0519P31145,51,UMA 25 TON,UMA,Aire Acondicionado,1057
1960,Correctivo,COSTA GRANDE,HOSPITAL BÁSICO COMUNITARIO TECPAN DE GALEANA,CARRIER,38AUZA16A0A6A0A0A0,0519P31145,51,UMA 25 TON,UMA,Aire Acondicionado,1058
1961,Preventivo,COSTA GRANDE,HOSPITAL BÁSICO COMUNITARIO TECPAN DE GALEANA,CARRIER,38AUZA16A0A6A0A0A0,0619P31567,52,UMA 30 TON,UMA,Aire Acondicionado,1059
1962,Correctivo,COSTA GRANDE,HOSPITAL BÁSICO COMUNITARIO TECPAN DE GALEANA,CARRIER,38AUZA16A0A6A0A0A0,0619P31567,52,UMA 30 TON,UMA,Aire Acondicionado,1060
1963,Preventivo,COSTA GRANDE,HOSPITAL BÁSICO COMUNITARIO TECPAN DE GALEANA,CARRIER,38AUZA16A0A6A0A0A0,0519P31146,53,UMA 15 TON,UMA,Aire Acondicionado,1061
1964,Correctivo,COSTA GRANDE,HOSPITAL BÁSICO COMUNITARIO TECPAN DE GALEANA,CARRIER,38AUZA16A0A6A0A0A0,0519P31146,53,UMA 15 TON,UMA,Aire Acondicionado,1062
1965,Preventivo,COSTA GRANDE,HOSPITAL BÁSICO COMUNITARIO TECPAN DE GALEANA,CARRIER,50TC-D16ACA6A0A0A0,1019P13711,54,UMA 50 TON,UMA,Aire Acondicionado,1063
1966,Correctivo,COSTA GRANDE,HOSPITAL BÁSICO COMUNITARIO TECPAN DE GALEANA,CARRIER,50TC-D16ACA6A0A0A0,1019P13711,54,UMA 50 TON,UMA,Aire Acondicionado,1064
4051,Preventivo,COSTA GRANDE,DR. JUVENTINO RODRÍGUEZ GARCÍA,CARRIER,TTAI8043DAB00,19332367TA,5101-302,UNIDAD PAQUETE 5.5 TON,PAQUETE,Aire Acondicionado,1065
4052,Correctivo,COSTA GRANDE,DR. JUVENTINO RODRÍGUEZ GARCÍA,CARRIER,TTAI8043DAB00,19332367TA,5101-302,UNIDAD PAQUETE 5.5 TON,PAQUETE,Aire Acondicionado,1066
4053,Preventivo,COSTA GRANDE,DR. JUVENTINO RODRÍGUEZ GARCÍA,CARRIER,38AV2ADADA5A0A0A,2415C91621,5101-345,UMA 15 TON,UMA,Aire Acondicionado,1067
4054,Correctivo,COSTA GRANDE,DR. JUVENTINO RODRÍGUEZ GARCÍA,CARRIER,38AV2ADADA5A0A0A,2415C91621,5101-345,UMA 15 TON,UMA,Aire Acondicionado,1068
4055,Preventivo,COSTA GRANDE,DR. JUVENTINO RODRÍGUEZ GARCÍA,CARRIER,38AV2ADADA5A0A0A,NO PROPORCIONADO,5101-348,MINISPLIT 1.5 TON,MINISPLIT,Aire Acondicionado,1069
4056,Correctivo,COSTA GRANDE,DR. JUVENTINO RODRÍGUEZ GARCÍA,CARRIER,38AV2ADADA5A0A0A,NO PROPORCIONADO,5101-348,MINISPLIT 1.5 TON,MINISPLIT,Aire Acondicionado,1070
4057,Preventivo,COSTA GRANDE,DR. JUVENTINO RODRÍGUEZ GARCÍA,MIRAGE,ELF2616,ELF2616,5101-351,MINISPLIT 1.5 TON,MINISPLIT,Aire Acondicionado,1071
4058,Correctivo,COSTA GRANDE,DR. JUVENTINO RODRÍGUEZ GARCÍA,MIRAGE,ELF2616,ELF2616,5101-351,MINISPLIT 1.5 TON,MINISPLIT,Aire Acondicionado,1072
4059,Preventivo,COSTA GRANDE,DR. JUVENTINO RODRÍGUEZ GARCÍA,MIRAGE,ELF2616,NO PROPORCIONADO,5101-354,UNIDAD PAQUETE 5.5 TON,PAQUETE,Aire Acondicionado,1073
4060,Correctivo,COSTA GRANDE,DR. JUVENTINO RODRÍGUEZ GARCÍA,MIRAGE,ELF2616,NO PROPORCIONADO,5101-354,UNIDAD PAQUETE 5.5 TON,PAQUETE,Aire Acondicionado,1074
4061,Preventivo,COSTA GRANDE,DR. JUVENTINO RODRÍGUEZ GARCÍA,MIRAGE,ELF2616,NO PROPORCIONADO,5101-357,MINISPLIT 2.0 TON,MINISPLIT,Aire Acondicionado,1075
4062,Correctivo,COSTA GRANDE,DR. JUVENTINO RODRÍGUEZ GARCÍA,MIRAGE,ELF2616,NO PROPORCIONADO,5101-357,MINISPLIT 2.0 TON,MINISPLIT,Aire Acondicionado,1076
4063,Preventivo,COSTA GRANDE,DR. JUVENTINO RODRÍGUEZ GARCÍA,MIRAGE,ELF2616,NO PROPORCIONADO,5101-360,UNIDAD PAQUETE 5.5 TON,PAQUETE,Aire Acondicionado,1077
4064,Correctivo,COSTA GRANDE,DR. JUVENTINO RODRÍGUEZ GARCÍA,MIRAGE,ELF2616,NO PROPORCIONADO,5101-360,UNIDAD PAQUETE 5.5 TON,PAQUETE,Aire Acondicionado,1078
4065,Preventivo,COSTA GRANDE,DR. JUVENTINO RODRÍGUEZ GARCÍA,MIRAGE,ELF2616,NO PROPORCIONADO,5101-363,MINISPLIT 1.5 TON,MINISPLIT,Aire Acondicionado,1079
4066,Correctivo,COSTA GRANDE,DR. JUVENTINO RODRÍGUEZ GARCÍA,MIRAGE,ELF2616,NO PROPORCIONADO,5101-363,MINISPLIT 1.5 TON,MINISPLIT,Aire Acondicionado,1080
4067,Preventivo,COSTA GRANDE,DR. JUVENTINO RODRÍGUEZ GARCÍA,MIRAGE,ELF2616,NO PROPORCIONADO,5101-366,MINISPLIT 1.5 TON,MINISPLIT,Aire Acondicionado,1081
4068,Correctivo,COSTA GRANDE,DR. JUVENTINO RODRÍGUEZ GARCÍA,MIRAGE,ELF2616,NO PROPORCIONADO,5101-366,MINISPLIT 1.5 TON,MINISPLIT,Aire Acondicionado,1082
4069,Preventivo,COSTA GRANDE,DR. JUVENTINO RODRÍGUEZ GARCÍA,MIRAGE,ELF2616,NO PROPORCIONADO,5101-369,MINISPLIT 2.0 TON,MINISPLIT,Aire Acondicionado,1083
4070,Correctivo,COSTA GRANDE,DR. JUVENTINO RODRÍGUEZ GARCÍA,MIRAGE,ELF2616,NO PROPORCIONADO,5101-369,MINISPLIT 2.0 TON,MINISPLIT,Aire Acondicionado,1084
4071,Preventivo,COSTA GRANDE,DR. JUVENTINO RODRÍGUEZ GARCÍA,MIRAGE,ELF2616,NO PROPORCIONADO,5101-372,MINISPLIT 1.5 TON,MINISPLIT,Aire Acondicionado,1085
4072,Correctivo,COSTA GRANDE,DR. JUVENTINO RODRÍGUEZ GARCÍA,MIRAGE,ELF2616,NO PROPORCIONADO,5101-372,MINISPLIT 1.5 TON,MINISPLIT,Aire Acondicionado,1086
4073,Preventivo,COSTA GRANDE,DR. JUVENTINO RODRÍGUEZ GARCÍA,MIRAGE,ELF2616,NO PROPORCIONADO,5101-375,MINISPLIT 2.0 TON,MINISPLIT,Aire Acondicionado,1087
4074,Correctivo,COSTA GRANDE,DR. JUVENTINO RODRÍGUEZ GARCÍA,MIRAGE,ELF2616,NO PROPORCIONADO,5101-375,MINISPLIT 2.0 TON,MINISPLIT,Aire Acondicionado,1088
4075,Preventivo,COSTA GRANDE,DR. JUVENTINO RODRÍGUEZ GARCÍA,MIRAGE,ELF2616,NO PROPORCIONADO,5101-378,MINISPLIT 2.0 TON,MINISPLIT,Aire Acondicionado,1089
4076,Correctivo,COSTA GRANDE,DR. JUVENTINO RODRÍGUEZ GARCÍA,MIRAGE,ELF2616,NO PROPORCIONADO,5101-378,MINISPLIT 2.0 TON,MINISPLIT,Aire Acondicionado,1090
4077,Preventivo,COSTA GRANDE,DR. JUVENTINO RODRÍGUEZ GARCÍA,MIRAGE,ELF2616,NO PROPORCIONADO,5101-381,MINISPLIT 1.5 TON,MINISPLIT,Aire Acondicionado,1091
4078,Correctivo,COSTA GRANDE,DR. JUVENTINO RODRÍGUEZ GARCÍA,MIRAGE,ELF2616,NO PROPORCIONADO,5101-381,MINISPLIT 1.5 TON,MINISPLIT,Aire Acondicionado,1092
4079,Preventivo,COSTA GRANDE,DR. JUVENTINO RODRÍGUEZ GARCÍA,MIRAGE,ELF2616,NO PROPORCIONADO,5101-384,MINISPLIT 1.5 TON,MINISPLIT,Aire Acondicionado,1093
4080,Correctivo,COSTA GRANDE,DR. JUVENTINO RODRÍGUEZ GARCÍA,MIRAGE,ELF2616,NO PROPORCIONADO,5101-384,MINISPLIT 1.5 TON,MINISPLIT,Aire Acondicionado,1094
4081,Preventivo,COSTA GRANDE,DR. JUVENTINO RODRÍGUEZ GARCÍA,MIRAGE,ELF2616,NO PROPORCIONADO,5101-387,UNIDAD PAQUETE 5.5 TON,PAQUETE,Aire Acondicionado,1095
4082,Correctivo,COSTA GRANDE,DR. JUVENTINO RODRÍGUEZ GARCÍA,MIRAGE,ELF2616,NO PROPORCIONADO,5101-387,UNIDAD PAQUETE 5.5 TON,PAQUETE,Aire Acondicionado,1096
4083,Preventivo,COSTA GRANDE,DR. JUVENTINO RODRÍGUEZ GARCÍA,MIRAGE,ELF2616,NO PROPORCIONADO,5101-390,UNIDAD PAQUETE 5.5 TON,PAQUETE,Aire Acondicionado,1097
4084,Correctivo,COSTA GRANDE,DR. JUVENTINO RODRÍGUEZ GARCÍA,MIRAGE,ELF2616,NO PROPORCIONADO,5101-390,UNIDAD PAQUETE 5.5 TON,PAQUETE,Aire Acondicionado,1098
4085,Preventivo,COSTA GRANDE,DR. JUVENTINO RODRÍGUEZ GARCÍA,MIRAGE,ELF2616,NO PROPORCIONADO,5101-393,UNIDAD PAQUETE 5.5 TON,PAQUETE,Aire Acondicionado,1099
4086,Correctivo,COSTA GRANDE,DR. JUVENTINO RODRÍGUEZ GARCÍA,MIRAGE,ELF2616,NO PROPORCIONADO,5101-393,UNIDAD PAQUETE 5.5 TON,PAQUETE,Aire Acondicionado,1100
4087,Preventivo,COSTA GRANDE,DR. JUVENTINO RODRÍGUEZ GARCÍA,TRANE,TTA240E300AA,13054HGJTA,5101-396,UMA 15 TON,UMA,Aire Acondicionado,1101
4088,Correctivo,COSTA GRANDE,DR. JUVENTINO RODRÍGUEZ GARCÍA,TRANE,TTA240E300AA,13054HGJTA,5101-396,UMA 15 TON,UMA,Aire Acondicionado,1102
4089,Preventivo,COSTA GRANDE,DR. JUVENTINO RODRÍGUEZ GARCÍA,TRANE,TTA18043DAB00,NO PROPORCIONADO,5101-399,UMA 15 TON,UMA,Aire Acondicionado,1103
4090,Correctivo,COSTA GRANDE,DR. JUVENTINO RODRÍGUEZ GARCÍA,TRANE,TTA18043DAB00,NO PROPORCIONADO,5101-399,UMA 15 TON,UMA,Aire Acondicionado,1104
4091,Preventivo,COSTA GRANDE,DR. JUVENTINO RODRÍGUEZ GARCÍA,TRANE,T1 IPX4,AK-Q036GH50,5101-402,UMA 15 TON,UMA,Aire Acondicionado,1105
4092,Correctivo,COSTA GRANDE,DR. JUVENTINO RODRÍGUEZ GARCÍA,TRANE,T1 IPX4,AK-Q036GH50,5101-402,UMA 15 TON,UMA,Aire Acondicionado,1106
4093,Preventivo,COSTA GRANDE,DR. JUVENTINO RODRÍGUEZ GARCÍA,TRANE,4MCW1518A100AA,19277253XC0233,5101-405,UNIDAD PAQUETE 7.5 TON,PAQUETE,Aire Acondicionado,1107
4094,Correctivo,COSTA GRANDE,DR. JUVENTINO RODRÍGUEZ GARCÍA,TRANE,4MCW1518A100AA,19277253XC0233,5101-405,UNIDAD PAQUETE 7.5 TON,PAQUETE,Aire Acondicionado,1108
4095,Preventivo,COSTA GRANDE,DR. JUVENTINO RODRÍGUEZ GARCÍA,TRANE,4MCW1518A100AA,19277253XC0234,5101-408,UNIDAD PAQUETE 7.5 TON,PAQUETE,Aire Acondicionado,1109
4096,Correctivo,COSTA GRANDE,DR. JUVENTINO RODRÍGUEZ GARCÍA,TRANE,4MCW1518A100AA,19277253XC0234,5101-408,UNIDAD PAQUETE 7.5 TON,PAQUETE,Aire Acondicionado,1110
4097,Preventivo,COSTA GRANDE,DR. JUVENTINO RODRÍGUEZ GARCÍA,TRANE,4MCW1518A100AA,19277253XC0235,5101-411,UNIDAD PAQUETE 7.5 TON,PAQUETE,Aire Acondicionado,1111
4098,Correctivo,COSTA GRANDE,DR. JUVENTINO RODRÍGUEZ GARCÍA,TRANE,4MCW1518A100AA,19277253XC0235,5101-411,UNIDAD PAQUETE 7.5 TON,PAQUETE,Aire Acondicionado,1112
4099,Preventivo,COSTA GRANDE,DR. JUVENTINO RODRÍGUEZ GARCÍA,TRANE,4MCW1518A100AA,19277253XC0236,5101-414,MINISPLIT 2.5 TON,MINISPLIT,Aire Acondicionado,1113
4100,Correctivo,COSTA GRANDE,DR. JUVENTINO RODRÍGUEZ GARCÍA,TRANE,4MCW1518A100AA,19277253XC0236,5101-414,MINISPLIT 2.5 TON,MINISPLIT,Aire Acondicionado,1114
4101,Preventivo,COSTA GRANDE,DR. JUVENTINO RODRÍGUEZ GARCÍA,TRANE,4MCW1518A100AA,19277253XC0237,5101-417,MINISPLIT 2.5 TON,MINISPLIT,Aire Acondicionado,1115
4102,Correctivo,COSTA GRANDE,DR. JUVENTINO RODRÍGUEZ GARCÍA,TRANE,4MCW1518A100AA,19277253XC0237,5101-417,MINISPLIT 2.5 TON,MINISPLIT,Aire Acondicionado,1116
4103,Preventivo,COSTA GRANDE,DR. JUVENTINO RODRÍGUEZ GARCÍA,TRANE,4MCW1518A100AA,19277253XC0238,5101-420,MINISPLIT 1.5 TON,MINISPLIT,Aire Acondicionado,1117
4104,Correctivo,COSTA GRANDE,DR. JUVENTINO RODRÍGUEZ GARCÍA,TRANE,4MCW1518A100AA,19277253XC0238,5101-420,MINISPLIT 1.5 TON,MINISPLIT,Aire Acondicionado,1118
4105,Preventivo,COSTA GRANDE,DR. JUVENTINO RODRÍGUEZ GARCÍA,TRANE,4MCW1518A100AA,19277253XC0239,5101-423,MINISPLIT 1.5 TON,MINISPLIT,Aire Acondicionado,1119
4106,Correctivo,COSTA GRANDE,DR. JUVENTINO RODRÍGUEZ GARCÍA,TRANE,4MCW1518A100AA,19277253XC0239,5101-423,MINISPLIT 1.5 TON,MINISPLIT,Aire Acondicionado,1120
4107,Preventivo,COSTA GRANDE,DR. JUVENTINO RODRÍGUEZ GARCÍA,TRANE,4MCW1518A100AA,19277253XC0240,5101-426,MINISPLIT 1.5 TON,MINISPLIT,Aire Acondicionado,1121
4108,Correctivo,COSTA GRANDE,DR. JUVENTINO RODRÍGUEZ GARCÍA,TRANE,4MCW1518A100AA,19277253XC0240,5101-426,MINISPLIT 1.5 TON,MINISPLIT,Aire Acondicionado,1122
4109,Preventivo,COSTA GRANDE,DR. JUVENTINO RODRÍGUEZ GARCÍA,TRANE,4MCW1518A100AA,19277253XC0241,5101-429,UNIDAD PAQUETE 7.5 TON,PAQUETE,Aire Acondicionado,1123
4110,Correctivo,COSTA GRANDE,DR. JUVENTINO RODRÍGUEZ GARCÍA,TRANE,4MCW1518A100AA,19277253XC0241,5101-429,UNIDAD PAQUETE 7.5 TON,PAQUETE,Aire Acondicionado,1124
4111,Preventivo,COSTA GRANDE,DR. JUVENTINO RODRÍGUEZ GARCÍA,TRANE,4MCW1518A100AA,19277253XC0242,5101-432,UNIDAD PAQUETE 7.5 TON,PAQUETE,Aire Acondicionado,1125
4112,Correctivo,COSTA GRANDE,DR. JUVENTINO RODRÍGUEZ GARCÍA,TRANE,4MCW1518A100AA,19277253XC0242,5101-432,UNIDAD PAQUETE 7.5 TON,PAQUETE,Aire Acondicionado,1126
4113,Preventivo,COSTA GRANDE,DR. JUVENTINO RODRÍGUEZ GARCÍA,TRANE,4MCW1518A100AA,19277253XC0243,5101-435,MINISPLIT 1.5 TON,MINISPLIT,Aire Acondicionado,1127
4114,Correctivo,COSTA GRANDE,DR. JUVENTINO RODRÍGUEZ GARCÍA,TRANE,4MCW1518A100AA,19277253XC0243,5101-435,MINISPLIT 1.5 TON,MINISPLIT,Aire Acondicionado,1128
4115,Preventivo,COSTA GRANDE,DR. JUVENTINO RODRÍGUEZ GARCÍA,TRANE,4MCW1518A100AA,19277253XC0244,5101-438,MINISPLIT 2.5 TON,MINISPLIT,Aire Acondicionado,1129
4116,Correctivo,COSTA GRANDE,DR. JUVENTINO RODRÍGUEZ GARCÍA,TRANE,4MCW1518A100AA,19277253XC0244,5101-438,MINISPLIT 2.5 TON,MINISPLIT,Aire Acondicionado,1130
4117,Preventivo,COSTA GRANDE,DR. JUVENTINO RODRÍGUEZ GARCÍA,TRANE,4MCW1518A100AA,19277253XC0245,5101-441,MINISPLIT 2.5 TON,MINISPLIT,Aire Acondicionado,1131
4118,Correctivo,COSTA GRANDE,DR. JUVENTINO RODRÍGUEZ GARCÍA,TRANE,4MCW1518A100AA,19277253XC0245,5101-441,MINISPLIT 2.5 TON,MINISPLIT,Aire Acondicionado,1132
4119,Preventivo,COSTA GRANDE,DR. JUVENTINO RODRÍGUEZ GARCÍA,TRANE,4MCW1518A100AA,19277253XC0246,5101-444,MINISPLIT 2.5 TON,MINISPLIT,Aire Acondicionado,1133
4120,Correctivo,COSTA GRANDE,DR. JUVENTINO RODRÍGUEZ GARCÍA,TRANE,4MCW1518A100AA,19277253XC0246,5101-444,MINISPLIT 2.5 TON,MINISPLIT,Aire Acondicionado,1134
4121,Preventivo,COSTA GRANDE,DR. JUVENTINO RODRÍGUEZ GARCÍA,MIRAGE,EXF121F,EXF121F7021601205,5101-447,MINISPLIT 2.0 TON,MINISPLIT,Aire Acondicionado,1135
4122,Correctivo,COSTA GRANDE,DR. JUVENTINO RODRÍGUEZ GARCÍA,MIRAGE,EXF121F,EXF121F7021601205,5101-447,MINISPLIT 2.0 TON,MINISPLIT,Aire Acondicionado,1136
4123,Preventivo,COSTA GRANDE,DR. JUVENTINO RODRÍGUEZ GARCÍA,MIRAGE,EXF121F,NO PROPORCIONADO,5101-450,MINISPLIT 2.0 TON,MINISPLIT,Aire Acondicionado,1137
4124,Correctivo,COSTA GRANDE,DR. JUVENTINO RODRÍGUEZ GARCÍA,MIRAGE,EXF121F,NO PROPORCIONADO,5101-450,MINISPLIT 2.0 TON,MINISPLIT,Aire Acondicionado,1138
4125,Preventivo,COSTA GRANDE,DR. JUVENTINO RODRÍGUEZ GARCÍA,MIRAGE,EXF121F,NO PROPORCIONADO,5101-453,MINISPLIT 2.0 TON,MINISPLIT,Aire Acondicionado,1139
4126,Correctivo,COSTA GRANDE,DR. JUVENTINO RODRÍGUEZ GARCÍA,MIRAGE,EXF121F,NO PROPORCIONADO,5101-453,MINISPLIT 2.0 TON,MINISPLIT,Aire Acondicionado,1140
4127,Preventivo,COSTA GRANDE,DR. JUVENTINO RODRÍGUEZ GARCÍA,MIRAGE,EXF121F,NO PROPORCIONADO,5101-456,MINISPLIT 2.0 TON,MINISPLIT,Aire Acondicionado,1141
4128,Correctivo,COSTA GRANDE,DR. JUVENTINO RODRÍGUEZ GARCÍA,MIRAGE,EXF121F,NO PROPORCIONADO,5101-456,MINISPLIT 2.0 TON,MINISPLIT,Aire Acondicionado,1142
4129,Preventivo,COSTA GRANDE,DR. JUVENTINO RODRÍGUEZ GARCÍA,MIRAGE,EXF121F,NO PROPORCIONADO,5101-459,MINISPLIT 2.0 TON,MINISPLIT,Aire Acondicionado,1143
4130,Correctivo,COSTA GRANDE,DR. JUVENTINO RODRÍGUEZ GARCÍA,MIRAGE,EXF121F,NO PROPORCIONADO,5101-459,MINISPLIT 2.0 TON,MINISPLIT,Aire Acondicionado,1144
4131,Preventivo,COSTA GRANDE,DR. JUVENTINO RODRÍGUEZ GARCÍA,MIRAGE,EXF121F,NO PROPORCIONADO,5101-462,MINISPLIT 1.5 TON,MINISPLIT,Aire Acondicionado,1145
4132,Correctivo,COSTA GRANDE,DR. JUVENTINO RODRÍGUEZ GARCÍA,MIRAGE,EXF121F,NO PROPORCIONADO,5101-462,MINISPLIT 1.5 TON,MINISPLIT,Aire Acondicionado,1146
4133,Preventivo,COSTA GRANDE,DR. JUVENTINO RODRÍGUEZ GARCÍA,MIRAGE,EXF121F,NO PROPORCIONADO,5101-465,MINISPLIT 1.5 TON,MINISPLIT,Aire Acondicionado,1147
4134,Correctivo,COSTA GRANDE,DR. JUVENTINO RODRÍGUEZ GARCÍA,MIRAGE,EXF121F,NO PROPORCIONADO,5101-465,MINISPLIT 1.5 TON,MINISPLIT,Aire Acondicionado,1148
4135,Preventivo,COSTA GRANDE,DR. JUVENTINO RODRÍGUEZ GARCÍA,MIRAGE,EXF121F,NO PROPORCIONADO,5101-468,UNIDAD PAQUETE 5.5 TON,PAQUETE,Aire Acondicionado,1149
4136,Correctivo,COSTA GRANDE,DR. JUVENTINO RODRÍGUEZ GARCÍA,MIRAGE,EXF121F,NO PROPORCIONADO,5101-468,UNIDAD PAQUETE 5.5 TON,PAQUETE,Aire Acondicionado,1150
4137,Preventivo,COSTA GRANDE,DR. JUVENTINO RODRÍGUEZ GARCÍA,MIRAGE,EXF121F,NO PROPORCIONADO,5101-471,UNIDAD PAQUETE 5.5 TON,PAQUETE,Aire Acondicionado,1151
4138,Correctivo,COSTA GRANDE,DR. JUVENTINO RODRÍGUEZ GARCÍA,MIRAGE,EXF121F,NO PROPORCIONADO,5101-471,UNIDAD PAQUETE 5.5 TON,PAQUETE,Aire Acondicionado,1152
4139,Preventivo,COSTA GRANDE,DR. JUVENTINO RODRÍGUEZ GARCÍA,MIRAGE,EXF121F,NO PROPORCIONADO,5101-474,UNIDAD PAQUETE 5.5 TON,PAQUETE,Aire Acondicionado,1153
4140,Correctivo,COSTA GRANDE,DR. JUVENTINO RODRÍGUEZ GARCÍA,MIRAGE,EXF121F,NO PROPORCIONADO,5101-474,UNIDAD PAQUETE 5.5 TON,PAQUETE,Aire Acondicionado,1154
4141,Preventivo,COSTA GRANDE,DR. JUVENTINO RODRÍGUEZ GARCÍA,MIRAGE,EXF121F,NO PROPORCIONADO,5101-477,UNIDAD PAQUETE 5.5 TON,PAQUETE,Aire Acondicionado,1155
4142,Correctivo,COSTA GRANDE,DR. JUVENTINO RODRÍGUEZ GARCÍA,MIRAGE,EXF121F,NO PROPORCIONADO,5101-477,UNIDAD PAQUETE 5.5 TON,PAQUETE,Aire Acondicionado,1156
4143,Preventivo,COSTA GRANDE,DR. JUVENTINO RODRÍGUEZ GARCÍA,MIRAGE,EXF121F,NO PROPORCIONADO,5101-480,UNIDAD PAQUETE 5.5 TON,PAQUETE,Aire Acondicionado,1157
4144,Correctivo,COSTA GRANDE,DR. JUVENTINO RODRÍGUEZ GARCÍA,MIRAGE,EXF121F,NO PROPORCIONADO,5101-480,UNIDAD PAQUETE 5.5 TON,PAQUETE,Aire Acondicionado,1158
4145,Preventivo,COSTA GRANDE,DR. JUVENTINO RODRÍGUEZ GARCÍA,MIRAGE,EXF121F,NO PROPORCIONADO,5101-483,MINISPLIT 1.5 TON,MINISPLIT,Aire Acondicionado,1159
4146,Correctivo,COSTA GRANDE,DR. JUVENTINO RODRÍGUEZ GARCÍA,MIRAGE,EXF121F,NO PROPORCIONADO,5101-483,MINISPLIT 1.5 TON,MINISPLIT,Aire Acondicionado,1160
4147,Preventivo,COSTA GRANDE,DR. JUVENTINO RODRÍGUEZ GARCÍA,MIRAGE,EXF121F,NO PROPORCIONADO,5101-486,MINISPLIT 1.5 TON,MINISPLIT,Aire Acondicionado,1161
4148,Correctivo,COSTA GRANDE,DR. JUVENTINO RODRÍGUEZ GARCÍA,MIRAGE,EXF121F,NO PROPORCIONADO,5101-486,MINISPLIT 1.5 TON,MINISPLIT,Aire Acondicionado,1162
4149,Preventivo,COSTA GRANDE,DR. JUVENTINO RODRÍGUEZ GARCÍA,MIRAGE,EXF121F,NO PROPORCIONADO,5101-489,MINISPLIT 1.5 TON,MINISPLIT,Aire Acondicionado,1163
4150,Correctivo,COSTA GRANDE,DR. JUVENTINO RODRÍGUEZ GARCÍA,MIRAGE,EXF121F,NO PROPORCIONADO,5101-489,MINISPLIT 1.5 TON,MINISPLIT,Aire Acondicionado,1164
4151,Preventivo,COSTA GRANDE,DR. JUVENTINO RODRÍGUEZ GARCÍA,YORK,YSHA24FSAADK,10539299,5101-492,MINISPLIT 1.5 TON,MINISPLIT,Aire Acondicionado,1165
4152,Correctivo,COSTA GRANDE,DR. JUVENTINO RODRÍGUEZ GARCÍA,YORK,YSHA24FSAADK,10539299,5101-492,MINISPLIT 1.5 TON,MINISPLIT,Aire Acondicionado,1166
4153,Preventivo,COSTA GRANDE,DR. JUVENTINO RODRÍGUEZ GARCÍA,YORK,YSHA24FSAADK,10539300,5101-495,MINISPLIT 1.5 TON,MINISPLIT,Aire Acondicionado,1167
4154,Correctivo,COSTA GRANDE,DR. JUVENTINO RODRÍGUEZ GARCÍA,YORK,YSHA24FSAADK,10539300,5101-495,MINISPLIT 1.5 TON,MINISPLIT,Aire Acondicionado,1168
4155,Preventivo,COSTA GRANDE,DR. JUVENTINO RODRÍGUEZ GARCÍA,YORK,YSHA24FSAADK,10539301,5101-498,MINISPLIT 1.5 TON,MINISPLIT,Aire Acondicionado,1169
4156,Correctivo,COSTA GRANDE,DR. JUVENTINO RODRÍGUEZ GARCÍA,YORK,YSHA24FSAADK,10539301,5101-498,MINISPLIT 1.5 TON,MINISPLIT,Aire Acondicionado,1170
4157,Preventivo,COSTA GRANDE,DR. JUVENTINO RODRÍGUEZ GARCÍA,YORK,YSHA24FSAADK,10539302,5101-501,MINISPLIT 1.5 TON,MINISPLIT,Aire Acondicionado,1171
4158,Correctivo,COSTA GRANDE,DR. JUVENTINO RODRÍGUEZ GARCÍA,YORK,YSHA24FSAADK,10539302,5101-501,MINISPLIT 1.5 TON,MINISPLIT,Aire Acondicionado,1172
4159,Preventivo,COSTA GRANDE,DR. JUVENTINO RODRÍGUEZ GARCÍA,YORK,YSHA24FSAADK,10539303,5101-504,MINISPLIT 1.5 TON,MINISPLIT,Aire Acondicionado,1173
4160,Correctivo,COSTA GRANDE,DR. JUVENTINO RODRÍGUEZ GARCÍA,YORK,YSHA24FSAADK,10539303,5101-504,MINISPLIT 1.5 TON,MINISPLIT,Aire Acondicionado,1174
4161,Preventivo,COSTA GRANDE,DR. JUVENTINO RODRÍGUEZ GARCÍA,YORK,YSHA24FSAADK,10539304,5101-507,MINISPLIT 1.5 TON,MINISPLIT,Aire Acondicionado,1175
4162,Correctivo,COSTA GRANDE,DR. JUVENTINO RODRÍGUEZ GARCÍA,YORK,YSHA24FSAADK,10539304,5101-507,MINISPLIT 1.5 TON,MINISPLIT,Aire Acondicionado,1176
4163,Preventivo,COSTA GRANDE,DR. JUVENTINO RODRÍGUEZ GARCÍA,YORK,YSHA24FSAADK,10539305,5101-510,MINISPLIT 1.5 TON,MINISPLIT,Aire Acondicionado,1177
4164,Correctivo,COSTA GRANDE,DR. JUVENTINO RODRÍGUEZ GARCÍA,YORK,YSHA24FSAADK,10539305,5101-510,MINISPLIT 1.5 TON,MINISPLIT,Aire Acondicionado,1178
4165,Preventivo,COSTA GRANDE,DR. JUVENTINO RODRÍGUEZ GARCÍA,YORK,YSHA24FSAADK,10539306,5101-513,MINISPLIT 1.5 TON,MINISPLIT,Aire Acondicionado,1179
4166,Correctivo,COSTA GRANDE,DR. JUVENTINO RODRÍGUEZ GARCÍA,YORK,YSHA24FSAADK,10539306,5101-513,MINISPLIT 1.5 TON,MINISPLIT,Aire Acondicionado,1180
4167,Preventivo,COSTA GRANDE,DR. JUVENTINO RODRÍGUEZ GARCÍA,YORK,YSHA24FSAADK,10539307,5101-516,MINISPLIT 1.5 TON,MINISPLIT,Aire Acondicionado,1181
4168,Correctivo,COSTA GRANDE,DR. JUVENTINO RODRÍGUEZ GARCÍA,YORK,YSHA24FSAADK,10539307,5101-516,MINISPLIT 1.5 TON,MINISPLIT,Aire Acondicionado,1182
4169,Preventivo,COSTA GRANDE,DR. JUVENTINO RODRÍGUEZ GARCÍA,PRIME,EMPRD-E2,200933F03,5101-519,MINISPLIT 1.5 TON,MINISPLIT,Aire Acondicionado,1183
4170,Correctivo,COSTA GRANDE,DR. JUVENTINO RODRÍGUEZ GARCÍA,PRIME,EMPRD-E2,200933F03,5101-519,MINISPLIT 1.5 TON,MINISPLIT,Aire Acondicionado,1184
4171,Preventivo,COSTA GRANDE,DR. JUVENTINO RODRÍGUEZ GARCÍA,PRIME,EMPRD-E3,200933F04,5101-522,MINISPLIT 1.5 TON,MINISPLIT,Aire Acondicionado,1185
4172,Correctivo,COSTA GRANDE,DR. JUVENTINO RODRÍGUEZ GARCÍA,PRIME,EMPRD-E3,200933F04,5101-522,MINISPLIT 1.5 TON,MINISPLIT,Aire Acondicionado,1186
4173,Preventivo,COSTA GRANDE,DR. JUVENTINO RODRÍGUEZ GARCÍA,PRIME,EMPRD-E4,200933F05,5101-525,MINISPLIT 1.5 TON,MINISPLIT,Aire Acondicionado,1187
4174,Correctivo,COSTA GRANDE,DR. JUVENTINO RODRÍGUEZ GARCÍA,PRIME,EMPRD-E4,200933F05,5101-525,MINISPLIT 1.5 TON,MINISPLIT,Aire Acondicionado,1188
4175,Preventivo,COSTA GRANDE,DR. JUVENTINO RODRÍGUEZ GARCÍA,PRIME,EMPRD-E5,200933F06,5101-528,MINISPLIT 1.5 TON,MINISPLIT,Aire Acondicionado,1189
4176,Correctivo,COSTA GRANDE,DR. JUVENTINO RODRÍGUEZ GARCÍA,PRIME,EMPRD-E5,200933F06,5101-528,MINISPLIT 1.5 TON,MINISPLIT,Aire Acondicionado,1190
4177,Preventivo,COSTA GRANDE,DR. JUVENTINO RODRÍGUEZ GARCÍA,PRIME,EMPRD-E6,200933F07,5101-531,MINISPLIT 1.5 TON,MINISPLIT,Aire Acondicionado,1191
4178,Correctivo,COSTA GRANDE,DR. JUVENTINO RODRÍGUEZ GARCÍA,PRIME,EMPRD-E6,200933F07,5101-531,MINISPLIT 1.5 TON,MINISPLIT,Aire Acondicionado,1192
4179,Preventivo,COSTA GRANDE,DR. JUVENTINO RODRÍGUEZ GARCÍA,WHIRLPOOL,WA3126QO,TCF1604112,5101-534,MINISPLIT 1.5 TON,MINISPLIT,Aire Acondicionado,1193
4180,Correctivo,COSTA GRANDE,DR. JUVENTINO RODRÍGUEZ GARCÍA,WHIRLPOOL,WA3126QO,TCF1604112,5101-534,MINISPLIT 1.5 TON,MINISPLIT,Aire Acondicionado,1194
4181,Preventivo,COSTA GRANDE,DR. JUVENTINO RODRÍGUEZ GARCÍA,WHIRLPOOL,WA3126QO,TCF1604113,5101-537,MINISPLIT 1.5 TON,MINISPLIT,Aire Acondicionado,1195
4182,Correctivo,COSTA GRANDE,DR. JUVENTINO RODRÍGUEZ GARCÍA,WHIRLPOOL,WA3126QO,TCF1604113,5101-537,MINISPLIT 1.5 TON,MINISPLIT,Aire Acondicionado,1196
4183,Preventivo,COSTA GRANDE,DR. JUVENTINO RODRÍGUEZ GARCÍA,WHIRLPOOL,WA3126QO,TCF1604114,5101-540,MINISPLIT 1.5 TON,MINISPLIT,Aire Acondicionado,1197
4184,Correctivo,COSTA GRANDE,DR. JUVENTINO RODRÍGUEZ GARCÍA,WHIRLPOOL,WA3126QO,TCF1604114,5101-540,MINISPLIT 1.5 TON,MINISPLIT,Aire Acondicionado,1198
4185,Preventivo,COSTA GRANDE,DR. JUVENTINO RODRÍGUEZ GARCÍA,WHIRLPOOL,WA3126QO,TCF1604115,5101-543,MINISPLIT 1.5 TON,MINISPLIT,Aire Acondicionado,1199
4186,Correctivo,COSTA GRANDE,DR. JUVENTINO RODRÍGUEZ GARCÍA,WHIRLPOOL,WA3126QO,TCF1604115,5101-543,MINISPLIT 1.5 TON,MINISPLIT,Aire Acondicionado,1200
4187,Preventivo,COSTA GRANDE,DR. JUVENTINO RODRÍGUEZ GARCÍA,WHIRLPOOL,WA3126QO,TCF1604116,5101-546,MINISPLIT 1.5 TON,MINISPLIT,Aire Acondicionado,1201
4188,Correctivo,COSTA GRANDE,DR. JUVENTINO RODRÍGUEZ GARCÍA,WHIRLPOOL,WA3126QO,TCF1604116,5101-546,MINISPLIT 1.5 TON,MINISPLIT,Aire Acondicionado,1202
4189,Preventivo,COSTA GRANDE,DR. JUVENTINO RODRÍGUEZ GARCÍA,WHIRLPOOL,WA3126QO,TCF1604117,5101-549,MINISPLIT 1.5 TON,MINISPLIT,Aire Acondicionado,1203
4190,Correctivo,COSTA GRANDE,DR. JUVENTINO RODRÍGUEZ GARCÍA,WHIRLPOOL,WA3126QO,TCF1604117,5101-549,MINISPLIT 1.5 TON,MINISPLIT,Aire Acondicionado,1204
4191,Preventivo,COSTA GRANDE,DR. JUVENTINO RODRÍGUEZ GARCÍA,WHIRLPOOL,WA3126QO,TCF1604118,5101-552,MINISPLIT 1.5 TON,MINISPLIT,Aire Acondicionado,1205
4192,Correctivo,COSTA GRANDE,DR. JUVENTINO RODRÍGUEZ GARCÍA,WHIRLPOOL,WA3126QO,TCF1604118,5101-552,MINISPLIT 1.5 TON,MINISPLIT,Aire Acondicionado,1206
4193,Preventivo,COSTA GRANDE,DR. JUVENTINO RODRÍGUEZ GARCÍA,WHIRLPOOL,WA3126QO,TCF1604119,5101-555,MINISPLIT 1.5 TON,MINISPLIT,Aire Acondicionado,1207
4194,Correctivo,COSTA GRANDE,DR. JUVENTINO RODRÍGUEZ GARCÍA,WHIRLPOOL,WA3126QO,TCF1604119,5101-555,MINISPLIT 1.5 TON,MINISPLIT,Aire Acondicionado,1208
4195,Preventivo,COSTA GRANDE,DR. JUVENTINO RODRÍGUEZ GARCÍA,WHIRLPOOL,WA3126QO,TCF1604120,5101-558,MINISPLIT 1.5 TON,MINISPLIT,Aire Acondicionado,1209
4196,Correctivo,COSTA GRANDE,DR. JUVENTINO RODRÍGUEZ GARCÍA,WHIRLPOOL,WA3126QO,TCF1604120,5101-558,MINISPLIT 1.5 TON,MINISPLIT,Aire Acondicionado,1210
4197,Preventivo,COSTA GRANDE,DR. JUVENTINO RODRÍGUEZ GARCÍA,AHIRI,GSX130241FA,2002204714,5101-559,MINISPLIT 1.5 TON,MINISPLIT,Aire Acondicionado,1211
4198,Correctivo,COSTA GRANDE,DR. JUVENTINO RODRÍGUEZ GARCÍA,AHIRI,GSX130241FA,2002204714,5101-559,MINISPLIT 1.5 TON,MINISPLIT,Aire Acondicionado,1212
4199,Preventivo,COSTA GRANDE,DR. JUVENTINO RODRÍGUEZ GARCÍA,AHIRI,GSX130241FA,2002204715,5101-560,MINISPLIT 1.5 TON,MINISPLIT,Aire Acondicionado,1213
4200,Correctivo,COSTA GRANDE,DR. JUVENTINO RODRÍGUEZ GARCÍA,AHIRI,GSX130241FA,2002204715,5101-560,MINISPLIT 1.5 TON,MINISPLIT,Aire Acondicionado,1214
4201,Preventivo,COSTA GRANDE,DR. JUVENTINO RODRÍGUEZ GARCÍA,AHIRI,GSX130241FA,2002204716,5101-561,MINISPLIT 1.5 TON,MINISPLIT,Aire Acondicionado,1215
4202,Correctivo,COSTA GRANDE,DR. JUVENTINO RODRÍGUEZ GARCÍA,AHIRI,GSX130241FA,2002204716,5101-561,MINISPLIT 1.5 TON,MINISPLIT,Aire Acondicionado,1216
4203,Preventivo,COSTA GRANDE,DR. JUVENTINO RODRÍGUEZ GARCÍA,AHIRI,GSX130241FA,2002204717,5101-562,MINISPLIT 1.5 TON,MINISPLIT,Aire Acondicionado,1217
4204,Correctivo,COSTA GRANDE,DR. JUVENTINO RODRÍGUEZ GARCÍA,AHIRI,GSX130241FA,2002204717,5101-562,MINISPLIT 1.5 TON,MINISPLIT,Aire Acondicionado,1218
1691,Preventivo,COSTA GRANDE,HOSPITAL BÁSICO COMUNITARIO COAHUAYUTLA DE GUERRERO,YORK,NC090C00B6AAA2A,20201985200700500,1,UNIDAD PAQUETE 7.5 TON,PAQUETE,Aire Acondicionado,1219
1692,Correctivo,COSTA GRANDE,HOSPITAL BÁSICO COMUNITARIO COAHUAYUTLA DE GUERRERO,YORK,NC090C00B6AAA2A,20201985200700500,1,UNIDAD PAQUETE 7.5 TON,PAQUETE,Aire Acondicionado,1220
1693,Preventivo,COSTA GRANDE,HOSPITAL BÁSICO COMUNITARIO COAHUAYUTLA DE GUERRERO,DAIKIN,FT-N12CL216-3,3C97220000725,2,MINI SPLIT 1 TON,MINISPLIT,Aire Acondicionado,1221
1694,Correctivo,COSTA GRANDE,HOSPITAL BÁSICO COMUNITARIO COAHUAYUTLA DE GUERRERO,DAIKIN,FT-N12CL216-3,3C97220000725,2,MINI SPLIT 1 TON,MINISPLIT,Aire Acondicionado,1222
1695,Preventivo,COSTA GRANDE,HOSPITAL BÁSICO COMUNITARIO COAHUAYUTLA DE GUERRERO,TRANE,4TTR1512A1200AA,200477Z61312YCP049,3,MINI SPLIT 1.5 TON,MINISPLIT,Aire Acondicionado,1223
1696,Correctivo,COSTA GRANDE,HOSPITAL BÁSICO COMUNITARIO COAHUAYUTLA DE GUERRERO,TRANE,4TTR1512A1200AA,200477Z61312YCP049,3,MINI SPLIT 1.5 TON,MINISPLIT,Aire Acondicionado,1224
1697,Preventivo,COSTA GRANDE,HOSPITAL BÁSICO COMUNITARIO COAHUAYUTLA DE GUERRERO,YORK,YC090C00A2AAA2A,N1K3095137,4,UNIDAD PAQUETE 7.5 TON,PAQUETE,Aire Acondicionado,1225
1698,Correctivo,COSTA GRANDE,HOSPITAL BÁSICO COMUNITARIO COAHUAYUTLA DE GUERRERO,YORK,YC090C00A2AAA2A,N1K3095137,4,UNIDAD PAQUETE 7.5 TON,PAQUETE,Aire Acondicionado,1226
1699,Preventivo,COSTA GRANDE,HOSPITAL BÁSICO COMUNITARIO COAHUAYUTLA DE GUERRERO,TRANE,4TTR1512A1200AA,X2021TO122IC0067,5,MINI SPLIT 1.5 TON,MINISPLIT,Aire Acondicionado,1227
1700,Correctivo,COSTA GRANDE,HOSPITAL BÁSICO COMUNITARIO COAHUAYUTLA DE GUERRERO,TRANE,4TTR1512A1200AA,X2021TO122IC0067,5,MINI SPLIT 1.5 TON,MINISPLIT,Aire Acondicionado,1228
1701,Preventivo,COSTA GRANDE,HOSPITAL BÁSICO COMUNITARIO COAHUAYUTLA DE GUERRERO,YORK,NC090C00B6AAA2A,N1L2199722,6,UNIDAD PAQUETE 7.5 TON,PAQUETE,Aire Acondicionado,1229
1702,Correctivo,COSTA GRANDE,HOSPITAL BÁSICO COMUNITARIO COAHUAYUTLA DE GUERRERO,YORK,NC090C00B6AAA2A,N1L2199722,6,UNIDAD PAQUETE 7.5 TON,PAQUETE,Aire Acondicionado,1230
1703,Preventivo,COSTA GRANDE,HOSPITAL BÁSICO COMUNITARIO COAHUAYUTLA DE GUERRERO,TRANE,4TTR1512A1200AA,X2021TO122OC0037,7,MINI SPLIT 1.5 TON,MINISPLIT,Aire Acondicionado,1231
1704,Correctivo,COSTA GRANDE,HOSPITAL BÁSICO COMUNITARIO COAHUAYUTLA DE GUERRERO,TRANE,4TTR1512A1200AA,X2021TO122OC0037,7,MINI SPLIT 1.5 TON,MINISPLIT,Aire Acondicionado,1232
1705,Preventivo,COSTA GRANDE,HOSPITAL BÁSICO COMUNITARIO COAHUAYUTLA DE GUERRERO,YORK,YNFFXC036BAAD-FX,S/SERIE,8,MiniSplit 3 ton,MINISPLIT,Aire Acondicionado,1233
1706,Correctivo,COSTA GRANDE,HOSPITAL BÁSICO COMUNITARIO COAHUAYUTLA DE GUERRERO,YORK,YNFFXC036BAAD-FX,S/SERIE,8,MiniSplit 3 ton,MINISPLIT,Aire Acondicionado,1234
1707,Preventivo,COSTA GRANDE,HOSPITAL BÁSICO COMUNITARIO COAHUAYUTLA DE GUERRERO,YORK,YHFE12XJMAXAORX,0202019852007006O6,9,MiniSplit 2.5 ton,MINISPLIT,Aire Acondicionado,1235
1708,Correctivo,COSTA GRANDE,HOSPITAL BÁSICO COMUNITARIO COAHUAYUTLA DE GUERRERO,YORK,YHFE12XJMAXAORX,0202019852007006O6,9,MiniSplit 2.5 ton,MINISPLIT,Aire Acondicionado,1236
1709,Preventivo,COSTA GRANDE,HOSPITAL BÁSICO COMUNITARIO COAHUAYUTLA DE GUERRERO,YORK,YHFE12XJMAXAORX,02020145019O201568,10,MiniSplit 2.5 ton,MINISPLIT,Aire Acondicionado,1237
1710,Correctivo,COSTA GRANDE,HOSPITAL BÁSICO COMUNITARIO COAHUAYUTLA DE GUERRERO,YORK,YHFE12XJMAXAORX,02020145019O201568,10,MiniSplit 2.5 ton,MINISPLIT,Aire Acondicionado,1238
1711,Preventivo,COSTA GRANDE,HOSPITAL BÁSICO COMUNITARIO COAHUAYUTLA DE GUERRERO,YORK,YHFE12XJMAXAORX,02020145019O201585,11,MiniSplit 2.5 ton,MINISPLIT,Aire Acondicionado,1239
1712,Correctivo,COSTA GRANDE,HOSPITAL BÁSICO COMUNITARIO COAHUAYUTLA DE GUERRERO,YORK,YHFE12XJMAXAORX,02020145019O201585,11,MiniSplit 2.5 ton,MINISPLIT,Aire Acondicionado,1240
1713,Preventivo,COSTA GRANDE,HOSPITAL BÁSICO COMUNITARIO COAHUAYUTLA DE GUERRERO,YORK,YHFE12XJMAXAORX,02020145019O20860,12,MINISPLIT 2.0 TON,MINISPLIT,Aire Acondicionado,1241
1714,Correctivo,COSTA GRANDE,HOSPITAL BÁSICO COMUNITARIO COAHUAYUTLA DE GUERRERO,YORK,YHFE12XJMAXAORX,02020145019O20860,12,MINISPLIT 2.0 TON,MINISPLIT,Aire Acondicionado,1242
1715,Preventivo,COSTA GRANDE,HOSPITAL BÁSICO COMUNITARIO COAHUAYUTLA DE GUERRERO,YORK,YHFE12XJMAXAORX,02020145019O201530,13,MINISPLIT 2.0 TON,MINISPLIT,Aire Acondicionado,1243
1716,Correctivo,COSTA GRANDE,HOSPITAL BÁSICO COMUNITARIO COAHUAYUTLA DE GUERRERO,YORK,YHFE12XJMAXAORX,02020145019O201530,13,MINISPLIT 2.0 TON,MINISPLIT,Aire Acondicionado,1244
1717,Preventivo,COSTA GRANDE,HOSPITAL BÁSICO COMUNITARIO COAHUAYUTLA DE GUERRERO,YORK,YHFE12XJMAXAORX,02020145019O201161,14,MINISPLIT 2.0 TON,MINISPLIT,Aire Acondicionado,1245
1718,Correctivo,COSTA GRANDE,HOSPITAL BÁSICO COMUNITARIO COAHUAYUTLA DE GUERRERO,YORK,YHFE12XJMAXAORX,02020145019O201161,14,MINISPLIT 2.0 TON,MINISPLIT,Aire Acondicionado,1246
1719,Preventivo,COSTA GRANDE,HOSPITAL BÁSICO COMUNITARIO COAHUAYUTLA DE GUERRERO,YORK,YHFE12XJMAXAORX,02020145019O201117,15,MINISPLIT 2.0 TON,MINISPLIT,Aire Acondicionado,1247
1720,Correctivo,COSTA GRANDE,HOSPITAL BÁSICO COMUNITARIO COAHUAYUTLA DE GUERRERO,YORK,YHFE12XJMAXAORX,02020145019O201117,15,MINISPLIT 2.0 TON,MINISPLIT,Aire Acondicionado,1248
1721,Preventivo,COSTA GRANDE,HOSPITAL BÁSICO COMUNITARIO COAHUAYUTLA DE GUERRERO,YORK,YHFE12XJMAXAORX,02020145019O20125505,16,MINISPLIT 2.0 TON,MINISPLIT,Aire Acondicionado,1249
1722,Correctivo,COSTA GRANDE,HOSPITAL BÁSICO COMUNITARIO COAHUAYUTLA DE GUERRERO,YORK,YHFE12XJMAXAORX,02020145019O20125505,16,MINISPLIT 2.0 TON,MINISPLIT,Aire Acondicionado,1250
1723,Preventivo,COSTA GRANDE,HOSPITAL BÁSICO COMUNITARIO COAHUAYUTLA DE GUERRERO,YORK,YHFE12XJMAXAORX,02020145019O200196,17,MINISPLIT 2.0 TON,MINISPLIT,Aire Acondicionado,1251
1724,Correctivo,COSTA GRANDE,HOSPITAL BÁSICO COMUNITARIO COAHUAYUTLA DE GUERRERO,YORK,YHFE12XJMAXAORX,02020145019O200196,17,MINISPLIT 2.0 TON,MINISPLIT,Aire Acondicionado,1252
1725,Preventivo,COSTA GRANDE,HOSPITAL BÁSICO COMUNITARIO COAHUAYUTLA DE GUERRERO,YORK,YHFE12XJMAXAORX,02020145019O202388,18,MINISPLIT 2.0 TON,MINISPLIT,Aire Acondicionado,1253
1726,Correctivo,COSTA GRANDE,HOSPITAL BÁSICO COMUNITARIO COAHUAYUTLA DE GUERRERO,YORK,YHFE12XJMAXAORX,02020145019O202388,18,MINISPLIT 2.0 TON,MINISPLIT,Aire Acondicionado,1254
1727,Preventivo,COSTA GRANDE,HOSPITAL BÁSICO COMUNITARIO COAHUAYUTLA DE GUERRERO,YORK,YHFE12XJMAXAORX,20601453190600800,19,MINISPLIT 2.0 TON,MINISPLIT,Aire Acondicionado,1255
1728,Correctivo,COSTA GRANDE,HOSPITAL BÁSICO COMUNITARIO COAHUAYUTLA DE GUERRERO,YORK,YHFE12XJMAXAORX,20601453190600800,19,MINISPLIT 2.0 TON,MINISPLIT,Aire Acondicionado,1256
1729,Preventivo,COSTA GRANDE,HOSPITAL BÁSICO COMUNITARIO COAHUAYUTLA DE GUERRERO,TRANE,4TTR1512A1200AA,T93424XCP1220,20,MiniSplit 1.5 ton,MINISPLIT,Aire Acondicionado,1257
1730,Correctivo,COSTA GRANDE,HOSPITAL BÁSICO COMUNITARIO COAHUAYUTLA DE GUERRERO,TRANE,4TTR1512A1200AA,T93424XCP1220,20,MiniSplit 1.5 ton,MINISPLIT,Aire Acondicionado,1258
1731,Preventivo,COSTA GRANDE,HOSPITAL BÁSICO COMUNITARIO COAHUAYUTLA DE GUERRERO,YORK,YHFE12XJMAXAORX,20601000190400000,21,MiniSplit 1.5 ton,MINISPLIT,Aire Acondicionado,1259
1732,Correctivo,COSTA GRANDE,HOSPITAL BÁSICO COMUNITARIO COAHUAYUTLA DE GUERRERO,YORK,YHFE12XJMAXAORX,20601000190400000,21,MiniSplit 1.5 ton,MINISPLIT,Aire Acondicionado,1260
1733,Preventivo,COSTA GRANDE,HOSPITAL BÁSICO COMUNITARIO COAHUAYUTLA DE GUERRERO,YORK,YHFE12XJMAXAORX,33170141218120O36,22,MiniSplit 1.5 ton,MINISPLIT,Aire Acondicionado,1261
1734,Correctivo,COSTA GRANDE,HOSPITAL BÁSICO COMUNITARIO COAHUAYUTLA DE GUERRERO,YORK,YHFE12XJMAXAORX,33170141218120O36,22,MiniSplit 1.5 ton,MINISPLIT,Aire Acondicionado,1262
1735,Preventivo,COSTA GRANDE,HOSPITAL BÁSICO COMUNITARIO COAHUAYUTLA DE GUERRERO,YORK,YHFE12XJMAXAORX,33170141218120O07,23,MiniSplit 1.5 ton,MINISPLIT,Aire Acondicionado,1263
1736,Correctivo,COSTA GRANDE,HOSPITAL BÁSICO COMUNITARIO COAHUAYUTLA DE GUERRERO,YORK,YHFE12XJMAXAORX,33170141218120O07,23,MiniSplit 1.5 ton,MINISPLIT,Aire Acondicionado,1264
1737,Preventivo,COSTA GRANDE,HOSPITAL BÁSICO COMUNITARIO COAHUAYUTLA DE GUERRERO,YORK,YHFE12XJMAXAORX,20201189180301300,24,MiniSplit 1.5 ton,MINISPLIT,Aire Acondicionado,1265
1738,Correctivo,COSTA GRANDE,HOSPITAL BÁSICO COMUNITARIO COAHUAYUTLA DE GUERRERO,YORK,YHFE12XJMAXAORX,20201189180301300,24,MiniSplit 1.5 ton,MINISPLIT,Aire Acondicionado,1266
1739,Preventivo,COSTA GRANDE,HOSPITAL BÁSICO COMUNITARIO COAHUAYUTLA DE GUERRERO,TRANE,4TTR1512A1200AA,X2027T01220C0166,25,MiniSplit 1.5 ton,MINISPLIT,Aire Acondicionado,1267
1740,Correctivo,COSTA GRANDE,HOSPITAL BÁSICO COMUNITARIO COAHUAYUTLA DE GUERRERO,TRANE,4TTR1512A1200AA,X2027T01220C0166,25,MiniSplit 1.5 ton,MINISPLIT,Aire Acondicionado,1268
1741,Preventivo,COSTA GRANDE,HOSPITAL BÁSICO COMUNITARIO COAHUAYUTLA DE GUERRERO,TRANE,4TTR1512A1200AA,190877T93424X,26,MiniSplit 1.5 ton,MINISPLIT,Aire Acondicionado,1269
1742,Correctivo,COSTA GRANDE,HOSPITAL BÁSICO COMUNITARIO COAHUAYUTLA DE GUERRERO,TRANE,4TTR1512A1200AA,190877T93424X,26,MiniSplit 1.5 ton,MINISPLIT,Aire Acondicionado,1270
1743,Preventivo,COSTA GRANDE,HOSPITAL BÁSICO COMUNITARIO COAHUAYUTLA DE GUERRERO,MIRAJE,ELF181T,ELF181102052504198,28,MINISPLIT 1.5 TON,MINISPLIT,Aire Acondicionado,1271
1744,Correctivo,COSTA GRANDE,HOSPITAL BÁSICO COMUNITARIO COAHUAYUTLA DE GUERRERO,MIRAJE,ELF181T,ELF181102052504198,28,MINISPLIT 1.5 TON,MINISPLIT,Aire Acondicionado,1272
1745,Preventivo,COSTA GRANDE,HOSPITAL BÁSICO COMUNITARIO COAHUAYUTLA DE GUERRERO,MIRAJE,ELF261T,ELF261T02052508433,30,MINISPLIT 2 TONELAS,MINISPLIT,Aire Acondicionado,1273
1746,Correctivo,COSTA GRANDE,HOSPITAL BÁSICO COMUNITARIO COAHUAYUTLA DE GUERRERO,MIRAJE,ELF261T,ELF261T02052508433,30,MINISPLIT 2 TONELAS,MINISPLIT,Aire Acondicionado,1274
1747,Preventivo,COSTA GRANDE,HOSPITAL BÁSICO COMUNITARIO COAHUAYUTLA DE GUERRERO,TRANE,4TTR1512A1200AA,190877239724C003,31,MiniSplit 1.5 ton,MINISPLIT,Aire Acondicionado,1275
1748,Correctivo,COSTA GRANDE,HOSPITAL BÁSICO COMUNITARIO COAHUAYUTLA DE GUERRERO,TRANE,4TTR1512A1200AA,190877239724C003,31,MiniSplit 1.5 ton,MINISPLIT,Aire Acondicionado,1276
1749,Preventivo,COSTA GRANDE,HOSPITAL BÁSICO COMUNITARIO COAHUAYUTLA DE GUERRERO,MIRAJE,ELF120H,ELF120H44072406128,32,MiniSplit 1. ton,MINISPLIT,Aire Acondicionado,1277
1750,Correctivo,COSTA GRANDE,HOSPITAL BÁSICO COMUNITARIO COAHUAYUTLA DE GUERRERO,MIRAJE,ELF120H,ELF120H44072406128,32,MiniSplit 1. ton,MINISPLIT,Aire Acondicionado,1278
1751,Preventivo,COSTA GRANDE,HOSPITAL BÁSICO COMUNITARIO COAHUAYUTLA DE GUERRERO,TRANE,4TTR1512A1200AA,190877T93424XCP1233,33,MiniSplit 1.5 ton,MINISPLIT,Aire Acondicionado,1279
1752,Correctivo,COSTA GRANDE,HOSPITAL BÁSICO COMUNITARIO COAHUAYUTLA DE GUERRERO,TRANE,4TTR1512A1200AA,190877T93424XCP1233,33,MiniSplit 1.5 ton,MINISPLIT,Aire Acondicionado,1280
1753,Preventivo,COSTA GRANDE,HOSPITAL BÁSICO COMUNITARIO COAHUAYUTLA DE GUERRERO,A&P,VE-01,SIN NUMERO,34,EXTRACTOR DE AIRE ACONDICIONADO,EXTRACTOR,Aire Acondicionado,1281
1754,Correctivo,COSTA GRANDE,HOSPITAL BÁSICO COMUNITARIO COAHUAYUTLA DE GUERRERO,A&P,VE-01,SIN NUMERO,34,EXTRACTOR DE AIRE ACONDICIONADO,EXTRACTOR,Aire Acondicionado,1282
1755,Preventivo,COSTA GRANDE,HOSPITAL BÁSICO COMUNITARIO COAHUAYUTLA DE GUERRERO,A&P,VE-02,SIN NUMERO,35,EXTRACTOR DE AIRE ACONDICIONADO,EXTRACTOR,Aire Acondicionado,1283
1756,Correctivo,COSTA GRANDE,HOSPITAL BÁSICO COMUNITARIO COAHUAYUTLA DE GUERRERO,A&P,VE-02,SIN NUMERO,35,EXTRACTOR DE AIRE ACONDICIONADO,EXTRACTOR,Aire Acondicionado,1284
1757,Preventivo,COSTA GRANDE,HOSPITAL BÁSICO COMUNITARIO COAHUAYUTLA DE GUERRERO,A&P,VE-03,SIN NUMERO,36,EXTRACTOR DE AIRE ACONDICIONADO,EXTRACTOR,Aire Acondicionado,1285
1758,Correctivo,COSTA GRANDE,HOSPITAL BÁSICO COMUNITARIO COAHUAYUTLA DE GUERRERO,A&P,VE-03,SIN NUMERO,36,EXTRACTOR DE AIRE ACONDICIONADO,EXTRACTOR,Aire Acondicionado,1286
1759,Preventivo,COSTA GRANDE,HOSPITAL BÁSICO COMUNITARIO COAHUAYUTLA DE GUERRERO,A&P,VE-04,SIN NUMERO,37,EXTRACTOR DE AIRE ACONDICIONADO,EXTRACTOR,Aire Acondicionado,1287
1760,Correctivo,COSTA GRANDE,HOSPITAL BÁSICO COMUNITARIO COAHUAYUTLA DE GUERRERO,A&P,VE-04,SIN NUMERO,37,EXTRACTOR DE AIRE ACONDICIONADO,EXTRACTOR,Aire Acondicionado,1288
1761,Preventivo,COSTA GRANDE,HOSPITAL BÁSICO COMUNITARIO COAHUAYUTLA DE GUERRERO,A&P,VE-05,SIN NUMERO,38,EXTRACTOR DE AIRE ACONDICIONADO,EXTRACTOR,Aire Acondicionado,1289
1762,Correctivo,COSTA GRANDE,HOSPITAL BÁSICO COMUNITARIO COAHUAYUTLA DE GUERRERO,A&P,VE-05,SIN NUMERO,38,EXTRACTOR DE AIRE ACONDICIONADO,EXTRACTOR,Aire Acondicionado,1290
1763,Preventivo,COSTA GRANDE,HOSPITAL BÁSICO COMUNITARIO COAHUAYUTLA DE GUERRERO,MIRAJE,ELF120H,ELF120H44072400534,39,MINISPLIT 1 TON,MINISPLIT,Aire Acondicionado,1291
1764,Correctivo,COSTA GRANDE,HOSPITAL BÁSICO COMUNITARIO COAHUAYUTLA DE GUERRERO,MIRAJE,ELF120H,ELF120H44072400534,39,MINISPLIT 1 TON,MINISPLIT,Aire Acondicionado,1292
1765,Preventivo,COSTA GRANDE,HOSPITAL BÁSICO COMUNITARIO COAHUAYUTLA DE GUERRERO,YORK,YC090C00A2AAA2A,N1K3095245,40,MiniSplit 1. ton,MINISPLIT,Aire Acondicionado,1293
1766,Correctivo,COSTA GRANDE,HOSPITAL BÁSICO COMUNITARIO COAHUAYUTLA DE GUERRERO,YORK,YC090C00A2AAA2A,N1K3095245,40,MiniSplit 1. ton,MINISPLIT,Aire Acondicionado,1294
2199,Preventivo,COSTA GRANDE,HOSPITAL DE LA COMUNIDAD DE COYUCA DE BENITEZ,MIRAGE,LIFGE 12+,ELF12IT01022508288,SES.HBCCB.CONS.DENT.0001,MINISPLIT 1 TON,MINISPLIT,Aire Acondicionado,1295
2200,Correctivo,COSTA GRANDE,HOSPITAL DE LA COMUNIDAD DE COYUCA DE BENITEZ,MIRAGE,LIFGE 12+,ELF12IT01022508288,SES.HBCCB.CONS.DENT.0001,MINISPLIT 1 TON,MINISPLIT,Aire Acondicionado,1296
2201,Preventivo,COSTA GRANDE,HOSPITAL DE LA COMUNIDAD DE COYUCA DE BENITEZ,MIRAGE,LIFGE 12+,ELF121T7122446687,SES.HBCCB.MED.PREVENT.0002,MINISPLIT 1 TON,MINISPLIT,Aire Acondicionado,1297
2202,Correctivo,COSTA GRANDE,HOSPITAL DE LA COMUNIDAD DE COYUCA DE BENITEZ,MIRAGE,LIFGE 12+,ELF121T7122446687,SES.HBCCB.MED.PREVENT.0002,MINISPLIT 1 TON,MINISPLIT,Aire Acondicionado,1298
2203,Preventivo,COSTA GRANDE,HOSPITAL DE LA COMUNIDAD DE COYUCA DE BENITEZ,MIRAGE,LIFGE 12+,ELF121T01022508201,SES.HBCCB.C.MED.GRAL.2 0003,MINISPLIT 1 TON,MINISPLIT,Aire Acondicionado,1299
2204,Correctivo,COSTA GRANDE,HOSPITAL DE LA COMUNIDAD DE COYUCA DE BENITEZ,MIRAGE,LIFGE 12+,ELF121T01022508201,SES.HBCCB.C.MED.GRAL.2 0003,MINISPLIT 1 TON,MINISPLIT,Aire Acondicionado,1300
2205,Preventivo,COSTA GRANDE,HOSPITAL DE LA COMUNIDAD DE COYUCA DE BENITEZ,MIRAGE,LIFGE 12+,ELF121T01022515475,SES.HBCCB.C.MED.GRAL.1 0004,MINISPLIT 1 TON,MINISPLIT,Aire Acondicionado,1301
2206,Correctivo,COSTA GRANDE,HOSPITAL DE LA COMUNIDAD DE COYUCA DE BENITEZ,MIRAGE,LIFGE 12+,ELF121T01022515475,SES.HBCCB.C.MED.GRAL.1 0004,MINISPLIT 1 TON,MINISPLIT,Aire Acondicionado,1302
2207,Preventivo,COSTA GRANDE,HOSPITAL DE LA COMUNIDAD DE COYUCA DE BENITEZ,MIRAGE,LIFGE 12+,8DEX1431812TABN01733,SES.HBCCB.CONS.GIN.CIRG. 0005,MINISPLIT 1 TON,MINISPLIT,Aire Acondicionado,1303
2208,Correctivo,COSTA GRANDE,HOSPITAL DE LA COMUNIDAD DE COYUCA DE BENITEZ,MIRAGE,LIFGE 12+,8DEX1431812TABN01733,SES.HBCCB.CONS.GIN.CIRG. 0005,MINISPLIT 1 TON,MINISPLIT,Aire Acondicionado,1304
2209,Preventivo,COSTA GRANDE,HOSPITAL DE LA COMUNIDAD DE COYUCA DE BENITEZ,MIRAGE,LIFGE 12+,ELF121T01022508307,SES.HBCCB.CONS.PEDT. 0006,MINISPLIT 1 TON,MINISPLIT,Aire Acondicionado,1305
2210,Correctivo,COSTA GRANDE,HOSPITAL DE LA COMUNIDAD DE COYUCA DE BENITEZ,MIRAGE,LIFGE 12+,ELF121T01022508307,SES.HBCCB.CONS.PEDT. 0006,MINISPLIT 1 TON,MINISPLIT,Aire Acondicionado,1306
2211,Preventivo,COSTA GRANDE,HOSPITAL DE LA COMUNIDAD DE COYUCA DE BENITEZ,MIRAGE,LIFGE 12+,FOO1180349,SES.HBCCB.C.MED.INTR. 0007,MINISPLIT 1 TON,MINISPLIT,Aire Acondicionado,1307
2212,Correctivo,COSTA GRANDE,HOSPITAL DE LA COMUNIDAD DE COYUCA DE BENITEZ,MIRAGE,LIFGE 12+,FOO1180349,SES.HBCCB.C.MED.INTR. 0007,MINISPLIT 1 TON,MINISPLIT,Aire Acondicionado,1308
2213,Preventivo,COSTA GRANDE,HOSPITAL DE LA COMUNIDAD DE COYUCA DE BENITEZ,MIRAGE,LIFGE 12+,ELF121T7122446789,SES.HBCCB.OFIC.ADMON. 0008,MINISPLIT 1 TON,MINISPLIT,Aire Acondicionado,1309
2214,Correctivo,COSTA GRANDE,HOSPITAL DE LA COMUNIDAD DE COYUCA DE BENITEZ,MIRAGE,LIFGE 12+,ELF121T7122446789,SES.HBCCB.OFIC.ADMON. 0008,MINISPLIT 1 TON,MINISPLIT,Aire Acondicionado,1310
2215,Preventivo,COSTA GRANDE,HOSPITAL DE LA COMUNIDAD DE COYUCA DE BENITEZ,MIRAGE,MAPS1211C,1211C7012506,SES.HBCCB.CONTR Y CAJA. 0009,MINISPLIT 1.5 TON,MINISPLIT,Aire Acondicionado,1311
2216,Correctivo,COSTA GRANDE,HOSPITAL DE LA COMUNIDAD DE COYUCA DE BENITEZ,MIRAGE,MAPS1211C,1211C7012506,SES.HBCCB.CONTR Y CAJA. 0009,MINISPLIT 1.5 TON,MINISPLIT,Aire Acondicionado,1312
2217,Preventivo,COSTA GRANDE,HOSPITAL DE LA COMUNIDAD DE COYUCA DE BENITEZ,MIRAGE,LIFGE 12+,ELF261T7122402737,SES.HBCCB.PASILLO CONS EXT. 0010,MINISPLIT 1 TON,MINISPLIT,Aire Acondicionado,1313
2218,Correctivo,COSTA GRANDE,HOSPITAL DE LA COMUNIDAD DE COYUCA DE BENITEZ,MIRAGE,LIFGE 12+,ELF261T7122402737,SES.HBCCB.PASILLO CONS EXT. 0010,MINISPLIT 1 TON,MINISPLIT,Aire Acondicionado,1314
2219,Preventivo,COSTA GRANDE,HOSPITAL DE LA COMUNIDAD DE COYUCA DE BENITEZ,MIRAGE,LIFGE 12+,ELF261T7122405144,SES.HBCCB.PASILLO CONS EXT. 0011,MINISPLIT 1 TON,MINISPLIT,Aire Acondicionado,1315
2220,Correctivo,COSTA GRANDE,HOSPITAL DE LA COMUNIDAD DE COYUCA DE BENITEZ,MIRAGE,LIFGE 12+,ELF261T7122405144,SES.HBCCB.PASILLO CONS EXT. 0011,MINISPLIT 1 TON,MINISPLIT,Aire Acondicionado,1316
2221,Preventivo,COSTA GRANDE,HOSPITAL DE LA COMUNIDAD DE COYUCA DE BENITEZ,MIRAGE,LIFGE 12+,ELF261T7122404525,SES.HBCCB.PASILLO CONS EXT. 0012,MINISPLIT 1 TON,MINISPLIT,Aire Acondicionado,1317
2222,Correctivo,COSTA GRANDE,HOSPITAL DE LA COMUNIDAD DE COYUCA DE BENITEZ,MIRAGE,LIFGE 12+,ELF261T7122404525,SES.HBCCB.PASILLO CONS EXT. 0012,MINISPLIT 1 TON,MINISPLIT,Aire Acondicionado,1318
2223,Preventivo,COSTA GRANDE,HOSPITAL DE LA COMUNIDAD DE COYUCA DE BENITEZ,MIRAGE,LIFGE 12+,ELF261T7122402744,SES.HBCCB.ARCH.CLINC. 0013,MINISPLIT 1 TON,MINISPLIT,Aire Acondicionado,1319
2224,Correctivo,COSTA GRANDE,HOSPITAL DE LA COMUNIDAD DE COYUCA DE BENITEZ,MIRAGE,LIFGE 12+,ELF261T7122402744,SES.HBCCB.ARCH.CLINC. 0013,MINISPLIT 1 TON,MINISPLIT,Aire Acondicionado,1320
2225,Preventivo,COSTA GRANDE,HOSPITAL DE LA COMUNIDAD DE COYUCA DE BENITEZ,MIRAGE,MAPS1211C,MAPS1211C7012506938,SES.HBCCB.PSICOLOGIA. 0014,MINISPLIT 2 TON,MINISPLIT,Aire Acondicionado,1321
2226,Correctivo,COSTA GRANDE,HOSPITAL DE LA COMUNIDAD DE COYUCA DE BENITEZ,MIRAGE,MAPS1211C,MAPS1211C7012506938,SES.HBCCB.PSICOLOGIA. 0014,MINISPLIT 2 TON,MINISPLIT,Aire Acondicionado,1322
2227,Preventivo,COSTA GRANDE,HOSPITAL DE LA COMUNIDAD DE COYUCA DE BENITEZ,MIRAGE,MAPS1211C,MAPS1211C7012506754,SES.HBCCB.CONS.SAL.MENT. 0015,MINISPLIT 2 TON,MINISPLIT,Aire Acondicionado,1323
2228,Correctivo,COSTA GRANDE,HOSPITAL DE LA COMUNIDAD DE COYUCA DE BENITEZ,MIRAGE,MAPS1211C,MAPS1211C7012506754,SES.HBCCB.CONS.SAL.MENT. 0015,MINISPLIT 2 TON,MINISPLIT,Aire Acondicionado,1324
2229,Preventivo,COSTA GRANDE,HOSPITAL DE LA COMUNIDAD DE COYUCA DE BENITEZ,MIRAGE,LIFGE 12+,ELF121T7122446685,SES.HBCCB.TRAB SOC. 0016,MINISPLIT 1 TON,MINISPLIT,Aire Acondicionado,1325
2230,Correctivo,COSTA GRANDE,HOSPITAL DE LA COMUNIDAD DE COYUCA DE BENITEZ,MIRAGE,LIFGE 12+,ELF121T7122446685,SES.HBCCB.TRAB SOC. 0016,MINISPLIT 1 TON,MINISPLIT,Aire Acondicionado,1326
2231,Preventivo,COSTA GRANDE,HOSPITAL DE LA COMUNIDAD DE COYUCA DE BENITEZ,MIRAGE,LIFGE 12+,ELF121T01022531033,SES.HBCCB.JEF.ENF. 0017,MINISPLIT 1 TON,MINISPLIT,Aire Acondicionado,1327
2232,Correctivo,COSTA GRANDE,HOSPITAL DE LA COMUNIDAD DE COYUCA DE BENITEZ,MIRAGE,LIFGE 12+,ELF121T01022531033,SES.HBCCB.JEF.ENF. 0017,MINISPLIT 1 TON,MINISPLIT,Aire Acondicionado,1328
2233,Preventivo,COSTA GRANDE,HOSPITAL DE LA COMUNIDAD DE COYUCA DE BENITEZ,MIRAGE,LIFGE 12+,ELF181T7012402286,SES.HBCCB.LABORATORIO. 0018,MINISPLIT 1 TON,MINISPLIT,Aire Acondicionado,1329
2234,Correctivo,COSTA GRANDE,HOSPITAL DE LA COMUNIDAD DE COYUCA DE BENITEZ,MIRAGE,LIFGE 12+,ELF181T7012402286,SES.HBCCB.LABORATORIO. 0018,MINISPLIT 1 TON,MINISPLIT,Aire Acondicionado,1330
2235,Preventivo,COSTA GRANDE,HOSPITAL DE LA COMUNIDAD DE COYUCA DE BENITEZ,MIRAGE,ELF261T,ELF261T02052507465,SES.HBCCB.TOCOCIRUGIA. 0019,MINISPLIT 2.5 TON,MINISPLIT,Aire Acondicionado,1331
2236,Correctivo,COSTA GRANDE,HOSPITAL DE LA COMUNIDAD DE COYUCA DE BENITEZ,MIRAGE,ELF261T,ELF261T02052507465,SES.HBCCB.TOCOCIRUGIA. 0019,MINISPLIT 2.5 TON,MINISPLIT,Aire Acondicionado,1332
2237,Preventivo,COSTA GRANDE,HOSPITAL DE LA COMUNIDAD DE COYUCA DE BENITEZ,WIRPOOL,WA302600,TC71602658,SES.HBCCB.OFIC.DIRECC. 0235,MINISPLIT 2 TON,MINISPLIT,Aire Acondicionado,1333
2238,Correctivo,COSTA GRANDE,HOSPITAL DE LA COMUNIDAD DE COYUCA DE BENITEZ,WIRPOOL,WA302600,TC71602658,SES.HBCCB.OFIC.DIRECC. 0235,MINISPLIT 2 TON,MINISPLIT,Aire Acondicionado,1334
2239,Preventivo,COSTA GRANDE,HOSPITAL DE LA COMUNIDAD DE COYUCA DE BENITEZ,GREE,GWC24QE,3C4688W001441,SES.HBCCB.AREA GOB. 0277,MINISPLIT 1.5 TON,MINISPLIT,Aire Acondicionado,1335
2240,Correctivo,COSTA GRANDE,HOSPITAL DE LA COMUNIDAD DE COYUCA DE BENITEZ,GREE,GWC24QE,3C4688W001441,SES.HBCCB.AREA GOB. 0277,MINISPLIT 1.5 TON,MINISPLIT,Aire Acondicionado,1336
2241,Preventivo,COSTA GRANDE,HOSPITAL DE LA COMUNIDAD DE COYUCA DE BENITEZ,MATHER KING,WFHD HV1202,CHHD14107161,SES.HBCCB.FARMACIA. 0352,MINISPLIT 1.5 TON,MINISPLIT,Aire Acondicionado,1337
2242,Correctivo,COSTA GRANDE,HOSPITAL DE LA COMUNIDAD DE COYUCA DE BENITEZ,MATHER KING,WFHD HV1202,CHHD14107161,SES.HBCCB.FARMACIA. 0352,MINISPLIT 1.5 TON,MINISPLIT,Aire Acondicionado,1338
2243,Preventivo,COSTA GRANDE,HOSPITAL DE LA COMUNIDAD DE COYUCA DE BENITEZ,KING,WK HD HW12C12,CHHD14071912C2020,SES.HBCCB.ARCH.CLINC. 0380,MINISPLIT 1.5 TON,MINISPLIT,Aire Acondicionado,1339
2244,Correctivo,COSTA GRANDE,HOSPITAL DE LA COMUNIDAD DE COYUCA DE BENITEZ,KING,WK HD HW12C12,CHHD14071912C2020,SES.HBCCB.ARCH.CLINC. 0380,MINISPLIT 1.5 TON,MINISPLIT,Aire Acondicionado,1340
2245,Preventivo,COSTA GRANDE,HOSPITAL DE LA COMUNIDAD DE COYUCA DE BENITEZ,LG,SJ122CD,8DEX1431812TABN01733,SES.HBCCB.CONS.ULTRS. 0540,MINISPLIT 1.5 TON,MINISPLIT,Aire Acondicionado,1341
2246,Correctivo,COSTA GRANDE,HOSPITAL DE LA COMUNIDAD DE COYUCA DE BENITEZ,LG,SJ122CD,8DEX1431812TABN01733,SES.HBCCB.CONS.ULTRS. 0540,MINISPLIT 1.5 TON,MINISPLIT,Aire Acondicionado,1342
2247,Preventivo,COSTA GRANDE,HOSPITAL DE LA COMUNIDAD DE COYUCA DE BENITEZ,LG,MW18H3,304CTA531384,SES.HBCCB.RAYOS X. 0555,MINISPLIT 2 TON,MINISPLIT,Aire Acondicionado,1343
2248,Correctivo,COSTA GRANDE,HOSPITAL DE LA COMUNIDAD DE COYUCA DE BENITEZ,LG,MW18H3,304CTA531384,SES.HBCCB.RAYOS X. 0555,MINISPLIT 2 TON,MINISPLIT,Aire Acondicionado,1344
2249,Preventivo,COSTA GRANDE,HOSPITAL DE LA COMUNIDAD DE COYUCA DE BENITEZ,duVENTUS,IVR9M181F001,FOO1180349,SES.HBCCB.CENT.ENF.HOSP. 0653,MINISPLIT 1.5 TON,MINISPLIT,Aire Acondicionado,1345
2250,Correctivo,COSTA GRANDE,HOSPITAL DE LA COMUNIDAD DE COYUCA DE BENITEZ,duVENTUS,IVR9M181F001,FOO1180349,SES.HBCCB.CENT.ENF.HOSP. 0653,MINISPLIT 1.5 TON,MINISPLIT,Aire Acondicionado,1346
2251,Preventivo,COSTA GRANDE,HOSPITAL DE LA COMUNIDAD DE COYUCA DE BENITEZ,MIRAGE,CXF261F,CXF261F7021800672,SES.HBCCB.CENT.ENF.HOSP. 0654,MINISPLIT 1.5 TON,MINISPLIT,Aire Acondicionado,1347
2252,Correctivo,COSTA GRANDE,HOSPITAL DE LA COMUNIDAD DE COYUCA DE BENITEZ,MIRAGE,CXF261F,CXF261F7021800672,SES.HBCCB.CENT.ENF.HOSP. 0654,MINISPLIT 1.5 TON,MINISPLIT,Aire Acondicionado,1348
2253,Preventivo,COSTA GRANDE,HOSPITAL DE LA COMUNIDAD DE COYUCA DE BENITEZ,WIRPOOL,WAA22GQ0,TC7160S775,SES.HBCCB.QUIROFANO. 0817,MINISPLIT1.5 TON,MINISPLIT,Aire Acondicionado,1349
2254,Correctivo,COSTA GRANDE,HOSPITAL DE LA COMUNIDAD DE COYUCA DE BENITEZ,WIRPOOL,WAA22GQ0,TC7160S775,SES.HBCCB.QUIROFANO. 0817,MINISPLIT1.5 TON,MINISPLIT,Aire Acondicionado,1350
2255,Preventivo,COSTA GRANDE,HOSPITAL DE LA COMUNIDAD DE COYUCA DE BENITEZ,COMFEE,S/MODELO,30188,SES.HBCCB.CONS.URG.0944,MINISPLIT 1 TON,MINISPLIT,Aire Acondicionado,1351
2256,Correctivo,COSTA GRANDE,HOSPITAL DE LA COMUNIDAD DE COYUCA DE BENITEZ,COMFEE,S/MODELO,30188,SES.HBCCB.CONS.URG.0944,MINISPLIT 1 TON,MINISPLIT,Aire Acondicionado,1352
2257,Preventivo,COSTA GRANDE,HOSPITAL DE LA COMUNIDAD DE COYUCA DE BENITEZ,COMFEE,S/MODELO,30192,SES.HBCCB.CONS.VAL.URG.0987,MINISPLIT 1 TON,MINISPLIT,Aire Acondicionado,1353
2258,Correctivo,COSTA GRANDE,HOSPITAL DE LA COMUNIDAD DE COYUCA DE BENITEZ,COMFEE,S/MODELO,30192,SES.HBCCB.CONS.VAL.URG.0987,MINISPLIT 1 TON,MINISPLIT,Aire Acondicionado,1354
2259,Preventivo,COSTA GRANDE,HOSPITAL DE LA COMUNIDAD DE COYUCA DE BENITEZ,DUVENTOS,IVR9M181F001,VR9M1881F001180277,SES.HBCCB.ENCM.URG.1015,MINISPLIT 1 TON,MINISPLIT,Aire Acondicionado,1355
2260,Correctivo,COSTA GRANDE,HOSPITAL DE LA COMUNIDAD DE COYUCA DE BENITEZ,DUVENTOS,IVR9M181F001,VR9M1881F001180277,SES.HBCCB.ENCM.URG.1015,MINISPLIT 1 TON,MINISPLIT,Aire Acondicionado,1356
2261,Preventivo,COSTA GRANDE,HOSPITAL DE LA COMUNIDAD DE COYUCA DE BENITEZ,DAEWOO,EBDOC202B,S/SERIE,SES.HBCCB.ENCM.URG.1016,MINISPLIT 1 TON,MINISPLIT,Aire Acondicionado,1357
2262,Correctivo,COSTA GRANDE,HOSPITAL DE LA COMUNIDAD DE COYUCA DE BENITEZ,DAEWOO,EBDOC202B,S/SERIE,SES.HBCCB.ENCM.URG.1016,MINISPLIT 1 TON,MINISPLIT,Aire Acondicionado,1358
2263,Preventivo,COSTA GRANDE,HOSPITAL DE LA COMUNIDAD DE COYUCA DE BENITEZ,MABE,MMT12CDBWCAAXMI8,ST23121474FMB3234,SES.HBCCB.COMEDOR.1129,MINISPLIT 1 TON,MINISPLIT,Aire Acondicionado,1359
2264,Correctivo,COSTA GRANDE,HOSPITAL DE LA COMUNIDAD DE COYUCA DE BENITEZ,MABE,MMT12CDBWCAAXMI8,ST23121474FMB3234,SES.HBCCB.COMEDOR.1129,MINISPLIT 1 TON,MINISPLIT,Aire Acondicionado,1360
2265,Preventivo,COSTA GRANDE,HOSPITAL DE LA COMUNIDAD DE COYUCA DE BENITEZ,LG,S/MODELO,S/SERIE,SES.HBCCB.CONMUTADOR.1135,MINISPLIT 1 TON,MINISPLIT,Aire Acondicionado,1361
2266,Correctivo,COSTA GRANDE,HOSPITAL DE LA COMUNIDAD DE COYUCA DE BENITEZ,LG,S/MODELO,S/SERIE,SES.HBCCB.CONMUTADOR.1135,MINISPLIT 1 TON,MINISPLIT,Aire Acondicionado,1362
2267,Preventivo,COSTA GRANDE,HOSPITAL DE LA COMUNIDAD DE COYUCA DE BENITEZ,TRANE,000AA,190677236012XCP0299,SES.HBCCB.TALLER.1154,MINISPLIT 1 TON,MINISPLIT,Aire Acondicionado,1363
2268,Correctivo,COSTA GRANDE,HOSPITAL DE LA COMUNIDAD DE COYUCA DE BENITEZ,TRANE,000AA,190677236012XCP0299,SES.HBCCB.TALLER.1154,MINISPLIT 1 TON,MINISPLIT,Aire Acondicionado,1364
2269,Preventivo,COSTA GRANDE,HOSPITAL DE LA COMUNIDAD DE COYUCA DE BENITEZ,PCIME,EMPR3122T,L201409ID,SES.HBCCB.MOD.SERV.1197,MINISPLIT 1 TON,MINISPLIT,Aire Acondicionado,1365
2270,Correctivo,COSTA GRANDE,HOSPITAL DE LA COMUNIDAD DE COYUCA DE BENITEZ,PCIME,EMPR3122T,L201409ID,SES.HBCCB.MOD.SERV.1197,MINISPLIT 1 TON,MINISPLIT,Aire Acondicionado,1366
2271,Preventivo,COSTA GRANDE,HOSPITAL DE LA COMUNIDAD DE COYUCA DE BENITEZ,YORK,YHPB12XX,202014,SES.HBCCB.SINDICATO.1219,MINISPLIT 1 TON,MINISPLIT,Aire Acondicionado,1367
2272,Correctivo,COSTA GRANDE,HOSPITAL DE LA COMUNIDAD DE COYUCA DE BENITEZ,YORK,YHPB12XX,202014,SES.HBCCB.SINDICATO.1219,MINISPLIT 1 TON,MINISPLIT,Aire Acondicionado,1368
2273,Preventivo,COSTA GRANDE,HOSPITAL DE LA COMUNIDAD DE COYUCA DE BENITEZ,YORK,YHPB12XX,202014,SES.HBCCB.ALMACEN.1220,MINISPLIT 1 TON,MINISPLIT,Aire Acondicionado,1369
2274,Correctivo,COSTA GRANDE,HOSPITAL DE LA COMUNIDAD DE COYUCA DE BENITEZ,YORK,YHPB12XX,202014,SES.HBCCB.ALMACEN.1220,MINISPLIT 1 TON,MINISPLIT,Aire Acondicionado,1370
2275,Preventivo,COSTA GRANDE,HOSPITAL DE LA COMUNIDAD DE COYUCA DE BENITEZ,CENTRAL COOLIM AIR CONDITIONER,YC300C00A2AAA4,NUM9411180,SES.HBCCB.A/A TECHO.1233,DE PAQUETE 10 TONELADAS,PAQUETE,Aire Acondicionado,1371
2276,Correctivo,COSTA GRANDE,HOSPITAL DE LA COMUNIDAD DE COYUCA DE BENITEZ,CENTRAL COOLIM AIR CONDITIONER,YC300C00A2AAA4,NUM9411180,SES.HBCCB.A/A TECHO.1233,DE PAQUETE 10 TONELADAS,PAQUETE,Aire Acondicionado,1372
2277,Preventivo,COSTA GRANDE,HOSPITAL DE LA COMUNIDAD DE COYUCA DE BENITEZ,YORK,HTI-048X081-DAJA028A,2CVMXT0213,SES.HBCCB.A/A TECHO.1234,DE PAQUETE 10 TONELADAS,PAQUETE,Aire Acondicionado,1373
2278,Correctivo,COSTA GRANDE,HOSPITAL DE LA COMUNIDAD DE COYUCA DE BENITEZ,YORK,HTI-048X081-DAJA028A,2CVMXT0213,SES.HBCCB.A/A TECHO.1234,DE PAQUETE 10 TONELADAS,PAQUETE,Aire Acondicionado,1374
2279,Preventivo,COSTA GRANDE,HOSPITAL DE LA COMUNIDAD DE COYUCA DE BENITEZ,MIRAGE,MAPS1211C,MAPS1211C7012506938,SES.HBCCB0014,MINISPLIT 2 TON,MINISPLIT,Aire Acondicionado,1375
2280,Correctivo,COSTA GRANDE,HOSPITAL DE LA COMUNIDAD DE COYUCA DE BENITEZ,MIRAGE,MAPS1211C,MAPS1211C7012506938,SES.HBCCB0014,MINISPLIT 2 TON,MINISPLIT,Aire Acondicionado,1376
2281,Preventivo,COSTA GRANDE,HOSPITAL DE LA COMUNIDAD DE COYUCA DE BENITEZ,MIRAGE,MAPS1211C,MAPS1211C7012506754,SES.HBCCB0015,MINISPLIT 2 TON,MINISPLIT,Aire Acondicionado,1377
2282,Correctivo,COSTA GRANDE,HOSPITAL DE LA COMUNIDAD DE COYUCA DE BENITEZ,MIRAGE,MAPS1211C,MAPS1211C7012506754,SES.HBCCB0015,MINISPLIT 2 TON,MINISPLIT,Aire Acondicionado,1378
2283,Preventivo,COSTA GRANDE,HOSPITAL DE LA COMUNIDAD DE COYUCA DE BENITEZ,MIRAGE,LIFGE 12+,ELF121T7122446685,SES.HBCCB0016,MINISPLIT 2 TON,MINISPLIT,Aire Acondicionado,1379
2284,Correctivo,COSTA GRANDE,HOSPITAL DE LA COMUNIDAD DE COYUCA DE BENITEZ,MIRAGE,LIFGE 12+,ELF121T7122446685,SES.HBCCB0016,MINISPLIT 2 TON,MINISPLIT,Aire Acondicionado,1380
2285,Preventivo,COSTA GRANDE,HOSPITAL DE LA COMUNIDAD DE COYUCA DE BENITEZ,MIRAGE,LIFGE 12+,ELF121T01022531033,SES.HBCCB0017,MINISPLIT 2 TON,MINISPLIT,Aire Acondicionado,1381
2286,Correctivo,COSTA GRANDE,HOSPITAL DE LA COMUNIDAD DE COYUCA DE BENITEZ,MIRAGE,LIFGE 12+,ELF121T01022531033,SES.HBCCB0017,MINISPLIT 2 TON,MINISPLIT,Aire Acondicionado,1382
2287,Preventivo,COSTA GRANDE,HOSPITAL DE LA COMUNIDAD DE COYUCA DE BENITEZ,MIRAGE,LIFGE 12+,ELF181T7012402286,SES.HBCCB0018,MINISPLIT 2 TON,MINISPLIT,Aire Acondicionado,1383
2288,Correctivo,COSTA GRANDE,HOSPITAL DE LA COMUNIDAD DE COYUCA DE BENITEZ,MIRAGE,LIFGE 12+,ELF181T7012402286,SES.HBCCB0018,MINISPLIT 2 TON,MINISPLIT,Aire Acondicionado,1384
2289,Preventivo,COSTA GRANDE,HOSPITAL DE LA COMUNIDAD DE COYUCA DE BENITEZ,CARRIER,10 TON,4AS54SA51,SES.HBCCB0019,UMA DE 10 TON,UMA,Aire Acondicionado,1385
2290,Correctivo,COSTA GRANDE,HOSPITAL DE LA COMUNIDAD DE COYUCA DE BENITEZ,CARRIER,10 TON,4AS54SA51,SES.HBCCB0019,UMA DE 10 TON,UMA,Aire Acondicionado,1386
2291,Preventivo,COSTA GRANDE,HOSPITAL DE LA COMUNIDAD DE COYUCA DE BENITEZ,MIRAGE,LIFGE 12+,ELF121T01022531033,SES.HBCCB0017,MINISPLIT 2 TON,MINISPLIT,Aire Acondicionado,1387
2292,Correctivo,COSTA GRANDE,HOSPITAL DE LA COMUNIDAD DE COYUCA DE BENITEZ,MIRAGE,LIFGE 12+,ELF121T01022531033,SES.HBCCB0017,MINISPLIT 2 TON,MINISPLIT,Aire Acondicionado,1388
2293,Preventivo,COSTA GRANDE,HOSPITAL DE LA COMUNIDAD DE COYUCA DE BENITEZ,MIRAGE,LIFGE 12+,ELF181T7012402286,SES.HBCCB0018,MINISPLIT 2 TON,MINISPLIT,Aire Acondicionado,1389
2294,Correctivo,COSTA GRANDE,HOSPITAL DE LA COMUNIDAD DE COYUCA DE BENITEZ,MIRAGE,LIFGE 12+,ELF181T7012402286,SES.HBCCB0018,MINISPLIT 2 TON,MINISPLIT,Aire Acondicionado,1390
2295,Preventivo,COSTA GRANDE,HOSPITAL DE LA COMUNIDAD DE COYUCA DE BENITEZ,MIRAGE,ELF261T,ELF261T02052507465,SES.HBCCB0019,MINISPLIT 2 TON,MINISPLIT,Aire Acondicionado,1391
2296,Correctivo,COSTA GRANDE,HOSPITAL DE LA COMUNIDAD DE COYUCA DE BENITEZ,MIRAGE,ELF261T,ELF261T02052507465,SES.HBCCB0019,MINISPLIT 2 TON,MINISPLIT,Aire Acondicionado,1392
2865,Preventivo,COSTA GRANDE,CLÍNICA DE LA MUJER,MIRAGE,EXF261F,EXF261T8061500000,SIN INFORMACION,MINISPLIT 3 TON,MINISPLIT,Aire Acondicionado,1393
2866,Correctivo,COSTA GRANDE,CLÍNICA DE LA MUJER,MIRAGE,EXF261F,EXF261T8061500000,SIN INFORMACION,MINISPLIT 3 TON,MINISPLIT,Aire Acondicionado,1394
2867,Preventivo,COSTA GRANDE,CLÍNICA DE LA MUJER,MIRAGE,EXF261F,EXF121F7021601172,SIN INFORMACION,MINISPLIT 1 TON,MINISPLIT,Aire Acondicionado,1395
2868,Correctivo,COSTA GRANDE,CLÍNICA DE LA MUJER,MIRAGE,EXF261F,EXF121F7021601172,SIN INFORMACION,MINISPLIT 1 TON,MINISPLIT,Aire Acondicionado,1396
2869,Preventivo,COSTA GRANDE,CLÍNICA DE LA MUJER,MIRAGE,EXF261F,EXF261F7031602080,SIN INFORMACION,MINISPLIT 2 TON,MINISPLIT,Aire Acondicionado,1397
2870,Correctivo,COSTA GRANDE,CLÍNICA DE LA MUJER,MIRAGE,EXF261F,EXF261F7031602080,SIN INFORMACION,MINISPLIT 2 TON,MINISPLIT,Aire Acondicionado,1398
2871,Preventivo,COSTA GRANDE,CLÍNICA DE LA MUJER,MIRAGE,EXF261F,EXF121F7021601205,SIN INFORMACION,MINISPLIT 1 TON,MINISPLIT,Aire Acondicionado,1399
2872,Correctivo,COSTA GRANDE,CLÍNICA DE LA MUJER,MIRAGE,EXF261F,EXF121F7021601205,SIN INFORMACION,MINISPLIT 1 TON,MINISPLIT,Aire Acondicionado,1400
2873,Preventivo,COSTA GRANDE,CLÍNICA DE LA MUJER,MIRAGE,EXF261F,EXF121F70121801717,SIN INFORMACION,MINISPLIT 1 TON,MINISPLIT,Aire Acondicionado,1401
2874,Correctivo,COSTA GRANDE,CLÍNICA DE LA MUJER,MIRAGE,EXF261F,EXF121F70121801717,SIN INFORMACION,MINISPLIT 1 TON,MINISPLIT,Aire Acondicionado,1402
2875,Preventivo,COSTA GRANDE,CLÍNICA DE LA MUJER,MIRAGE,EXF261F,EXF121F7021601208,SIN INFORMACION,MINISPLIT 1 TON,MINISPLIT,Aire Acondicionado,1403
2876,Correctivo,COSTA GRANDE,CLÍNICA DE LA MUJER,MIRAGE,EXF261F,EXF121F7021601208,SIN INFORMACION,MINISPLIT 1 TON,MINISPLIT,Aire Acondicionado,1404
2877,Preventivo,COSTA GRANDE,CLÍNICA DE LA MUJER,MIRAGE,ELF121T,540S23389014B22051833,SIN INFORMACION,MINISPLIT 1 TON,MINISPLIT,Aire Acondicionado,1405
2878,Correctivo,COSTA GRANDE,CLÍNICA DE LA MUJER,MIRAGE,ELF121T,540S23389014B22051833,SIN INFORMACION,MINISPLIT 1 TON,MINISPLIT,Aire Acondicionado,1406
2879,Preventivo,COSTA GRANDE,CLÍNICA DE LA MUJER,MIRAGE,ELF121T,540S23389014B220251828,SIN INFORMACION,MINISPLIT 1 TON,MINISPLIT,Aire Acondicionado,1407
2880,Correctivo,COSTA GRANDE,CLÍNICA DE LA MUJER,MIRAGE,ELF121T,540S23389014B220251828,SIN INFORMACION,MINISPLIT 1 TON,MINISPLIT,Aire Acondicionado,1408
2527,Preventivo,COSTA GRANDE,CENTRO COMUNITARIO DE SALUD MENTAL Y ADICCIONES COYUYA DE BENITEZ,mirage xplus,epf261x,S/SERIE,1,MINISPLIT 2.5 TON,MINISPLIT,Aire Acondicionado,1409
2528,Correctivo,COSTA GRANDE,CENTRO COMUNITARIO DE SALUD MENTAL Y ADICCIONES COYUYA DE BENITEZ,mirage xplus,epf261x,S/SERIE,1,MINISPLIT 2.5 TON,MINISPLIT,Aire Acondicionado,1410
2529,Preventivo,COSTA GRANDE,CENTRO COMUNITARIO DE SALUD MENTAL Y ADICCIONES COYUYA DE BENITEZ,mirage xplus,epf261x,S/SERIE,2,MINISPLIT 2.5 TON,MINISPLIT,Aire Acondicionado,1411
2530,Correctivo,COSTA GRANDE,CENTRO COMUNITARIO DE SALUD MENTAL Y ADICCIONES COYUYA DE BENITEZ,mirage xplus,epf261x,S/SERIE,2,MINISPLIT 2.5 TON,MINISPLIT,Aire Acondicionado,1412
2531,Preventivo,COSTA GRANDE,CENTRO COMUNITARIO DE SALUD MENTAL Y ADICCIONES COYUYA DE BENITEZ,mirage xplus,epf121x,S/SERIE,3,MINISPLIT 2.5 TON,MINISPLIT,Aire Acondicionado,1413
2532,Correctivo,COSTA GRANDE,CENTRO COMUNITARIO DE SALUD MENTAL Y ADICCIONES COYUYA DE BENITEZ,mirage xplus,epf121x,S/SERIE,3,MINISPLIT 2.5 TON,MINISPLIT,Aire Acondicionado,1414
2533,Preventivo,COSTA GRANDE,CENTRO COMUNITARIO DE SALUD MENTAL Y ADICCIONES COYUYA DE BENITEZ,mirage xplus,epf121x,S/SERIE,4,MINISPLIT 1.5 TON,MINISPLIT,Aire Acondicionado,1415
2534,Correctivo,COSTA GRANDE,CENTRO COMUNITARIO DE SALUD MENTAL Y ADICCIONES COYUYA DE BENITEZ,mirage xplus,epf121x,S/SERIE,4,MINISPLIT 1.5 TON,MINISPLIT,Aire Acondicionado,1416
2535,Preventivo,COSTA GRANDE,CENTRO COMUNITARIO DE SALUD MENTAL Y ADICCIONES COYUYA DE BENITEZ,mirage xplus,epf121x,S/SERIE,5,MINISPLIT 1.5 TON,MINISPLIT,Aire Acondicionado,1417
2536,Correctivo,COSTA GRANDE,CENTRO COMUNITARIO DE SALUD MENTAL Y ADICCIONES COYUYA DE BENITEZ,mirage xplus,epf121x,S/SERIE,5,MINISPLIT 1.5 TON,MINISPLIT,Aire Acondicionado,1418
2537,Preventivo,COSTA GRANDE,CENTRO COMUNITARIO DE SALUD MENTAL Y ADICCIONES COYUYA DE BENITEZ,mirage xplus,epf121x,S/SERIE,6,MINISPLIT 1.5 TON,MINISPLIT,Aire Acondicionado,1419
2538,Correctivo,COSTA GRANDE,CENTRO COMUNITARIO DE SALUD MENTAL Y ADICCIONES COYUYA DE BENITEZ,mirage xplus,epf121x,S/SERIE,6,MINISPLIT 1.5 TON,MINISPLIT,Aire Acondicionado,1420
2539,Preventivo,COSTA GRANDE,CENTRO COMUNITARIO DE SALUD MENTAL Y ADICCIONES COYUYA DE BENITEZ,mirage xplus,epf121x,S/SERIE,7,MINISPLIT 1.5 TON,MINISPLIT,Aire Acondicionado,1421
2540,Correctivo,COSTA GRANDE,CENTRO COMUNITARIO DE SALUD MENTAL Y ADICCIONES COYUYA DE BENITEZ,mirage xplus,epf121x,S/SERIE,7,MINISPLIT 1.5 TON,MINISPLIT,Aire Acondicionado,1422
2541,Preventivo,COSTA GRANDE,CENTRO COMUNITARIO DE SALUD MENTAL Y ADICCIONES COYUYA DE BENITEZ,mirage xplus,epf121x,S/SERIE,8,MINISPLIT 1.5 TON,MINISPLIT,Aire Acondicionado,1423
2542,Correctivo,COSTA GRANDE,CENTRO COMUNITARIO DE SALUD MENTAL Y ADICCIONES COYUYA DE BENITEZ,mirage xplus,epf121x,S/SERIE,8,MINISPLIT 1.5 TON,MINISPLIT,Aire Acondicionado,1424
153,Preventivo,ACAPULCO,HOSP. GRAL. RENACIMIENTO,TRANE,RTWD 15QF 2M02 A1A1 AA2A 1A1Y 1A0A 4000,U22EQ02253,SEPA-1441,CHILLER # 2 (150 TON),CHILLER,Aire Acondicionado,1425
154,Correctivo,ACAPULCO,HOSP. GRAL. RENACIMIENTO,TRANE,RTWD 15QF 2M02 A1A1 AA2A 1A1Y 1A0A 4000,U22EQ02253,SEPA-1441,CHILLER # 2 (150 TON),CHILLER,Aire Acondicionado,1426
155,Preventivo,ACAPULCO,HOSP. GRAL. RENACIMIENTO,TRANE,RTWD 15QF 2M02 A1A1 AA2A 1A1Y 1A0A 4000,U22EQ02264,SEPA-1438,CHILLER # 3 (150 TON),CHILLER,Aire Acondicionado,1427
156,Correctivo,ACAPULCO,HOSP. GRAL. RENACIMIENTO,TRANE,RTWD 15QF 2M02 A1A1 AA2A 1A1Y 1A0A 4000,U22EQ02264,SEPA-1438,CHILLER # 3 (150 TON),CHILLER,Aire Acondicionado,1428
157,Preventivo,ACAPULCO,HOSP. GRAL. RENACIMIENTO,SIEMENS,S/MODELO,SPG08T0017GM158,1.00,BOMBA DE AGUA CONDENSADA No.1 (10 HP),BOMBA,Aire Acondicionado,1429
158,Correctivo,ACAPULCO,HOSP. GRAL. RENACIMIENTO,SIEMENS,S/MODELO,SPG08T0017GM158,1.00,BOMBA DE AGUA CONDENSADA No.1 (10 HP),BOMBA,Aire Acondicionado,1430
159,Preventivo,ACAPULCO,HOSP. GRAL. RENACIMIENTO,SIEMENS,S/MODELO,SPG08T0017GM151,1.00,BOMBA DE AGUA CONDENSADA No.2 (10 HP),BOMBA,Aire Acondicionado,1431
160,Correctivo,ACAPULCO,HOSP. GRAL. RENACIMIENTO,SIEMENS,S/MODELO,SPG08T0017GM151,1.00,BOMBA DE AGUA CONDENSADA No.2 (10 HP),BOMBA,Aire Acondicionado,1432
161,Preventivo,ACAPULCO,HOSP. GRAL. RENACIMIENTO,SIEMENS,S/MODELO,SPG08T0017GM164,1.00,BOMBA DE AGUA CONDENSADA No.3 (10 HP),BOMBA,Aire Acondicionado,1433
162,Correctivo,ACAPULCO,HOSP. GRAL. RENACIMIENTO,SIEMENS,S/MODELO,SPG08T0017GM164,1.00,BOMBA DE AGUA CONDENSADA No.3 (10 HP),BOMBA,Aire Acondicionado,1434
163,Preventivo,ACAPULCO,HOSP. GRAL. RENACIMIENTO,SIEMENS,GP10,SP68T00186M50,1.00,BOMBA DE AGUA REFRIGERADA No.1 8 (15 HP),BOMBA,Aire Acondicionado,1435
164,Correctivo,ACAPULCO,HOSP. GRAL. RENACIMIENTO,SIEMENS,GP10,SP68T00186M50,1.00,BOMBA DE AGUA REFRIGERADA No.1 8 (15 HP),BOMBA,Aire Acondicionado,1436
165,Preventivo,ACAPULCO,HOSP. GRAL. RENACIMIENTO,SIEMENS,GP10,SP68T00186M61,1.00,BOMBA DE AGUA REFRIGERADA No.2 (15 HP),BOMBA,Aire Acondicionado,1437
166,Correctivo,ACAPULCO,HOSP. GRAL. RENACIMIENTO,SIEMENS,GP10,SP68T00186M61,1.00,BOMBA DE AGUA REFRIGERADA No.2 (15 HP),BOMBA,Aire Acondicionado,1438
167,Preventivo,ACAPULCO,HOSP. GRAL. RENACIMIENTO,SIEMENS,GP10,S/S,1.00,BOMBA DE AGUA REFRIGERADA No.3 8 (15 HP),BOMBA,Aire Acondicionado,1439
168,Correctivo,ACAPULCO,HOSP. GRAL. RENACIMIENTO,SIEMENS,GP10,S/S,1.00,BOMBA DE AGUA REFRIGERADA No.3 8 (15 HP),BOMBA,Aire Acondicionado,1440
169,Preventivo,ACAPULCO,HOSP. GRAL. RENACIMIENTO,REYMSA,GOLD,521465,1.00,TORRE DE ENFRIAMIENTO No.1 (15 HP),TORRE,Aire Acondicionado,1441
170,Correctivo,ACAPULCO,HOSP. GRAL. RENACIMIENTO,REYMSA,GOLD,521465,1.00,TORRE DE ENFRIAMIENTO No.1 (15 HP),TORRE,Aire Acondicionado,1442
171,Preventivo,ACAPULCO,HOSP. GRAL. RENACIMIENTO,REYMSA,GOLD,21354,1.00,TORRE DE ENFRIAMIENTO No.2 (15 HP),TORRE,Aire Acondicionado,1443
172,Correctivo,ACAPULCO,HOSP. GRAL. RENACIMIENTO,REYMSA,GOLD,21354,1.00,TORRE DE ENFRIAMIENTO No.2 (15 HP),TORRE,Aire Acondicionado,1444
173,Preventivo,ACAPULCO,HOSP. GRAL. RENACIMIENTO,CARRIER,39MDSTWOVJFCCGXJCH,4408U32429,1.00,UNIDAD MANEJADORA DE AIRE No.13 (30 TONS) (CONSULTA EXTERNA),UMA,Aire Acondicionado,1445
174,Correctivo,ACAPULCO,HOSP. GRAL. RENACIMIENTO,CARRIER,39MDSTWOVJFCCGXJCH,4408U32429,1.00,UNIDAD MANEJADORA DE AIRE No.13 (30 TONS) (CONSULTA EXTERNA),UMA,Aire Acondicionado,1446
175,Preventivo,ACAPULCO,HOSP. GRAL. RENACIMIENTO,CARRIER,39M4STWOVJHHXFGJBX,4408U32430,1.00,UNIDAD MANEJADORA DE AIRE No.2 (30 TONS) (QUIROFANO),UMA,Aire Acondicionado,1447
176,Correctivo,ACAPULCO,HOSP. GRAL. RENACIMIENTO,CARRIER,39M4STWOVJHHXFGJBX,4408U32430,1.00,UNIDAD MANEJADORA DE AIRE No.2 (30 TONS) (QUIROFANO),UMA,Aire Acondicionado,1448
177,Preventivo,ACAPULCO,HOSP. GRAL. RENACIMIENTO,CARRIER,39MASTWO4GKLGXJHH,4408U32431,1.00,UNIDAD MANEJADORA DE AIRE No.3 (30 TONS) (TOCOCIRUGIA),UMA,Aire Acondicionado,1449
178,Correctivo,ACAPULCO,HOSP. GRAL. RENACIMIENTO,CARRIER,39MASTWO4GKLGXJHH,4408U32431,1.00,UNIDAD MANEJADORA DE AIRE No.3 (30 TONS) (TOCOCIRUGIA),UMA,Aire Acondicionado,1450
179,Preventivo,ACAPULCO,HOSP. GRAL. RENACIMIENTO,CARRIER,39MN17CO10NBW11XGS,4408U32V32,1.00,UNIDAD MANEJADORA DE AIRE No.4 (30 TONS) (URGENCIAS),UMA,Aire Acondicionado,1451
180,Correctivo,ACAPULCO,HOSP. GRAL. RENACIMIENTO,CARRIER,39MN17CO10NBW11XGS,4408U32V32,1.00,UNIDAD MANEJADORA DE AIRE No.4 (30 TONS) (URGENCIAS),UMA,Aire Acondicionado,1452
181,Preventivo,ACAPULCO,HOSP. GRAL. RENACIMIENTO,CARRIER,39MNO8CO10NBX11GS,4408U32433,1.00,UNIDAD MANEJADORA DE AIRE No.5 (30 TONS) (LABORATORIO),UMA,Aire Acondicionado,1453
182,Correctivo,ACAPULCO,HOSP. GRAL. RENACIMIENTO,CARRIER,39MNO8CO10NBX11GS,4408U32433,1.00,UNIDAD MANEJADORA DE AIRE No.5 (30 TONS) (LABORATORIO),UMA,Aire Acondicionado,1454
183,Preventivo,ACAPULCO,HOSP. GRAL. RENACIMIENTO,CARRIER,39MN10CO10NBY11GS,4408U32434,1.00,UNIDAD MANEJADORA DE AIRE No.6 (30 TONS) (GOBIERNO),UMA,Aire Acondicionado,1455
184,Correctivo,ACAPULCO,HOSP. GRAL. RENACIMIENTO,CARRIER,39MN10CO10NBY11GS,4408U32434,1.00,UNIDAD MANEJADORA DE AIRE No.6 (30 TONS) (GOBIERNO),UMA,Aire Acondicionado,1456
185,Preventivo,ACAPULCO,HOSP. GRAL. RENACIMIENTO,CARRIER,39MNO3CO10NBZ11XGS,4408U32435,1.00,UNIDAD MANEJADORA DE AIRE No.7 (30 TONS) (IMAGENOLOGIA),UMA,Aire Acondicionado,1457
186,Correctivo,ACAPULCO,HOSP. GRAL. RENACIMIENTO,CARRIER,39MNO3CO10NBZ11XGS,4408U32435,1.00,UNIDAD MANEJADORA DE AIRE No.7 (30 TONS) (IMAGENOLOGIA),UMA,Aire Acondicionado,1458
187,Preventivo,ACAPULCO,HOSP. GRAL. RENACIMIENTO,CARRIER,39MN10CO10NCO11XGS,4408U32436,1.00,UNIDAD DE PAQUETE DE 5 TON No.8 (TOMOGRAFO),PAQUETE,Aire Acondicionado,1459
188,Correctivo,ACAPULCO,HOSP. GRAL. RENACIMIENTO,CARRIER,39MN10CO10NCO11XGS,4408U32436,1.00,UNIDAD DE PAQUETE DE 5 TON No.8 (TOMOGRAFO),PAQUETE,Aire Acondicionado,1460
189,Preventivo,ACAPULCO,HOSP. GRAL. RENACIMIENTO,CARRIER,39MASTWO4KKCLGX1GH,4408U32437,1.00,UNIDAD MANEJADORA DE AIRE No.9 (30 TONS) (PRIMER PISO HOSPITALIZACION),UMA,Aire Acondicionado,1461
190,Correctivo,ACAPULCO,HOSP. GRAL. RENACIMIENTO,CARRIER,39MASTWO4KKCLGX1GH,4408U32437,1.00,UNIDAD MANEJADORA DE AIRE No.9 (30 TONS) (PRIMER PISO HOSPITALIZACION),UMA,Aire Acondicionado,1462
191,Preventivo,ACAPULCO,HOSP. GRAL. RENACIMIENTO,CARRIER,39M4STVO4DHXFGBA,4408U32438,1.00,UNIDAD MANEJADORA DE AIRE No.10 (30 TONS) (LACTANTES Y ESCOLARES),UMA,Aire Acondicionado,1463
192,Correctivo,ACAPULCO,HOSP. GRAL. RENACIMIENTO,CARRIER,39M4STVO4DHXFGBA,4408U32438,1.00,UNIDAD MANEJADORA DE AIRE No.10 (30 TONS) (LACTANTES Y ESCOLARES),UMA,Aire Acondicionado,1464
193,Preventivo,ACAPULCO,HOSP. GRAL. RENACIMIENTO,CARRIER,39M4STWO4DHHXFGJBA,4408U32439,1.00,UNIDAD MANEJADORA DE AIRE No. 11 (30 TONS) (UCI ADULTOS),UMA,Aire Acondicionado,1465
194,Correctivo,ACAPULCO,HOSP. GRAL. RENACIMIENTO,CARRIER,39M4STWO4DHHXFGJBA,4408U32439,1.00,UNIDAD MANEJADORA DE AIRE No. 11 (30 TONS) (UCI ADULTOS),UMA,Aire Acondicionado,1466
195,Preventivo,ACAPULCO,HOSP. GRAL. RENACIMIENTO,CARRIER,39MCSTWO4KPBXXXGCA,4408U32440,1.00,UNIDAD MANEJADORA DE AIRE No. 12 (30 TONS) (SEGUNDO PISO HOSPITALIZACION),UMA,Aire Acondicionado,1467
196,Correctivo,ACAPULCO,HOSP. GRAL. RENACIMIENTO,CARRIER,39MCSTWO4KPBXXXGCA,4408U32440,1.00,UNIDAD MANEJADORA DE AIRE No. 12 (30 TONS) (SEGUNDO PISO HOSPITALIZACION),UMA,Aire Acondicionado,1468
197,Preventivo,ACAPULCO,HOSP. GRAL. RENACIMIENTO,TRANE,S/MODELO,S/SERIE,1.00,UNIDAD DE PAQUETE DE 5 TON No. 13 (URGENCIAS ANEXO),PAQUETE,Aire Acondicionado,1469
198,Correctivo,ACAPULCO,HOSP. GRAL. RENACIMIENTO,TRANE,S/MODELO,S/SERIE,1.00,UNIDAD DE PAQUETE DE 5 TON No. 13 (URGENCIAS ANEXO),PAQUETE,Aire Acondicionado,1470
199,Preventivo,ACAPULCO,HOSP. GRAL. RENACIMIENTO,TRANE,S/MODELO,S/SERIE,1.00,UNIDAD DE PAQUETE 5 TON No. 14 (2DO PISO),PAQUETE,Aire Acondicionado,1471
200,Correctivo,ACAPULCO,HOSP. GRAL. RENACIMIENTO,TRANE,S/MODELO,S/SERIE,1.00,UNIDAD DE PAQUETE 5 TON No. 14 (2DO PISO),PAQUETE,Aire Acondicionado,1472
201,Preventivo,ACAPULCO,HOSP. GRAL. RENACIMIENTO,CARRIER,S/MODELO,S/SERIE,1.00,UNIDAD DE PAQUETE DIVIDIDA 5 TON No. 15 (2DO PISO),PAQUETE,Aire Acondicionado,1473
202,Correctivo,ACAPULCO,HOSP. GRAL. RENACIMIENTO,CARRIER,S/MODELO,S/SERIE,1.00,UNIDAD DE PAQUETE DIVIDIDA 5 TON No. 15 (2DO PISO),PAQUETE,Aire Acondicionado,1474
203,Preventivo,ACAPULCO,HOSP. GRAL. RENACIMIENTO,TRANE,S/MODELO,S/SERIE,1.00,UNIDAD DE PAQUETE 10 TON No. 16 (HEMODIALISIS),PAQUETE,Aire Acondicionado,1475
204,Correctivo,ACAPULCO,HOSP. GRAL. RENACIMIENTO,TRANE,S/MODELO,S/SERIE,1.00,UNIDAD DE PAQUETE 10 TON No. 16 (HEMODIALISIS),PAQUETE,Aire Acondicionado,1476
205,Preventivo,ACAPULCO,HOSP. GRAL. RENACIMIENTO,TRANE,S/MODELO,S/SERIE,1.00,UNIDAD DE PAQUETE 10 TON No. 17 (HEMODIALISIS),PAQUETE,Aire Acondicionado,1477
206,Correctivo,ACAPULCO,HOSP. GRAL. RENACIMIENTO,TRANE,S/MODELO,S/SERIE,1.00,UNIDAD DE PAQUETE 10 TON No. 17 (HEMODIALISIS),PAQUETE,Aire Acondicionado,1478
207,Preventivo,ACAPULCO,HOSP. GRAL. RENACIMIENTO,TRANE,S/MODELO,S/SERIE,1.00,UNIDAD DE PAQUETE 10 TON No. 18 (HEMODIALISIS),PAQUETE,Aire Acondicionado,1479
208,Correctivo,ACAPULCO,HOSP. GRAL. RENACIMIENTO,TRANE,S/MODELO,S/SERIE,1.00,UNIDAD DE PAQUETE 10 TON No. 18 (HEMODIALISIS),PAQUETE,Aire Acondicionado,1480
209,Preventivo,ACAPULCO,HOSP. GRAL. RENACIMIENTO,TRANE,S/MODELO,S/SERIE,1.00,UNIDAD DE PAQUETE 10 TON No. 19 (HEMODIALISIS),PAQUETE,Aire Acondicionado,1481
210,Correctivo,ACAPULCO,HOSP. GRAL. RENACIMIENTO,TRANE,S/MODELO,S/SERIE,1.00,UNIDAD DE PAQUETE 10 TON No. 19 (HEMODIALISIS),PAQUETE,Aire Acondicionado,1482
211,Preventivo,ACAPULCO,HOSP. GRAL. RENACIMIENTO,CARRIER,42CE008305ARM1,S/N,1.00,FAN AND COIL 2.5 TONS,,Aire Acondicionado,1483
212,Correctivo,ACAPULCO,HOSP. GRAL. RENACIMIENTO,CARRIER,42CE008305ARM1,S/N,1.00,FAN AND COIL 2.5 TONS,,Aire Acondicionado,1484
213,Preventivo,ACAPULCO,HOSP. GRAL. RENACIMIENTO,CARRIER,42CE008305ARM1,S/N,1.00,FAN AND COIL 2 TONS,,Aire Acondicionado,1485
214,Correctivo,ACAPULCO,HOSP. GRAL. RENACIMIENTO,CARRIER,42CE008305ARM1,S/N,1.00,FAN AND COIL 2 TONS,,Aire Acondicionado,1486
215,Preventivo,ACAPULCO,HOSP. GRAL. RENACIMIENTO,CARRIER,42CE008305ARM1,S/N,1.00,FAN AND COIL 1 TONS,,Aire Acondicionado,1487
216,Correctivo,ACAPULCO,HOSP. GRAL. RENACIMIENTO,CARRIER,42CE008305ARM1,S/N,1.00,FAN AND COIL 1 TONS,,Aire Acondicionado,1488
217,Preventivo,ACAPULCO,HOSP. GRAL. RENACIMIENTO,CARRIER,42CE008305ARM1,S/N,1.00,FAN AND COIL 1.5 TONS,,Aire Acondicionado,1489
218,Correctivo,ACAPULCO,HOSP. GRAL. RENACIMIENTO,CARRIER,42CE008305ARM1,S/N,1.00,FAN AND COIL 1.5 TONS,,Aire Acondicionado,1490
219,Preventivo,ACAPULCO,HOSP. GRAL. RENACIMIENTO,CARRIER,42CE008305ARM1,S/N,1.00,FAN AND COIL 1 TONS,,Aire Acondicionado,1491
220,Correctivo,ACAPULCO,HOSP. GRAL. RENACIMIENTO,CARRIER,42CE008305ARM1,S/N,1.00,FAN AND COIL 1 TONS,,Aire Acondicionado,1492
221,Preventivo,ACAPULCO,HOSP. GRAL. RENACIMIENTO,CARRIER,42CE008305ARM1,S/N,1.00,FAN AND COIL 1 TONS,,Aire Acondicionado,1493
222,Correctivo,ACAPULCO,HOSP. GRAL. RENACIMIENTO,CARRIER,42CE008305ARM1,S/N,1.00,FAN AND COIL 1 TONS,,Aire Acondicionado,1494
223,Preventivo,ACAPULCO,HOSP. GRAL. RENACIMIENTO,CARRIER,42CE008305ARM1,S/N,1.00,FAN AND COIL 2 TONS,,Aire Acondicionado,1495
224,Correctivo,ACAPULCO,HOSP. GRAL. RENACIMIENTO,CARRIER,42CE008305ARM1,S/N,1.00,FAN AND COIL 2 TONS,,Aire Acondicionado,1496
225,Preventivo,ACAPULCO,HOSP. GRAL. RENACIMIENTO,CARRIER,42CE008305ARM1,S/N,1.00,FAN AND COIL 1 TONS,,Aire Acondicionado,1497
226,Correctivo,ACAPULCO,HOSP. GRAL. RENACIMIENTO,CARRIER,42CE008305ARM1,S/N,1.00,FAN AND COIL 1 TONS,,Aire Acondicionado,1498
227,Preventivo,ACAPULCO,HOSP. GRAL. RENACIMIENTO,CARRIER,42CE008305ARM1,S/N,1.00,FAN AND COIL 2 TONS,,Aire Acondicionado,1499
228,Correctivo,ACAPULCO,HOSP. GRAL. RENACIMIENTO,CARRIER,42CE008305ARM1,S/N,1.00,FAN AND COIL 2 TONS,,Aire Acondicionado,1500
229,Preventivo,ACAPULCO,HOSP. GRAL. RENACIMIENTO,CARRIER,42CE008305ARM1,S/N,1.00,FAN AND COIL 1 TONS,,Aire Acondicionado,1501
230,Correctivo,ACAPULCO,HOSP. GRAL. RENACIMIENTO,CARRIER,42CE008305ARM1,S/N,1.00,FAN AND COIL 1 TONS,,Aire Acondicionado,1502
231,Preventivo,ACAPULCO,HOSP. GRAL. RENACIMIENTO,CARRIER,42CE008305ARM1,S/N,1.00,FAN AND COIL 3 TONS,,Aire Acondicionado,1503
232,Correctivo,ACAPULCO,HOSP. GRAL. RENACIMIENTO,CARRIER,42CE008305ARM1,S/N,1.00,FAN AND COIL 3 TONS,,Aire Acondicionado,1504
233,Preventivo,ACAPULCO,HOSP. GRAL. RENACIMIENTO,CARRIER,S/N,S/N,1.00,FAN AND COIL 6 TONS,,Aire Acondicionado,1505
234,Correctivo,ACAPULCO,HOSP. GRAL. RENACIMIENTO,CARRIER,S/N,S/N,1.00,FAN AND COIL 6 TONS,,Aire Acondicionado,1506
235,Preventivo,ACAPULCO,HOSP. GRAL. RENACIMIENTO,CARRIER,S/N,S/N,1.00,FAN AND COIL 6 TONS,,Aire Acondicionado,1507
236,Correctivo,ACAPULCO,HOSP. GRAL. RENACIMIENTO,CARRIER,S/N,S/N,1.00,FAN AND COIL 6 TONS,,Aire Acondicionado,1508
237,Preventivo,ACAPULCO,HOSP. GRAL. RENACIMIENTO,CARRIER,S/N,S/N,1.00,FAN AND COIL 6 TONS,,Aire Acondicionado,1509
238,Correctivo,ACAPULCO,HOSP. GRAL. RENACIMIENTO,CARRIER,S/N,S/N,1.00,FAN AND COIL 6 TONS,,Aire Acondicionado,1510
239,Preventivo,ACAPULCO,HOSP. GRAL. RENACIMIENTO,CARRIER,S/N,S/N,1.00,FAN AND COIL 6 TONS,,Aire Acondicionado,1511
240,Correctivo,ACAPULCO,HOSP. GRAL. RENACIMIENTO,CARRIER,S/N,S/N,1.00,FAN AND COIL 6 TONS,,Aire Acondicionado,1512
241,Preventivo,ACAPULCO,HOSP. GRAL. RENACIMIENTO,MIRAGE,EXF121F,2.4021744600468E,SEPA-1439,MINISPLIT 5.0 TON,MINISPLIT,Aire Acondicionado,1513
242,Correctivo,ACAPULCO,HOSP. GRAL. RENACIMIENTO,MIRAGE,EXF121F,2.4021744600468E,SEPA-1439,MINISPLIT 5.0 TON,MINISPLIT,Aire Acondicionado,1514
243,Preventivo,ACAPULCO,HOSP. GRAL. RENACIMIENTO,MIRAGE,EXF121F,EXF121F7081600636,SEPA-1440,MINISPLIT 5.0 TON,MINISPLIT,Aire Acondicionado,1515
244,Correctivo,ACAPULCO,HOSP. GRAL. RENACIMIENTO,MIRAGE,EXF121F,EXF121F7081600636,SEPA-1440,MINISPLIT 5.0 TON,MINISPLIT,Aire Acondicionado,1516
245,Preventivo,ACAPULCO,HOSP. GRAL. RENACIMIENTO,MIRAGE,EXF121F,EXF121F7081602487,SEPA-1442,MINISPLIT 5.0 TON,MINISPLIT,Aire Acondicionado,1517
246,Correctivo,ACAPULCO,HOSP. GRAL. RENACIMIENTO,MIRAGE,EXF121F,EXF121F7081602487,SEPA-1442,MINISPLIT 5.0 TON,MINISPLIT,Aire Acondicionado,1518
247,Preventivo,ACAPULCO,HOSP. GRAL. RENACIMIENTO,DUVENTUS,IVX9M241F001,IVX9M241F001140320,CLID-1291,MINISPLIT 1.5 TON,MINISPLIT,Aire Acondicionado,1519
248,Correctivo,ACAPULCO,HOSP. GRAL. RENACIMIENTO,DUVENTUS,IVX9M241F001,IVX9M241F001140320,CLID-1291,MINISPLIT 1.5 TON,MINISPLIT,Aire Acondicionado,1520
249,Preventivo,ACAPULCO,HOSP. GRAL. RENACIMIENTO,MIRAGE,CXF251D,S/SERIE,CEDC-6685,MINISPLIT 5.0 TON,MINISPLIT,Aire Acondicionado,1521
250,Correctivo,ACAPULCO,HOSP. GRAL. RENACIMIENTO,MIRAGE,CXF251D,S/SERIE,CEDC-6685,MINISPLIT 5.0 TON,MINISPLIT,Aire Acondicionado,1522
251,Preventivo,ACAPULCO,HOSP. GRAL. RENACIMIENTO,MIRAGE,CXF251D,S/SERIE,S/N,MINISPLIT 5.0 TON,MINISPLIT,Aire Acondicionado,1523
252,Correctivo,ACAPULCO,HOSP. GRAL. RENACIMIENTO,MIRAGE,CXF251D,S/SERIE,S/N,MINISPLIT 5.0 TON,MINISPLIT,Aire Acondicionado,1524
253,Preventivo,ACAPULCO,HOSP. GRAL. RENACIMIENTO,UNITED APLIANCE,UAWC24-DN3C1,WC24DN101621000737,HEMO-6631,MINISPLIT 2.0 TON,MINISPLIT,Aire Acondicionado,1525
254,Correctivo,ACAPULCO,HOSP. GRAL. RENACIMIENTO,UNITED APLIANCE,UAWC24-DN3C1,WC24DN101621000737,HEMO-6631,MINISPLIT 2.0 TON,MINISPLIT,Aire Acondicionado,1526
255,Preventivo,ACAPULCO,HOSP. GRAL. RENACIMIENTO,UNITED APLIANCE,UAWC24-DN31/1,WC24DN1010621000749,HEMO-6632,MINISPLIT 2.0 TON,MINISPLIT,Aire Acondicionado,1527
256,Correctivo,ACAPULCO,HOSP. GRAL. RENACIMIENTO,UNITED APLIANCE,UAWC24-DN31/1,WC24DN1010621000749,HEMO-6632,MINISPLIT 2.0 TON,MINISPLIT,Aire Acondicionado,1528
257,Preventivo,ACAPULCO,HOSP. GRAL. RENACIMIENTO,DUVENTUS,IVX9M361F001,IVX9M361F001140047,HIPO-6623,MINISPLIT 1.5 TON,MINISPLIT,Aire Acondicionado,1529
258,Correctivo,ACAPULCO,HOSP. GRAL. RENACIMIENTO,DUVENTUS,IVX9M361F001,IVX9M361F001140047,HIPO-6623,MINISPLIT 1.5 TON,MINISPLIT,Aire Acondicionado,1530
259,Preventivo,ACAPULCO,HOSP. GRAL. RENACIMIENTO,MIRAGE,ELF261D,340E82206011B110130192,ALB-6624,MiniSplit 2.5 ton,MINISPLIT,Aire Acondicionado,1531
260,Correctivo,ACAPULCO,HOSP. GRAL. RENACIMIENTO,MIRAGE,ELF261D,340E82206011B110130192,ALB-6624,MiniSplit 2.5 ton,MINISPLIT,Aire Acondicionado,1532
261,Preventivo,ACAPULCO,HOSP. GRAL. RENACIMIENTO,MIRAGE,ELF261D,LF261D112100182,ALB-6625,MiniSplit 2.5 ton,MINISPLIT,Aire Acondicionado,1533
262,Correctivo,ACAPULCO,HOSP. GRAL. RENACIMIENTO,MIRAGE,ELF261D,LF261D112100182,ALB-6625,MiniSplit 2.5 ton,MINISPLIT,Aire Acondicionado,1534
263,Preventivo,ACAPULCO,HOSP. GRAL. RENACIMIENTO,MIRAGE,S/M,AF261T5140301010,S/N,MiniSplit 2.5 ton,MINISPLIT,Aire Acondicionado,1535
264,Correctivo,ACAPULCO,HOSP. GRAL. RENACIMIENTO,MIRAGE,S/M,AF261T5140301010,S/N,MiniSplit 2.5 ton,MINISPLIT,Aire Acondicionado,1536
265,Preventivo,ACAPULCO,HOSP. GRAL. RENACIMIENTO,FREYVEN GREEN,S/M,40FVC243B,FARM-1623,MiniSplit 2.5 ton,MINISPLIT,Aire Acondicionado,1537
266,Correctivo,ACAPULCO,HOSP. GRAL. RENACIMIENTO,FREYVEN GREEN,S/M,40FVC243B,FARM-1623,MiniSplit 2.5 ton,MINISPLIT,Aire Acondicionado,1538
267,Preventivo,ACAPULCO,HOSP. GRAL. RENACIMIENTO,DUVENTUS,S/M,0VR9M181F001180472,FARM-6453,MINISPLIT 1.5 TON,MINISPLIT,Aire Acondicionado,1539
268,Correctivo,ACAPULCO,HOSP. GRAL. RENACIMIENTO,DUVENTUS,S/M,0VR9M181F001180472,FARM-6453,MINISPLIT 1.5 TON,MINISPLIT,Aire Acondicionado,1540
269,Preventivo,ACAPULCO,HOSP. GRAL. RENACIMIENTO,MIRAGE,ELF181E,ELF181E7052200444,LACT-6639,MiniSplit 2.5 ton,MINISPLIT,Aire Acondicionado,1541
270,Correctivo,ACAPULCO,HOSP. GRAL. RENACIMIENTO,MIRAGE,ELF181E,ELF181E7052200444,LACT-6639,MiniSplit 2.5 ton,MINISPLIT,Aire Acondicionado,1542
271,Preventivo,ACAPULCO,HOSP. GRAL. RENACIMIENTO,KUL,S/M,10160637,LACT-5885,MINISPLIT 1.5 TON,MINISPLIT,Aire Acondicionado,1543
272,Correctivo,ACAPULCO,HOSP. GRAL. RENACIMIENTO,KUL,S/M,10160637,LACT-5885,MINISPLIT 1.5 TON,MINISPLIT,Aire Acondicionado,1544
273,Preventivo,ACAPULCO,HOSP. GRAL. RENACIMIENTO,KUL,KU4D4C001MX,10160572,CATE-5698,MINISPLIT 1.5 TON,MINISPLIT,Aire Acondicionado,1545
274,Correctivo,ACAPULCO,HOSP. GRAL. RENACIMIENTO,KUL,KU4D4C001MX,10160572,CATE-5698,MINISPLIT 1.5 TON,MINISPLIT,Aire Acondicionado,1546
275,Preventivo,ACAPULCO,HOSP. GRAL. RENACIMIENTO,UNITED APLIANCE,VAWC24-DN351,C24NO01621000519,ALMO-1532,MINISPLIT 2.0 TON,MINISPLIT,Aire Acondicionado,1547
276,Correctivo,ACAPULCO,HOSP. GRAL. RENACIMIENTO,UNITED APLIANCE,VAWC24-DN351,C24NO01621000519,ALMO-1532,MINISPLIT 2.0 TON,MINISPLIT,Aire Acondicionado,1548
277,Preventivo,ACAPULCO,HOSP. GRAL. RENACIMIENTO,DUVENTUS,S/M,OVX9M121F001132022,AMBU-6665,MINISPLIT 1.5 TON,MINISPLIT,Aire Acondicionado,1549
278,Correctivo,ACAPULCO,HOSP. GRAL. RENACIMIENTO,DUVENTUS,S/M,OVX9M121F001132022,AMBU-6665,MINISPLIT 1.5 TON,MINISPLIT,Aire Acondicionado,1550
279,Preventivo,ACAPULCO,HOSP. GRAL. RENACIMIENTO,MIRAGE,CLF121T,LF121H44042336512,SIND-6666,MiniSplit 2.5 ton,MINISPLIT,Aire Acondicionado,1551
280,Correctivo,ACAPULCO,HOSP. GRAL. RENACIMIENTO,MIRAGE,CLF121T,LF121H44042336512,SIND-6666,MiniSplit 2.5 ton,MINISPLIT,Aire Acondicionado,1552
281,Preventivo,ACAPULCO,HOSP. GRAL. RENACIMIENTO,LG,SP242CN,ME265004117,MEDI-1718,MiniSplit 2.5 ton,MINISPLIT,Aire Acondicionado,1553
282,Correctivo,ACAPULCO,HOSP. GRAL. RENACIMIENTO,LG,SP242CN,ME265004117,MEDI-1718,MiniSplit 2.5 ton,MINISPLIT,Aire Acondicionado,1554
283,Preventivo,ACAPULCO,HOSP. GRAL. RENACIMIENTO,PRIME,EMPRC242-T,JAAOGBEG133542000974,ENSE-1395,MiniSplit 2.5 ton,MINISPLIT,Aire Acondicionado,1555
284,Correctivo,ACAPULCO,HOSP. GRAL. RENACIMIENTO,PRIME,EMPRC242-T,JAAOGBEG133542000974,ENSE-1395,MiniSplit 2.5 ton,MINISPLIT,Aire Acondicionado,1556
285,Preventivo,ACAPULCO,HOSP. GRAL. RENACIMIENTO,DUVENTUS,IVX9M121FOO1,IVX9M121FOO1130523,SIST-6667,MINISPLIT 1.5 TON,MINISPLIT,Aire Acondicionado,1557
286,Correctivo,ACAPULCO,HOSP. GRAL. RENACIMIENTO,DUVENTUS,IVX9M121FOO1,IVX9M121FOO1130523,SIST-6667,MINISPLIT 1.5 TON,MINISPLIT,Aire Acondicionado,1558
287,Preventivo,ACAPULCO,HOSP. GRAL. RENACIMIENTO,MIRAGE,EHF2015,EHF26159062300339,QUIR-5539,MiniSplit 2.5 ton,MINISPLIT,Aire Acondicionado,1559
288,Correctivo,ACAPULCO,HOSP. GRAL. RENACIMIENTO,MIRAGE,EHF2015,EHF26159062300339,QUIR-5539,MiniSplit 2.5 ton,MINISPLIT,Aire Acondicionado,1560
289,Preventivo,ACAPULCO,HOSP. GRAL. RENACIMIENTO,MIRAGE,CMPRC242-E2,G30900656794877330515,TOCO-6668,MiniSplit 2.5 ton,MINISPLIT,Aire Acondicionado,1561
290,Correctivo,ACAPULCO,HOSP. GRAL. RENACIMIENTO,MIRAGE,CMPRC242-E2,G30900656794877330515,TOCO-6668,MiniSplit 2.5 ton,MINISPLIT,Aire Acondicionado,1562
291,Preventivo,ACAPULCO,HOSP. GRAL. RENACIMIENTO,DUVENTUS,40NFRC123A-E,8267540FFRC123A-E,MANT-6669,MINISPLIT 1.5 TON,MINISPLIT,Aire Acondicionado,1563
292,Correctivo,ACAPULCO,HOSP. GRAL. RENACIMIENTO,DUVENTUS,40NFRC123A-E,8267540FFRC123A-E,MANT-6669,MINISPLIT 1.5 TON,MINISPLIT,Aire Acondicionado,1564
293,Preventivo,ACAPULCO,HOSP. GRAL. RENACIMIENTO,DUVENTUS,OVR9MI81F001,S/SERIE,SIST-6670,MINISPLIT 1.5 TON,MINISPLIT,Aire Acondicionado,1565
294,Correctivo,ACAPULCO,HOSP. GRAL. RENACIMIENTO,DUVENTUS,OVR9MI81F001,S/SERIE,SIST-6670,MINISPLIT 1.5 TON,MINISPLIT,Aire Acondicionado,1566
295,Preventivo,ACAPULCO,HOSP. GRAL. RENACIMIENTO,WHIRLPOOL,SWA3028Q,S/SERIE,SIST-6671,MINISPLIT 1.5 TON,MINISPLIT,Aire Acondicionado,1567
296,Correctivo,ACAPULCO,HOSP. GRAL. RENACIMIENTO,WHIRLPOOL,SWA3028Q,S/SERIE,SIST-6671,MINISPLIT 1.5 TON,MINISPLIT,Aire Acondicionado,1568
297,Preventivo,ACAPULCO,HOSP. GRAL. RENACIMIENTO,PRIME,EMPRC182-L,201701036000201000,RMJE-5432,MiniSplit 2.5 ton,MINISPLIT,Aire Acondicionado,1569
298,Correctivo,ACAPULCO,HOSP. GRAL. RENACIMIENTO,PRIME,EMPRC182-L,201701036000201000,RMJE-5432,MiniSplit 2.5 ton,MINISPLIT,Aire Acondicionado,1570
299,Preventivo,ACAPULCO,HOSP. GRAL. RENACIMIENTO,PRIME,CMPRC242-E,S/SERIE,UCIA-6684,MiniSplit 2.5 ton,MINISPLIT,Aire Acondicionado,1571
300,Correctivo,ACAPULCO,HOSP. GRAL. RENACIMIENTO,PRIME,CMPRC242-E,S/SERIE,UCIA-6684,MiniSplit 2.5 ton,MINISPLIT,Aire Acondicionado,1572
301,Preventivo,ACAPULCO,HOSP. GRAL. RENACIMIENTO,DUVENTUS,OVR9M120FOO1,0VR9M181F001140657,UTIN-5882,MINISPLIT 1.5 TON,MINISPLIT,Aire Acondicionado,1573
302,Correctivo,ACAPULCO,HOSP. GRAL. RENACIMIENTO,DUVENTUS,OVR9M120FOO1,0VR9M181F001140657,UTIN-5882,MINISPLIT 1.5 TON,MINISPLIT,Aire Acondicionado,1574
303,Preventivo,ACAPULCO,HOSP. GRAL. RENACIMIENTO,WHIRLPOOL,WA1047Q,E77290173,VIVE-6675,MINISPLIT 1.5 TON,MINISPLIT,Aire Acondicionado,1575
304,Correctivo,ACAPULCO,HOSP. GRAL. RENACIMIENTO,WHIRLPOOL,WA1047Q,E77290173,VIVE-6675,MINISPLIT 1.5 TON,MINISPLIT,Aire Acondicionado,1576
305,Preventivo,ACAPULCO,HOSP. GRAL. RENACIMIENTO,DUVENTUS,IVR9M120FOO1,IVR9M120F00140851,DIRE-6672,MINISPLIT 1.5 TON,MINISPLIT,Aire Acondicionado,1577
306,Correctivo,ACAPULCO,HOSP. GRAL. RENACIMIENTO,DUVENTUS,IVR9M120FOO1,IVR9M120F00140851,DIRE-6672,MINISPLIT 1.5 TON,MINISPLIT,Aire Acondicionado,1578
307,Preventivo,ACAPULCO,HOSP. GRAL. RENACIMIENTO,DUVENTUS,IVR9M120FOO1,IVR9M120F,ADMI-6674,MINISPLIT 1.5 TON,MINISPLIT,Aire Acondicionado,1579
308,Correctivo,ACAPULCO,HOSP. GRAL. RENACIMIENTO,DUVENTUS,IVR9M120FOO1,IVR9M120F,ADMI-6674,MINISPLIT 1.5 TON,MINISPLIT,Aire Acondicionado,1580
309,Preventivo,ACAPULCO,HOSP. GRAL. RENACIMIENTO,LG,SWA362HV,901KARWO5C70,URGE-0913,MiniSplit 2.5 ton,MINISPLIT,Aire Acondicionado,1581
310,Correctivo,ACAPULCO,HOSP. GRAL. RENACIMIENTO,LG,SWA362HV,901KARWO5C70,URGE-0913,MiniSplit 2.5 ton,MINISPLIT,Aire Acondicionado,1582
311,Preventivo,ACAPULCO,HOSP. GRAL. RENACIMIENTO,MIRAGE,CXF261F,EXF261F7081601691,COCI-6676,MiniSplit 2.5 ton,MINISPLIT,Aire Acondicionado,1583
312,Correctivo,ACAPULCO,HOSP. GRAL. RENACIMIENTO,MIRAGE,CXF261F,EXF261F7081601691,COCI-6676,MiniSplit 2.5 ton,MINISPLIT,Aire Acondicionado,1584
313,Preventivo,ACAPULCO,HOSP. GRAL. RENACIMIENTO,MIRAGE,EXF120F,EXF120F7041903734,VACU-5992,MiniSplit 2.5 ton,MINISPLIT,Aire Acondicionado,1585
314,Correctivo,ACAPULCO,HOSP. GRAL. RENACIMIENTO,MIRAGE,EXF120F,EXF120F7041903734,VACU-5992,MiniSplit 2.5 ton,MINISPLIT,Aire Acondicionado,1586
315,Preventivo,ACAPULCO,HOSP. GRAL. RENACIMIENTO,FREYVEN GREEN,53FVC43B,E40FVC243 B-E,IMAG-6677,MiniSplit 2.5 ton,MINISPLIT,Aire Acondicionado,1587
316,Correctivo,ACAPULCO,HOSP. GRAL. RENACIMIENTO,FREYVEN GREEN,53FVC43B,E40FVC243 B-E,IMAG-6677,MiniSplit 2.5 ton,MINISPLIT,Aire Acondicionado,1588
317,Preventivo,ACAPULCO,HOSP. GRAL. RENACIMIENTO,DUVENTUS,OVR9M241FOO2,OVR9M241F0024040178,MAST-5925,MINISPLIT 1.5 TON,MINISPLIT,Aire Acondicionado,1589
318,Correctivo,ACAPULCO,HOSP. GRAL. RENACIMIENTO,DUVENTUS,OVR9M241FOO2,OVR9M241F0024040178,MAST-5925,MINISPLIT 1.5 TON,MINISPLIT,Aire Acondicionado,1590
319,Preventivo,ACAPULCO,HOSP. GRAL. RENACIMIENTO,WHIRLPOOL,WA1047Q,ETZ72301562,IMAG-0617,MINISPLIT 1.5 TON,MINISPLIT,Aire Acondicionado,1591
320,Correctivo,ACAPULCO,HOSP. GRAL. RENACIMIENTO,WHIRLPOOL,WA1047Q,ETZ72301562,IMAG-0617,MINISPLIT 1.5 TON,MINISPLIT,Aire Acondicionado,1592
321,Preventivo,ACAPULCO,HOSP. GRAL. RENACIMIENTO,MIRAGE,EHF2615,S/SERIE,DENS-5883,MiniSplit 2.5 ton,MINISPLIT,Aire Acondicionado,1593
322,Correctivo,ACAPULCO,HOSP. GRAL. RENACIMIENTO,MIRAGE,EHF2615,S/SERIE,DENS-5883,MiniSplit 2.5 ton,MINISPLIT,Aire Acondicionado,1594
323,Preventivo,ACAPULCO,HOSP. GRAL. RENACIMIENTO,TLC,S12P-ECVZ,C-S12P-ECVZE,DENS-6678,MINISPLIT 1.5 TON,MINISPLIT,Aire Acondicionado,1595
324,Correctivo,ACAPULCO,HOSP. GRAL. RENACIMIENTO,TLC,S12P-ECVZ,C-S12P-ECVZE,DENS-6678,MINISPLIT 1.5 TON,MINISPLIT,Aire Acondicionado,1596
325,Preventivo,ACAPULCO,HOSP. GRAL. RENACIMIENTO,MEDISA,MAS12C1AGRC,54122000DCZ43050120154,TRAB-6680,MINISPLIT 1.5 TON,MINISPLIT,Aire Acondicionado,1597
326,Correctivo,ACAPULCO,HOSP. GRAL. RENACIMIENTO,MEDISA,MAS12C1AGRC,54122000DCZ43050120154,TRAB-6680,MINISPLIT 1.5 TON,MINISPLIT,Aire Acondicionado,1598
327,Preventivo,ACAPULCO,HOSP. GRAL. RENACIMIENTO,MIRAGE,EHF261P,EHF261P9081600237,SEPA-1437,MiniSplit 2.5 ton,MINISPLIT,Aire Acondicionado,1599
328,Correctivo,ACAPULCO,HOSP. GRAL. RENACIMIENTO,MIRAGE,EHF261P,EHF261P9081600237,SEPA-1437,MiniSplit 2.5 ton,MINISPLIT,Aire Acondicionado,1600
329,Preventivo,ACAPULCO,HOSP. GRAL. RENACIMIENTO,MIRAGE,EXF121F,EXF121F7081602467,SEPA-1441,MiniSplit 2.5 ton,MINISPLIT,Aire Acondicionado,1601
330,Correctivo,ACAPULCO,HOSP. GRAL. RENACIMIENTO,MIRAGE,EXF121F,EXF121F7081602467,SEPA-1441,MiniSplit 2.5 ton,MINISPLIT,Aire Acondicionado,1602
331,Preventivo,ACAPULCO,HOSP. GRAL. RENACIMIENTO,MIRAGE,EXF121F,EXF121F7081600458,SEPA-1438,MiniSplit 2.5 ton,MINISPLIT,Aire Acondicionado,1603
332,Correctivo,ACAPULCO,HOSP. GRAL. RENACIMIENTO,MIRAGE,EXF121F,EXF121F7081600458,SEPA-1438,MiniSplit 2.5 ton,MINISPLIT,Aire Acondicionado,1604
333,Preventivo,ACAPULCO,HOSP. GRAL. RENACIMIENTO,TRANE,S/MODELO,S/SERIE,MANT-6719,MiniSplit 2.5 ton,MINISPLIT,Aire Acondicionado,1605
334,Correctivo,ACAPULCO,HOSP. GRAL. RENACIMIENTO,TRANE,S/MODELO,S/SERIE,MANT-6719,MiniSplit 2.5 ton,MINISPLIT,Aire Acondicionado,1606
335,Preventivo,ACAPULCO,HOSP. GRAL. RENACIMIENTO,TRANE,S/MODELO,S/SERIE,MANT-6722,MiniSplit 2.5 ton,MINISPLIT,Aire Acondicionado,1607
336,Correctivo,ACAPULCO,HOSP. GRAL. RENACIMIENTO,TRANE,S/MODELO,S/SERIE,MANT-6722,MiniSplit 2.5 ton,MINISPLIT,Aire Acondicionado,1608
337,Preventivo,ACAPULCO,HOSP. GRAL. RENACIMIENTO,CIAC,EVAP: 40FXQ123T2-E COND: 38FXQ123T2-C,COND:14YB3WQ200ZQ20600907 EVA:14YB2NQ200ZQ20100900,SIST-6994,MINISPLIT 3.0 TON,MINISPLIT,Aire Acondicionado,1609
338,Correctivo,ACAPULCO,HOSP. GRAL. RENACIMIENTO,CIAC,EVAP: 40FXQ123T2-E COND: 38FXQ123T2-C,COND:14YB3WQ200ZQ20600907 EVA:14YB2NQ200ZQ20100900,SIST-6994,MINISPLIT 3.0 TON,MINISPLIT,Aire Acondicionado,1610
339,Preventivo,ACAPULCO,HOSP. GRAL. RENACIMIENTO,MIRAGE,CLF261D,CLF261D7092100644,LABO-6622,MINISPLIT 3.0 TON,MINISPLIT,Aire Acondicionado,1611
340,Correctivo,ACAPULCO,HOSP. GRAL. RENACIMIENTO,MIRAGE,CLF261D,CLF261D7092100644,LABO-6622,MINISPLIT 3.0 TON,MINISPLIT,Aire Acondicionado,1612
341,Preventivo,ACAPULCO,HOSP. GRAL. RENACIMIENTO,MIRAGE,CLF261D,CLF261D7082100935,LABO-6619,MINISPLIT 3.0 TON,MINISPLIT,Aire Acondicionado,1613
342,Correctivo,ACAPULCO,HOSP. GRAL. RENACIMIENTO,MIRAGE,CLF261D,CLF261D7082100935,LABO-6619,MINISPLIT 3.0 TON,MINISPLIT,Aire Acondicionado,1614
343,Preventivo,ACAPULCO,HOSP. GRAL. RENACIMIENTO,MIRAGE,CLF261D,CLF261D7082100701,LABO-6620,MINISPLIT 3.0 TON,MINISPLIT,Aire Acondicionado,1615
344,Correctivo,ACAPULCO,HOSP. GRAL. RENACIMIENTO,MIRAGE,CLF261D,CLF261D7082100701,LABO-6620,MINISPLIT 3.0 TON,MINISPLIT,Aire Acondicionado,1616
345,Preventivo,ACAPULCO,HOSP. GRAL. RENACIMIENTO,MIRAGE,CLF261D,CLF261D7082100697,LABO-6621,MINISPLIT 3.0 TON,MINISPLIT,Aire Acondicionado,1617
346,Correctivo,ACAPULCO,HOSP. GRAL. RENACIMIENTO,MIRAGE,CLF261D,CLF261D7082100697,LABO-6621,MINISPLIT 3.0 TON,MINISPLIT,Aire Acondicionado,1618
347,Preventivo,ACAPULCO,HOSP. GRAL. RENACIMIENTO,MIRAGE,CLF121D,CLF121D7092116867,LABO-6618,MINISPLIT 3.0 TON,MINISPLIT,Aire Acondicionado,1619
348,Correctivo,ACAPULCO,HOSP. GRAL. RENACIMIENTO,MIRAGE,CLF121D,CLF121D7092116867,LABO-6618,MINISPLIT 3.0 TON,MINISPLIT,Aire Acondicionado,1620
349,Preventivo,ACAPULCO,HOSP. GRAL. RENACIMIENTO,WEATHER KING,WKHD-W12C1,CH-RH1410-1-1612C12015100047,INVE-6630,MINISPLIT 3.0 TON,MINISPLIT,Aire Acondicionado,1621
350,Correctivo,ACAPULCO,HOSP. GRAL. RENACIMIENTO,WEATHER KING,WKHD-W12C1,CH-RH1410-1-1612C12015100047,INVE-6630,MINISPLIT 3.0 TON,MINISPLIT,Aire Acondicionado,1622
351,Preventivo,ACAPULCO,HOSP. GRAL. RENACIMIENTO,MIRAGE,CDF261T,CDF261T5140301010,INVE-6626,MINISPLIT 3.0 TON,MINISPLIT,Aire Acondicionado,1623
352,Correctivo,ACAPULCO,HOSP. GRAL. RENACIMIENTO,MIRAGE,CDF261T,CDF261T5140301010,INVE-6626,MINISPLIT 3.0 TON,MINISPLIT,Aire Acondicionado,1624
353,Preventivo,ACAPULCO,HOSP. GRAL. RENACIMIENTO,CARRIER,50TC-A08A2A5A0A0A0,4916P85949,HEMO-6634,MINISPLIT 3.0 TON,MINISPLIT,Aire Acondicionado,1625
354,Correctivo,ACAPULCO,HOSP. GRAL. RENACIMIENTO,CARRIER,50TC-A08A2A5A0A0A0,4916P85949,HEMO-6634,MINISPLIT 3.0 TON,MINISPLIT,Aire Acondicionado,1626
355,Preventivo,ACAPULCO,HOSP. GRAL. RENACIMIENTO,CARRIER,50TC-A08A2A5A0A0A0,4916P85949,HEMO-6634,MINISPLIT 3.0 TON,MINISPLIT,Aire Acondicionado,1627
356,Correctivo,ACAPULCO,HOSP. GRAL. RENACIMIENTO,CARRIER,50TC-A08A2A5A0A0A0,4916P85949,HEMO-6634,MINISPLIT 3.0 TON,MINISPLIT,Aire Acondicionado,1628
357,Preventivo,ACAPULCO,HOSP. GRAL. RENACIMIENTO,CARRIER,50TC-A08A2A5A0A0A0,4916P85947,HEMO-6635,MINISPLIT 3.0 TON,MINISPLIT,Aire Acondicionado,1629
358,Correctivo,ACAPULCO,HOSP. GRAL. RENACIMIENTO,CARRIER,50TC-A08A2A5A0A0A0,4916P85947,HEMO-6635,MINISPLIT 3.0 TON,MINISPLIT,Aire Acondicionado,1630
359,Preventivo,ACAPULCO,HOSP. GRAL. RENACIMIENTO,CARRIER,50TC-A08A2A5A0A0A0,4916P85947,HEMO-6635,MINISPLIT 3.0 TON,MINISPLIT,Aire Acondicionado,1631
360,Correctivo,ACAPULCO,HOSP. GRAL. RENACIMIENTO,CARRIER,50TC-A08A2A5A0A0A0,4916P85947,HEMO-6635,MINISPLIT 3.0 TON,MINISPLIT,Aire Acondicionado,1632
361,Preventivo,ACAPULCO,HOSP. GRAL. RENACIMIENTO,YORK,YHFE18YTMDMHO-X,438403E+17,HEMO-6633,MINISPLIT 3.0 TON,MINISPLIT,Aire Acondicionado,1633
362,Correctivo,ACAPULCO,HOSP. GRAL. RENACIMIENTO,YORK,YHFE18YTMDMHO-X,438403E+17,HEMO-6633,MINISPLIT 3.0 TON,MINISPLIT,Aire Acondicionado,1634
363,Preventivo,ACAPULCO,HOSP. GRAL. RENACIMIENTO,TRANE,TTA120G300AA,17373SHDYA,HEMO-6636,MINISPLIT 3.0 TON,MINISPLIT,Aire Acondicionado,1635
364,Correctivo,ACAPULCO,HOSP. GRAL. RENACIMIENTO,TRANE,TTA120G300AA,17373SHDYA,HEMO-6636,MINISPLIT 3.0 TON,MINISPLIT,Aire Acondicionado,1636
365,Preventivo,ACAPULCO,HOSP. GRAL. RENACIMIENTO,TRANE,TTA120G300AA,17373SHDYA,HEMO-6636,MINISPLIT 3.0 TON,MINISPLIT,Aire Acondicionado,1637
366,Correctivo,ACAPULCO,HOSP. GRAL. RENACIMIENTO,TRANE,TTA120G300AA,17373SHDYA,HEMO-6636,MINISPLIT 3.0 TON,MINISPLIT,Aire Acondicionado,1638
367,Preventivo,ACAPULCO,HOSP. GRAL. RENACIMIENTO,CIAC,SIN ETIQUETA,14YB3WQ200ZQ20600948,REHU-6992,MINISPLIT 3.0 TON,MINISPLIT,Aire Acondicionado,1639
368,Correctivo,ACAPULCO,HOSP. GRAL. RENACIMIENTO,CIAC,SIN ETIQUETA,14YB3WQ200ZQ20600948,REHU-6992,MINISPLIT 3.0 TON,MINISPLIT,Aire Acondicionado,1640
369,Preventivo,ACAPULCO,HOSP. GRAL. RENACIMIENTO,CIAC,SIN ETIQUETA,14YB3WQ200ZQ20600928,SUBM-6989,MINISPLIT 3.0 TON,MINISPLIT,Aire Acondicionado,1641
370,Correctivo,ACAPULCO,HOSP. GRAL. RENACIMIENTO,CIAC,SIN ETIQUETA,14YB3WQ200ZQ20600928,SUBM-6989,MINISPLIT 3.0 TON,MINISPLIT,Aire Acondicionado,1642
371,Preventivo,ACAPULCO,HOSP. GRAL. RENACIMIENTO,CIAC,SIN ETIQUETA,14YB3WQ200ZQ20600896,SEPA-6991,MINISPLIT 3.0 TON,MINISPLIT,Aire Acondicionado,1643
372,Correctivo,ACAPULCO,HOSP. GRAL. RENACIMIENTO,CIAC,SIN ETIQUETA,14YB3WQ200ZQ20600896,SEPA-6991,MINISPLIT 3.0 TON,MINISPLIT,Aire Acondicionado,1644
373,Preventivo,ACAPULCO,HOSP. GRAL. RENACIMIENTO,CIAC,SIN MODELO,14YB3WQ200ZQ20600557,VIVE-6995,MINISPLIT 3.0 TON,MINISPLIT,Aire Acondicionado,1645
374,Correctivo,ACAPULCO,HOSP. GRAL. RENACIMIENTO,CIAC,SIN MODELO,14YB3WQ200ZQ20600557,VIVE-6995,MINISPLIT 3.0 TON,MINISPLIT,Aire Acondicionado,1646
3249,Preventivo,ACAPULCO,HOSPITAL GENERAL DE ACAPULCO,YORK,YK4F4SQ4-EKH,CYM005,S/INVENTARIO,CHILLER # 1 (700 TON),CHILLER,Aire Acondicionado,1647
3250,Correctivo,ACAPULCO,HOSPITAL GENERAL DE ACAPULCO,YORK,YK4F4SQ4-EKH,CYM005,S/INVENTARIO,CHILLER # 1 (700 TON),CHILLER,Aire Acondicionado,1648
3251,Preventivo,ACAPULCO,HOSPITAL GENERAL DE ACAPULCO,YORK,YDHF-432VDD,SDDM527760,S/INVENTARIO,UNIDAD PAQUETE 7.5 TON,PAQUETE,Aire Acondicionado,1649
3252,Correctivo,ACAPULCO,HOSPITAL GENERAL DE ACAPULCO,YORK,YDHF-432VDD,SDDM527760,S/INVENTARIO,UNIDAD PAQUETE 7.5 TON,PAQUETE,Aire Acondicionado,1650
3253,Preventivo,ACAPULCO,HOSPITAL GENERAL DE ACAPULCO,YORK,YK4F4SQ4-EKH,CYM009,S/INVENTARIO,CHILLER # 1 (700 TON),CHILLER,Aire Acondicionado,1651
3254,Correctivo,ACAPULCO,HOSPITAL GENERAL DE ACAPULCO,YORK,YK4F4SQ4-EKH,CYM009,S/INVENTARIO,CHILLER # 1 (700 TON),CHILLER,Aire Acondicionado,1652
3255,Preventivo,ACAPULCO,HOSPITAL GENERAL DE ACAPULCO,YORK,YDHF-432VDD,SDDM-527960,S/INVENTARIO,UNIDAD PAQUETE 7.5 TON,PAQUETE,Aire Acondicionado,1653
3256,Correctivo,ACAPULCO,HOSPITAL GENERAL DE ACAPULCO,YORK,YDHF-432VDD,SDDM-527960,S/INVENTARIO,UNIDAD PAQUETE 7.5 TON,PAQUETE,Aire Acondicionado,1654
3257,Preventivo,ACAPULCO,HOSPITAL GENERAL DE ACAPULCO,YORK,YK4F4SQ4-EKH,CYM002,S/INVENTARIO,CHILLER # 1 (700 TON),CHILLER,Aire Acondicionado,1655
3258,Correctivo,ACAPULCO,HOSPITAL GENERAL DE ACAPULCO,YORK,YK4F4SQ4-EKH,CYM002,S/INVENTARIO,CHILLER # 1 (700 TON),CHILLER,Aire Acondicionado,1656
3259,Preventivo,ACAPULCO,HOSPITAL GENERAL DE ACAPULCO,YORK,YDHF-432VDD,SDDM-528140,S/INVENTARIO,UMA 20 TON,UMA,Aire Acondicionado,1657
3260,Correctivo,ACAPULCO,HOSPITAL GENERAL DE ACAPULCO,YORK,YDHF-432VDD,SDDM-528140,S/INVENTARIO,UMA 20 TON,UMA,Aire Acondicionado,1658
3261,Preventivo,ACAPULCO,HOSPITAL GENERAL DE ACAPULCO,SIEMENS,Q2-F16T2104SME 16,FFGRSG46,S/INVENTARIO,BOMBA AGUA HELADA (50 HP),BOMBA,Aire Acondicionado,1659
3262,Correctivo,ACAPULCO,HOSPITAL GENERAL DE ACAPULCO,SIEMENS,Q2-F16T2104SME 16,FFGRSG46,S/INVENTARIO,BOMBA AGUA HELADA (50 HP),BOMBA,Aire Acondicionado,1660
3263,Preventivo,ACAPULCO,HOSPITAL GENERAL DE ACAPULCO,SIEMENS,Q2-F16T2104SME 20,FB5413113,S/INVENTARIO,BOMBA AGUA HELADA (50 HP),BOMBA,Aire Acondicionado,1661
3264,Correctivo,ACAPULCO,HOSPITAL GENERAL DE ACAPULCO,SIEMENS,Q2-F16T2104SME 20,FB5413113,S/INVENTARIO,BOMBA AGUA HELADA (50 HP),BOMBA,Aire Acondicionado,1662
3265,Preventivo,ACAPULCO,HOSPITAL GENERAL DE ACAPULCO,SIEMENS,Q2-F16T2906GME 2,5454D64G,S/INVENTARIO,BOMBA AGUA HELADA (50 HP),BOMBA,Aire Acondicionado,1663
3266,Correctivo,ACAPULCO,HOSPITAL GENERAL DE ACAPULCO,SIEMENS,Q2-F16T2906GME 2,5454D64G,S/INVENTARIO,BOMBA AGUA HELADA (50 HP),BOMBA,Aire Acondicionado,1664
3267,Preventivo,ACAPULCO,HOSPITAL GENERAL DE ACAPULCO,SIEMENS,Q2-J21-T2906GME 27,654FBDB456,S/INVENTARIO,BOMBA CONDENSADO (50 HP),BOMBA,Aire Acondicionado,1665
3268,Correctivo,ACAPULCO,HOSPITAL GENERAL DE ACAPULCO,SIEMENS,Q2-J21-T2906GME 27,654FBDB456,S/INVENTARIO,BOMBA CONDENSADO (50 HP),BOMBA,Aire Acondicionado,1666
3269,Preventivo,ACAPULCO,HOSPITAL GENERAL DE ACAPULCO,SIEMENS,Q2-F16T2906GME 2,DSG65GS54,S/INVENTARIO,BOMBA CONDENSADO (50 HP),BOMBA,Aire Acondicionado,1667
3270,Correctivo,ACAPULCO,HOSPITAL GENERAL DE ACAPULCO,SIEMENS,Q2-F16T2906GME 2,DSG65GS54,S/INVENTARIO,BOMBA CONDENSADO (50 HP),BOMBA,Aire Acondicionado,1668
3271,Preventivo,ACAPULCO,HOSPITAL GENERAL DE ACAPULCO,REYMSA,RT-810115-B-SLS,GD54SG,S/INVENTARIO,TORRE DE ENFRIAMIENTO,TORRE,Aire Acondicionado,1669
3272,Correctivo,ACAPULCO,HOSPITAL GENERAL DE ACAPULCO,REYMSA,RT-810115-B-SLS,GD54SG,S/INVENTARIO,TORRE DE ENFRIAMIENTO,TORRE,Aire Acondicionado,1670
3273,Preventivo,ACAPULCO,HOSPITAL GENERAL DE ACAPULCO,REYMSA,RT-810115-B-SLS,DS5GS2F2,S/INVENTARIO,TORRE DE ENFRIAMIENTO,TORRE,Aire Acondicionado,1671
3274,Correctivo,ACAPULCO,HOSPITAL GENERAL DE ACAPULCO,REYMSA,RT-810115-B-SLS,DS5GS2F2,S/INVENTARIO,TORRE DE ENFRIAMIENTO,TORRE,Aire Acondicionado,1672
3275,Preventivo,ACAPULCO,HOSPITAL GENERAL DE ACAPULCO,SIEMENS,Q2-F16T2104GME 22,5F13DG,S/INVENTARIO,BOMBA CONDENSADO (50 HP),BOMBA,Aire Acondicionado,1673
3276,Correctivo,ACAPULCO,HOSPITAL GENERAL DE ACAPULCO,SIEMENS,Q2-F16T2104GME 22,5F13DG,S/INVENTARIO,BOMBA CONDENSADO (50 HP),BOMBA,Aire Acondicionado,1674
3277,Preventivo,ACAPULCO,HOSPITAL GENERAL DE ACAPULCO,YORK,ADDMXTQ198,65GDG62S,S/INVENTARIO,UMA 20 TON,UMA,Aire Acondicionado,1675
3278,Correctivo,ACAPULCO,HOSPITAL GENERAL DE ACAPULCO,YORK,ADDMXTQ198,65GDG62S,S/INVENTARIO,UMA 20 TON,UMA,Aire Acondicionado,1676
3279,Preventivo,ACAPULCO,HOSPITAL GENERAL DE ACAPULCO,YORK,ADDMXTQ197,SDG35SDG4,S/INVENTARIO,UMA 20 TON,UMA,Aire Acondicionado,1677
3280,Correctivo,ACAPULCO,HOSPITAL GENERAL DE ACAPULCO,YORK,ADDMXTQ197,SDG35SDG4,S/INVENTARIO,UMA 20 TON,UMA,Aire Acondicionado,1678
3281,Preventivo,ACAPULCO,HOSPITAL GENERAL DE ACAPULCO,YORK,CEDMXTQ114,SD315DF1,S/INVENTARIO,UMA 20 TON,UMA,Aire Acondicionado,1679
3282,Correctivo,ACAPULCO,HOSPITAL GENERAL DE ACAPULCO,YORK,CEDMXTQ114,SD315DF1,S/INVENTARIO,UMA 20 TON,UMA,Aire Acondicionado,1680
3283,Preventivo,ACAPULCO,HOSPITAL GENERAL DE ACAPULCO,YORK,CEDMXTQ132,B46HM3H,S/INVENTARIO,UMA 20 TON,UMA,Aire Acondicionado,1681
3284,Correctivo,ACAPULCO,HOSPITAL GENERAL DE ACAPULCO,YORK,CEDMXTQ132,B46HM3H,S/INVENTARIO,UMA 20 TON,UMA,Aire Acondicionado,1682
3285,Preventivo,ACAPULCO,HOSPITAL GENERAL DE ACAPULCO,YORK,CDDMXTQ300,78AF65SF,S/INVENTARIO,UMA 15 TON,UMA,Aire Acondicionado,1683
3286,Correctivo,ACAPULCO,HOSPITAL GENERAL DE ACAPULCO,YORK,CDDMXTQ300,78AF65SF,S/INVENTARIO,UMA 15 TON,UMA,Aire Acondicionado,1684
3287,Preventivo,ACAPULCO,HOSPITAL GENERAL DE ACAPULCO,YORK,ADDMXTQ201,CVB321F468,S/INVENTARIO,UMA 15 TON,UMA,Aire Acondicionado,1685
3288,Correctivo,ACAPULCO,HOSPITAL GENERAL DE ACAPULCO,YORK,ADDMXTQ201,CVB321F468,S/INVENTARIO,UMA 15 TON,UMA,Aire Acondicionado,1686
3289,Preventivo,ACAPULCO,HOSPITAL GENERAL DE ACAPULCO,YORK,ADDMXTQ202,54GF153GF132,S/INVENTARIO,UMA 15 TON,UMA,Aire Acondicionado,1687
3290,Correctivo,ACAPULCO,HOSPITAL GENERAL DE ACAPULCO,YORK,ADDMXTQ202,54GF153GF132,S/INVENTARIO,UMA 15 TON,UMA,Aire Acondicionado,1688
3291,Preventivo,ACAPULCO,HOSPITAL GENERAL DE ACAPULCO,YORK,ADDMXTQ200,78GH456,S/INVENTARIO,UMA 15 TON,UMA,Aire Acondicionado,1689
3292,Correctivo,ACAPULCO,HOSPITAL GENERAL DE ACAPULCO,YORK,ADDMXTQ200,78GH456,S/INVENTARIO,UMA 15 TON,UMA,Aire Acondicionado,1690
3293,Preventivo,ACAPULCO,HOSPITAL GENERAL DE ACAPULCO,YORK,ADDMXTQ199,HM654DF1,S/INVENTARIO,UMA 15 TON,UMA,Aire Acondicionado,1691
3294,Correctivo,ACAPULCO,HOSPITAL GENERAL DE ACAPULCO,YORK,ADDMXTQ199,HM654DF1,S/INVENTARIO,UMA 15 TON,UMA,Aire Acondicionado,1692
3295,Preventivo,ACAPULCO,HOSPITAL GENERAL DE ACAPULCO,YORK,CEDMXTQ129,V486HG1H2,S/INVENTARIO,UMA 15 TON,UMA,Aire Acondicionado,1693
3296,Correctivo,ACAPULCO,HOSPITAL GENERAL DE ACAPULCO,YORK,CEDMXTQ129,V486HG1H2,S/INVENTARIO,UMA 15 TON,UMA,Aire Acondicionado,1694
3297,Preventivo,ACAPULCO,HOSPITAL GENERAL DE ACAPULCO,YORK,CEDMXTQ128,654GH4552M,S/INVENTARIO,UMA 20 TON,UMA,Aire Acondicionado,1695
3298,Correctivo,ACAPULCO,HOSPITAL GENERAL DE ACAPULCO,YORK,CEDMXTQ128,654GH4552M,S/INVENTARIO,UMA 20 TON,UMA,Aire Acondicionado,1696
3299,Preventivo,ACAPULCO,HOSPITAL GENERAL DE ACAPULCO,YORK,CEDMXTQ328,GH648HGM4,S/INVENTARIO,UMA 20 TON,UMA,Aire Acondicionado,1697
3300,Correctivo,ACAPULCO,HOSPITAL GENERAL DE ACAPULCO,YORK,CEDMXTQ328,GH648HGM4,S/INVENTARIO,UMA 20 TON,UMA,Aire Acondicionado,1698
3301,Preventivo,ACAPULCO,HOSPITAL GENERAL DE ACAPULCO,YORK,CDDMXTQ327,54G64654HG,S/INVENTARIO,UMA 20 TON,UMA,Aire Acondicionado,1699
3302,Correctivo,ACAPULCO,HOSPITAL GENERAL DE ACAPULCO,YORK,CDDMXTQ327,54G64654HG,S/INVENTARIO,UMA 20 TON,UMA,Aire Acondicionado,1700
3303,Preventivo,ACAPULCO,HOSPITAL GENERAL DE ACAPULCO,YORK,CEDMXTQ127,GH64H41HG,S/INVENTARIO,UMA 20 TON,UMA,Aire Acondicionado,1701
3304,Correctivo,ACAPULCO,HOSPITAL GENERAL DE ACAPULCO,YORK,CEDMXTQ127,GH64H41HG,S/INVENTARIO,UMA 20 TON,UMA,Aire Acondicionado,1702
3305,Preventivo,ACAPULCO,HOSPITAL GENERAL DE ACAPULCO,YORK,CDDMXTQ275,L645JK4HJ6,S/INVENTARIO,UMA 20 TON,UMA,Aire Acondicionado,1703
3306,Correctivo,ACAPULCO,HOSPITAL GENERAL DE ACAPULCO,YORK,CDDMXTQ275,L645JK4HJ6,S/INVENTARIO,UMA 20 TON,UMA,Aire Acondicionado,1704
3307,Preventivo,ACAPULCO,HOSPITAL GENERAL DE ACAPULCO,YORK,CDDMXTQ272,KJ.4KJ56H,S/INVENTARIO,UMA 15 TON,UMA,Aire Acondicionado,1705
3308,Correctivo,ACAPULCO,HOSPITAL GENERAL DE ACAPULCO,YORK,CDDMXTQ272,KJ.4KJ56H,S/INVENTARIO,UMA 15 TON,UMA,Aire Acondicionado,1706
3309,Preventivo,ACAPULCO,HOSPITAL GENERAL DE ACAPULCO,YORK,CDDMXTQ273,65HJ64HJ3,S/INVENTARIO,UMA 15 TON,UMA,Aire Acondicionado,1707
3310,Correctivo,ACAPULCO,HOSPITAL GENERAL DE ACAPULCO,YORK,CDDMXTQ273,65HJ64HJ3,S/INVENTARIO,UMA 15 TON,UMA,Aire Acondicionado,1708
3311,Preventivo,ACAPULCO,HOSPITAL GENERAL DE ACAPULCO,YORK,CDDMXTQ334,9ASD46DSF65,S/INVENTARIO,UMA 15 TON,UMA,Aire Acondicionado,1709
3312,Correctivo,ACAPULCO,HOSPITAL GENERAL DE ACAPULCO,YORK,CDDMXTQ334,9ASD46DSF65,S/INVENTARIO,UMA 15 TON,UMA,Aire Acondicionado,1710
3313,Preventivo,ACAPULCO,HOSPITAL GENERAL DE ACAPULCO,YORK,CDDMXTQ333,FG47SE2GD14.,S/INVENTARIO,UMA 15 TON,UMA,Aire Acondicionado,1711
3314,Correctivo,ACAPULCO,HOSPITAL GENERAL DE ACAPULCO,YORK,CDDMXTQ333,FG47SE2GD14.,S/INVENTARIO,UMA 15 TON,UMA,Aire Acondicionado,1712
3315,Preventivo,ACAPULCO,HOSPITAL GENERAL DE ACAPULCO,YORK,CDDMXTQ276,FG84FG41FG,S/INVENTARIO,UMA 15 TON,UMA,Aire Acondicionado,1713
3316,Correctivo,ACAPULCO,HOSPITAL GENERAL DE ACAPULCO,YORK,CDDMXTQ276,FG84FG41FG,S/INVENTARIO,UMA 15 TON,UMA,Aire Acondicionado,1714
3317,Preventivo,ACAPULCO,HOSPITAL GENERAL DE ACAPULCO,YORK,CDDMXTQ296,CG465AW4,S/INVENTARIO,UMA 15 TON,UMA,Aire Acondicionado,1715
3318,Correctivo,ACAPULCO,HOSPITAL GENERAL DE ACAPULCO,YORK,CDDMXTQ296,CG465AW4,S/INVENTARIO,UMA 15 TON,UMA,Aire Acondicionado,1716
3319,Preventivo,ACAPULCO,HOSPITAL GENERAL DE ACAPULCO,YORK,CDDMXTQ335,5GF4FH654,S/INVENTARIO,UMA 15 TON,UMA,Aire Acondicionado,1717
3320,Correctivo,ACAPULCO,HOSPITAL GENERAL DE ACAPULCO,YORK,CDDMXTQ335,5GF4FH654,S/INVENTARIO,UMA 15 TON,UMA,Aire Acondicionado,1718
3321,Preventivo,ACAPULCO,HOSPITAL GENERAL DE ACAPULCO,YORK,CDDMXTQ336,4FHFD54,S/INVENTARIO,UMA 15 TON,UMA,Aire Acondicionado,1719
3322,Correctivo,ACAPULCO,HOSPITAL GENERAL DE ACAPULCO,YORK,CDDMXTQ336,4FHFD54,S/INVENTARIO,UMA 15 TON,UMA,Aire Acondicionado,1720
3323,Preventivo,ACAPULCO,HOSPITAL GENERAL DE ACAPULCO,YORK,CDDMXTQ298,C54XDFGG,S/INVENTARIO,UMA 15 TON,UMA,Aire Acondicionado,1721
3324,Correctivo,ACAPULCO,HOSPITAL GENERAL DE ACAPULCO,YORK,CDDMXTQ298,C54XDFGG,S/INVENTARIO,UMA 15 TON,UMA,Aire Acondicionado,1722
3325,Preventivo,ACAPULCO,HOSPITAL GENERAL DE ACAPULCO,YORK,CDDMXTQ331,CB41F5XBF1,S/INVENTARIO,UMA 15 TON,UMA,Aire Acondicionado,1723
3326,Correctivo,ACAPULCO,HOSPITAL GENERAL DE ACAPULCO,YORK,CDDMXTQ331,CB41F5XBF1,S/INVENTARIO,UMA 15 TON,UMA,Aire Acondicionado,1724
3327,Preventivo,ACAPULCO,HOSPITAL GENERAL DE ACAPULCO,YORK,CDDMXTQ332,CV54GVN1N,S/INVENTARIO,UMA 15 TON,UMA,Aire Acondicionado,1725
3328,Correctivo,ACAPULCO,HOSPITAL GENERAL DE ACAPULCO,YORK,CDDMXTQ332,CV54GVN1N,S/INVENTARIO,UMA 15 TON,UMA,Aire Acondicionado,1726
3329,Preventivo,ACAPULCO,HOSPITAL GENERAL DE ACAPULCO,YORK,CDDMXTQ329,BV54CB56XF,S/INVENTARIO,UMA 15 TON,UMA,Aire Acondicionado,1727
3330,Correctivo,ACAPULCO,HOSPITAL GENERAL DE ACAPULCO,YORK,CDDMXTQ329,BV54CB56XF,S/INVENTARIO,UMA 15 TON,UMA,Aire Acondicionado,1728
3331,Preventivo,ACAPULCO,HOSPITAL GENERAL DE ACAPULCO,YORK,CDDMXTQ330,CV5CB4,S/INVENTARIO,UMA 15 TON,UMA,Aire Acondicionado,1729
3332,Correctivo,ACAPULCO,HOSPITAL GENERAL DE ACAPULCO,YORK,CDDMXTQ330,CV5CB4,S/INVENTARIO,UMA 15 TON,UMA,Aire Acondicionado,1730
3333,Preventivo,ACAPULCO,HOSPITAL GENERAL DE ACAPULCO,YORK,CEDMXTQ118,CV5CB5411,S/INVENTARIO,UMA 15 TON,UMA,Aire Acondicionado,1731
3334,Correctivo,ACAPULCO,HOSPITAL GENERAL DE ACAPULCO,YORK,CEDMXTQ118,CV5CB5411,S/INVENTARIO,UMA 15 TON,UMA,Aire Acondicionado,1732
3335,Preventivo,ACAPULCO,HOSPITAL GENERAL DE ACAPULCO,YORK,ADDMXTQ204,V54CBX4,S/INVENTARIO,UMA 20 TON,UMA,Aire Acondicionado,1733
3336,Correctivo,ACAPULCO,HOSPITAL GENERAL DE ACAPULCO,YORK,ADDMXTQ204,V54CBX4,S/INVENTARIO,UMA 20 TON,UMA,Aire Acondicionado,1734
3337,Preventivo,ACAPULCO,HOSPITAL GENERAL DE ACAPULCO,YORK,ADDMXTQ205,BVN54BV1,S/INVENTARIO,UMA 20 TON,UMA,Aire Acondicionado,1735
3338,Correctivo,ACAPULCO,HOSPITAL GENERAL DE ACAPULCO,YORK,ADDMXTQ205,BVN54BV1,S/INVENTARIO,UMA 20 TON,UMA,Aire Acondicionado,1736
3339,Preventivo,ACAPULCO,HOSPITAL GENERAL DE ACAPULCO,YORK,CDDMXTQ299,BV54BV4,S/INVENTARIO,UMA 20 TON,UMA,Aire Acondicionado,1737
3340,Correctivo,ACAPULCO,HOSPITAL GENERAL DE ACAPULCO,YORK,CDDMXTQ299,BV54BV4,S/INVENTARIO,UMA 20 TON,UMA,Aire Acondicionado,1738
3341,Preventivo,ACAPULCO,HOSPITAL GENERAL DE ACAPULCO,YORK,CDDMXTQ274,VB5BV16CVN,S/INVENTARIO,UMA 20 TON,UMA,Aire Acondicionado,1739
3342,Correctivo,ACAPULCO,HOSPITAL GENERAL DE ACAPULCO,YORK,CDDMXTQ274,VB5BV16CVN,S/INVENTARIO,UMA 20 TON,UMA,Aire Acondicionado,1740
3343,Preventivo,ACAPULCO,HOSPITAL GENERAL DE ACAPULCO,YORK,CEDMXTQ116,CV51BVN541,S/INVENTARIO,UMA 20 TON,UMA,Aire Acondicionado,1741
3344,Correctivo,ACAPULCO,HOSPITAL GENERAL DE ACAPULCO,YORK,CEDMXTQ116,CV51BVN541,S/INVENTARIO,UMA 20 TON,UMA,Aire Acondicionado,1742
3345,Preventivo,ACAPULCO,HOSPITAL GENERAL DE ACAPULCO,YORK,CEDMXTQ115,SDH64GNV,S/INVENTARIO,UMA 20 TON,UMA,Aire Acondicionado,1743
3346,Correctivo,ACAPULCO,HOSPITAL GENERAL DE ACAPULCO,YORK,CEDMXTQ115,SDH64GNV,S/INVENTARIO,UMA 20 TON,UMA,Aire Acondicionado,1744
3347,Preventivo,ACAPULCO,HOSPITAL GENERAL DE ACAPULCO,YORK,CEDMXTQ130,BKBH,S/INVENTARIO,UMA 20 TON,UMA,Aire Acondicionado,1745
3348,Correctivo,ACAPULCO,HOSPITAL GENERAL DE ACAPULCO,YORK,CEDMXTQ130,BKBH,S/INVENTARIO,UMA 20 TON,UMA,Aire Acondicionado,1746
3349,Preventivo,ACAPULCO,HOSPITAL GENERAL DE ACAPULCO,YORK,ADDMXTQ203,4SDF,S/INVENTARIO,UMA 20 TON,UMA,Aire Acondicionado,1747
3350,Correctivo,ACAPULCO,HOSPITAL GENERAL DE ACAPULCO,YORK,ADDMXTQ203,4SDF,S/INVENTARIO,UMA 20 TON,UMA,Aire Acondicionado,1748
3351,Preventivo,ACAPULCO,HOSPITAL GENERAL DE ACAPULCO,YORK,13YPHBC-4,64VG4,S/INVENTARIO,UNIDAD PAQUETE 5.5 TON,PAQUETE,Aire Acondicionado,1749
3352,Correctivo,ACAPULCO,HOSPITAL GENERAL DE ACAPULCO,YORK,13YPHBC-4,64VG4,S/INVENTARIO,UNIDAD PAQUETE 5.5 TON,PAQUETE,Aire Acondicionado,1750
3353,Preventivo,ACAPULCO,HOSPITAL GENERAL DE ACAPULCO,YORK,13YPHBC-4,G654GF654,S/INVENTARIO,MINISPLIT 1.5 TON,MINISPLIT,Aire Acondicionado,1751
3354,Correctivo,ACAPULCO,HOSPITAL GENERAL DE ACAPULCO,YORK,13YPHBC-4,G654GF654,S/INVENTARIO,MINISPLIT 1.5 TON,MINISPLIT,Aire Acondicionado,1752
3355,Preventivo,ACAPULCO,HOSPITAL GENERAL DE ACAPULCO,YORK,10YPHBC-3,346EYDF54,S/INVENTARIO,MINISPLIT 1.5 TON,MINISPLIT,Aire Acondicionado,1753
3356,Correctivo,ACAPULCO,HOSPITAL GENERAL DE ACAPULCO,YORK,10YPHBC-3,346EYDF54,S/INVENTARIO,MINISPLIT 1.5 TON,MINISPLIT,Aire Acondicionado,1754
3357,Preventivo,ACAPULCO,HOSPITAL GENERAL DE ACAPULCO,YORK,6YPHBC-3,654K465,S/INVENTARIO,MINISPLIT 1.5 TON,MINISPLIT,Aire Acondicionado,1755
3358,Correctivo,ACAPULCO,HOSPITAL GENERAL DE ACAPULCO,YORK,6YPHBC-3,654K465,S/INVENTARIO,MINISPLIT 1.5 TON,MINISPLIT,Aire Acondicionado,1756
3359,Preventivo,ACAPULCO,HOSPITAL GENERAL DE ACAPULCO,YORK,16YPHYB-4,654DG46DSF,S/INVENTARIO,MINISPLIT 1.5 TON,MINISPLIT,Aire Acondicionado,1757
3360,Correctivo,ACAPULCO,HOSPITAL GENERAL DE ACAPULCO,YORK,16YPHYB-4,654DG46DSF,S/INVENTARIO,MINISPLIT 1.5 TON,MINISPLIT,Aire Acondicionado,1758
3361,Preventivo,ACAPULCO,HOSPITAL GENERAL DE ACAPULCO,YORK,16YPHYB-4,5DF654,S/INVENTARIO,MINISPLIT 1.5 TON,MINISPLIT,Aire Acondicionado,1759
3362,Correctivo,ACAPULCO,HOSPITAL GENERAL DE ACAPULCO,YORK,16YPHYB-4,5DF654,S/INVENTARIO,MINISPLIT 1.5 TON,MINISPLIT,Aire Acondicionado,1760
3363,Preventivo,ACAPULCO,HOSPITAL GENERAL DE ACAPULCO,YORK,16YPHYB-4,64FH65,S/INVENTARIO,MINISPLIT 1.5 TON,MINISPLIT,Aire Acondicionado,1761
3364,Correctivo,ACAPULCO,HOSPITAL GENERAL DE ACAPULCO,YORK,16YPHYB-4,64FH65,S/INVENTARIO,MINISPLIT 1.5 TON,MINISPLIT,Aire Acondicionado,1762
3365,Preventivo,ACAPULCO,HOSPITAL GENERAL DE ACAPULCO,YORK,16YPHYB-4,6847D684,S/INVENTARIO,MINISPLIT 1.5 TON,MINISPLIT,Aire Acondicionado,1763
3366,Correctivo,ACAPULCO,HOSPITAL GENERAL DE ACAPULCO,YORK,16YPHYB-4,6847D684,S/INVENTARIO,MINISPLIT 1.5 TON,MINISPLIT,Aire Acondicionado,1764
3367,Preventivo,ACAPULCO,HOSPITAL GENERAL DE ACAPULCO,YORK,10YPHBC-3,D6G54GF,S/INVENTARIO,MINISPLIT 1.5 TON,MINISPLIT,Aire Acondicionado,1765
3368,Correctivo,ACAPULCO,HOSPITAL GENERAL DE ACAPULCO,YORK,10YPHBC-3,D6G54GF,S/INVENTARIO,MINISPLIT 1.5 TON,MINISPLIT,Aire Acondicionado,1766
3369,Preventivo,ACAPULCO,HOSPITAL GENERAL DE ACAPULCO,YORK,10YPHBC-3,64HJK6JG,S/INVENTARIO,MINISPLIT 1.5 TON,MINISPLIT,Aire Acondicionado,1767
3370,Correctivo,ACAPULCO,HOSPITAL GENERAL DE ACAPULCO,YORK,10YPHBC-3,64HJK6JG,S/INVENTARIO,MINISPLIT 1.5 TON,MINISPLIT,Aire Acondicionado,1768
3371,Preventivo,ACAPULCO,HOSPITAL GENERAL DE ACAPULCO,YORK,6YPHBC-3,NJ4HJ6,S/INVENTARIO,MINISPLIT 1.5 TON,MINISPLIT,Aire Acondicionado,1769
3372,Correctivo,ACAPULCO,HOSPITAL GENERAL DE ACAPULCO,YORK,6YPHBC-3,NJ4HJ6,S/INVENTARIO,MINISPLIT 1.5 TON,MINISPLIT,Aire Acondicionado,1770
3373,Preventivo,ACAPULCO,HOSPITAL GENERAL DE ACAPULCO,YORK,6YPHBC-4,AW6847SEG,S/INVENTARIO,UNIDAD PAQUETE 7.5 TON,PAQUETE,Aire Acondicionado,1771
3374,Correctivo,ACAPULCO,HOSPITAL GENERAL DE ACAPULCO,YORK,6YPHBC-4,AW6847SEG,S/INVENTARIO,UNIDAD PAQUETE 7.5 TON,PAQUETE,Aire Acondicionado,1772
3375,Preventivo,ACAPULCO,HOSPITAL GENERAL DE ACAPULCO,YORK,6YPHBC-5,68F7H68D4FH,S/INVENTARIO,UNIDAD PAQUETE 7.5 TON,PAQUETE,Aire Acondicionado,1773
3376,Correctivo,ACAPULCO,HOSPITAL GENERAL DE ACAPULCO,YORK,6YPHBC-5,68F7H68D4FH,S/INVENTARIO,UNIDAD PAQUETE 7.5 TON,PAQUETE,Aire Acondicionado,1774
3377,Preventivo,ACAPULCO,HOSPITAL GENERAL DE ACAPULCO,YORK,6YPHBC-6,VN54CGH648,S/INVENTARIO,UNIDAD PAQUETE 7.5 TON,PAQUETE,Aire Acondicionado,1775
3378,Correctivo,ACAPULCO,HOSPITAL GENERAL DE ACAPULCO,YORK,6YPHBC-6,VN54CGH648,S/INVENTARIO,UNIDAD PAQUETE 7.5 TON,PAQUETE,Aire Acondicionado,1776
3379,Preventivo,ACAPULCO,HOSPITAL GENERAL DE ACAPULCO,YORK,6YPHBC-7,VG64FH64,S/INVENTARIO,UNIDAD PAQUETE 7.5 TON,PAQUETE,Aire Acondicionado,1777
3380,Correctivo,ACAPULCO,HOSPITAL GENERAL DE ACAPULCO,YORK,6YPHBC-7,VG64FH64,S/INVENTARIO,UNIDAD PAQUETE 7.5 TON,PAQUETE,Aire Acondicionado,1778
3381,Preventivo,ACAPULCO,HOSPITAL GENERAL DE ACAPULCO,YORK,20YPHYB,CF354GFX35,S/INVENTARIO,UNIDAD PAQUETE 7.5 TON,PAQUETE,Aire Acondicionado,1779
3382,Correctivo,ACAPULCO,HOSPITAL GENERAL DE ACAPULCO,YORK,20YPHYB,CF354GFX35,S/INVENTARIO,UNIDAD PAQUETE 7.5 TON,PAQUETE,Aire Acondicionado,1780
3383,Preventivo,ACAPULCO,HOSPITAL GENERAL DE ACAPULCO,YORK,20YPHYB,CFHC64GFJ315,S/INVENTARIO,MINISPLIT 1.5 TON,MINISPLIT,Aire Acondicionado,1781
3384,Correctivo,ACAPULCO,HOSPITAL GENERAL DE ACAPULCO,YORK,20YPHYB,CFHC64GFJ315,S/INVENTARIO,MINISPLIT 1.5 TON,MINISPLIT,Aire Acondicionado,1782
3385,Preventivo,ACAPULCO,HOSPITAL GENERAL DE ACAPULCO,YORK,8YPHBC-4,VGJ351CG3,S/INVENTARIO,MINISPLIT 1.5 TON,MINISPLIT,Aire Acondicionado,1783
3386,Correctivo,ACAPULCO,HOSPITAL GENERAL DE ACAPULCO,YORK,8YPHBC-4,VGJ351CG3,S/INVENTARIO,MINISPLIT 1.5 TON,MINISPLIT,Aire Acondicionado,1784
3387,Preventivo,ACAPULCO,HOSPITAL GENERAL DE ACAPULCO,YORK,8YPHBC-5,G64CFH14,S/INVENTARIO,MINISPLIT 1.5 TON,MINISPLIT,Aire Acondicionado,1785
3388,Correctivo,ACAPULCO,HOSPITAL GENERAL DE ACAPULCO,YORK,8YPHBC-5,G64CFH14,S/INVENTARIO,MINISPLIT 1.5 TON,MINISPLIT,Aire Acondicionado,1786
3389,Preventivo,ACAPULCO,HOSPITAL GENERAL DE ACAPULCO,YORK,10YPHBC-4,CFH34F31,S/INVENTARIO,MINISPLIT 1.5 TON,MINISPLIT,Aire Acondicionado,1787
3390,Correctivo,ACAPULCO,HOSPITAL GENERAL DE ACAPULCO,YORK,10YPHBC-4,CFH34F31,S/INVENTARIO,MINISPLIT 1.5 TON,MINISPLIT,Aire Acondicionado,1788
3391,Preventivo,ACAPULCO,HOSPITAL GENERAL DE ACAPULCO,MIRAGE,MINISPLIT 2T,FH654G,S/INVENTARIO,MINISPLIT 2.5 TON,MINISPLIT,Aire Acondicionado,1789
3392,Correctivo,ACAPULCO,HOSPITAL GENERAL DE ACAPULCO,MIRAGE,MINISPLIT 2T,FH654G,S/INVENTARIO,MINISPLIT 2.5 TON,MINISPLIT,Aire Acondicionado,1790
3393,Preventivo,ACAPULCO,HOSPITAL GENERAL DE ACAPULCO,MIRAGE,MINISPLIT 2T,JKJKKH61,S/INVENTARIO,MINISPLIT 1.5 TON,MINISPLIT,Aire Acondicionado,1791
3394,Correctivo,ACAPULCO,HOSPITAL GENERAL DE ACAPULCO,MIRAGE,MINISPLIT 2T,JKJKKH61,S/INVENTARIO,MINISPLIT 1.5 TON,MINISPLIT,Aire Acondicionado,1792
3395,Preventivo,ACAPULCO,HOSPITAL GENERAL DE ACAPULCO,DUVENTUS,MINISPLIT 2T,51HK64,S/INVENTARIO,MINISPLIT 1.5 TON,MINISPLIT,Aire Acondicionado,1793
3396,Correctivo,ACAPULCO,HOSPITAL GENERAL DE ACAPULCO,DUVENTUS,MINISPLIT 2T,51HK64,S/INVENTARIO,MINISPLIT 1.5 TON,MINISPLIT,Aire Acondicionado,1794
3397,Preventivo,ACAPULCO,HOSPITAL GENERAL DE ACAPULCO,YORK,MINISPLIT 2.5 TON,GH3HG13,S/INVENTARIO,MINISPLIT 2.5 TON,MINISPLIT,Aire Acondicionado,1795
3398,Correctivo,ACAPULCO,HOSPITAL GENERAL DE ACAPULCO,YORK,MINISPLIT 2.5 TON,GH3HG13,S/INVENTARIO,MINISPLIT 2.5 TON,MINISPLIT,Aire Acondicionado,1796
3399,Preventivo,ACAPULCO,HOSPITAL GENERAL DE ACAPULCO,YORK,MINISPLIT 2.5 TON,1GH3131,S/INVENTARIO,MINISPLIT 2.5 TON,MINISPLIT,Aire Acondicionado,1797
3400,Correctivo,ACAPULCO,HOSPITAL GENERAL DE ACAPULCO,YORK,MINISPLIT 2.5 TON,1GH3131,S/INVENTARIO,MINISPLIT 2.5 TON,MINISPLIT,Aire Acondicionado,1798
3401,Preventivo,ACAPULCO,HOSPITAL GENERAL DE ACAPULCO,YORK,MINISPLIT 1.5 TON,1JG31FJFG,S/INVENTARIO,MINISPLIT 1.5 TON,MINISPLIT,Aire Acondicionado,1799
3402,Correctivo,ACAPULCO,HOSPITAL GENERAL DE ACAPULCO,YORK,MINISPLIT 1.5 TON,1JG31FJFG,S/INVENTARIO,MINISPLIT 1.5 TON,MINISPLIT,Aire Acondicionado,1800
3403,Preventivo,ACAPULCO,HOSPITAL GENERAL DE ACAPULCO,MIRAGE,MINISPLIT 2.5T,351HJ351GJ,S/INVENTARIO,MINISPLIT 2.5T,MINISPLIT,Aire Acondicionado,1801
3404,Correctivo,ACAPULCO,HOSPITAL GENERAL DE ACAPULCO,MIRAGE,MINISPLIT 2.5T,351HJ351GJ,S/INVENTARIO,MINISPLIT 2.5T,MINISPLIT,Aire Acondicionado,1802
3405,Preventivo,ACAPULCO,HOSPITAL GENERAL DE ACAPULCO,MIRAGE,MINISPLIT 2.5T,ZERESF1654,S/INVENTARIO,MINISPLIT 2.5T,MINISPLIT,Aire Acondicionado,1803
3406,Correctivo,ACAPULCO,HOSPITAL GENERAL DE ACAPULCO,MIRAGE,MINISPLIT 2.5T,ZERESF1654,S/INVENTARIO,MINISPLIT 2.5T,MINISPLIT,Aire Acondicionado,1804
3407,Preventivo,ACAPULCO,HOSPITAL GENERAL DE ACAPULCO,MIRAGE,MINISPLIT 2.5T,351XGD684,S/INVENTARIO,MINISPLIT 2.5T,MINISPLIT,Aire Acondicionado,1805
3408,Correctivo,ACAPULCO,HOSPITAL GENERAL DE ACAPULCO,MIRAGE,MINISPLIT 2.5T,351XGD684,S/INVENTARIO,MINISPLIT 2.5T,MINISPLIT,Aire Acondicionado,1806
3409,Preventivo,ACAPULCO,HOSPITAL GENERAL DE ACAPULCO,MIRAGE,MINISPLIT 2.5T,DFH3156UG84J,S/INVENTARIO,MINISPLIT 2.5T,MINISPLIT,Aire Acondicionado,1807
3410,Correctivo,ACAPULCO,HOSPITAL GENERAL DE ACAPULCO,MIRAGE,MINISPLIT 2.5T,DFH3156UG84J,S/INVENTARIO,MINISPLIT 2.5T,MINISPLIT,Aire Acondicionado,1808
3411,Preventivo,ACAPULCO,HOSPITAL GENERAL DE ACAPULCO,MIRAGE,MINISPLIT 2.5T,D6FT45H68D4G,S/INVENTARIO,MINISPLIT 2.5T,MINISPLIT,Aire Acondicionado,1809
3412,Correctivo,ACAPULCO,HOSPITAL GENERAL DE ACAPULCO,MIRAGE,MINISPLIT 2.5T,D6FT45H68D4G,S/INVENTARIO,MINISPLIT 2.5T,MINISPLIT,Aire Acondicionado,1810
3413,Preventivo,ACAPULCO,HOSPITAL GENERAL DE ACAPULCO,MIDEA,MINISPLIT 2T,6F5G4H89,S/INVENTARIO,MINISPLIT 2T,MINISPLIT,Aire Acondicionado,1811
3414,Correctivo,ACAPULCO,HOSPITAL GENERAL DE ACAPULCO,MIDEA,MINISPLIT 2T,6F5G4H89,S/INVENTARIO,MINISPLIT 2T,MINISPLIT,Aire Acondicionado,1812
3415,Preventivo,ACAPULCO,HOSPITAL GENERAL DE ACAPULCO,MIDEA,MINISPLIT 2T,3C51FH65F84TY,S/INVENTARIO,MINISPLIT 2T,MINISPLIT,Aire Acondicionado,1813
3416,Correctivo,ACAPULCO,HOSPITAL GENERAL DE ACAPULCO,MIDEA,MINISPLIT 2T,3C51FH65F84TY,S/INVENTARIO,MINISPLIT 2T,MINISPLIT,Aire Acondicionado,1814
3417,Preventivo,ACAPULCO,HOSPITAL GENERAL DE ACAPULCO,MIDEA,MINISPLIT 2T,V4JH654G,S/INVENTARIO,MINISPLIT 2T,MINISPLIT,Aire Acondicionado,1815
3418,Correctivo,ACAPULCO,HOSPITAL GENERAL DE ACAPULCO,MIDEA,MINISPLIT 2T,V4JH654G,S/INVENTARIO,MINISPLIT 2T,MINISPLIT,Aire Acondicionado,1816
3419,Preventivo,ACAPULCO,HOSPITAL GENERAL DE ACAPULCO,MIDEA,MINISPLIT 2T,G3VH16GF,S/INVENTARIO,MINISPLIT 1.5 TON,MINISPLIT,Aire Acondicionado,1817
3420,Correctivo,ACAPULCO,HOSPITAL GENERAL DE ACAPULCO,MIDEA,MINISPLIT 2T,G3VH16GF,S/INVENTARIO,MINISPLIT 1.5 TON,MINISPLIT,Aire Acondicionado,1818
3421,Preventivo,ACAPULCO,HOSPITAL GENERAL DE ACAPULCO,MIDEA,MINISPLIT 2T,H6U5K4,S/INVENTARIO,MINISPLIT 1.5 TON,MINISPLIT,Aire Acondicionado,1819
3422,Correctivo,ACAPULCO,HOSPITAL GENERAL DE ACAPULCO,MIDEA,MINISPLIT 2T,H6U5K4,S/INVENTARIO,MINISPLIT 1.5 TON,MINISPLIT,Aire Acondicionado,1820
3423,Preventivo,ACAPULCO,HOSPITAL GENERAL DE ACAPULCO,MIDEA,MINISPLIT 2T,ZRE654,S/INVENTARIO,MINISPLIT 1.5 TON,MINISPLIT,Aire Acondicionado,1821
3424,Correctivo,ACAPULCO,HOSPITAL GENERAL DE ACAPULCO,MIDEA,MINISPLIT 2T,ZRE654,S/INVENTARIO,MINISPLIT 1.5 TON,MINISPLIT,Aire Acondicionado,1822
3425,Preventivo,ACAPULCO,HOSPITAL GENERAL DE ACAPULCO,YORK,POR CONDUCTOS,1GH64J,S/INVENTARIO,UMA 30 TON,UMA,Aire Acondicionado,1823
3426,Correctivo,ACAPULCO,HOSPITAL GENERAL DE ACAPULCO,YORK,POR CONDUCTOS,1GH64J,S/INVENTARIO,UMA 30 TON,UMA,Aire Acondicionado,1824
3427,Preventivo,ACAPULCO,HOSPITAL GENERAL DE ACAPULCO,YORK,POR CONDUCTOS,651XDF468Z4,S/INVENTARIO,UMA 30 TON,UMA,Aire Acondicionado,1825
3428,Correctivo,ACAPULCO,HOSPITAL GENERAL DE ACAPULCO,YORK,POR CONDUCTOS,651XDF468Z4,S/INVENTARIO,UMA 30 TON,UMA,Aire Acondicionado,1826
3429,Preventivo,ACAPULCO,HOSPITAL GENERAL DE ACAPULCO,YORK,POR CONDUCTOS,V64GJ98F7J4,S/INVENTARIO,UMA 30 TON,UMA,Aire Acondicionado,1827
3430,Correctivo,ACAPULCO,HOSPITAL GENERAL DE ACAPULCO,YORK,POR CONDUCTOS,V64GJ98F7J4,S/INVENTARIO,UMA 30 TON,UMA,Aire Acondicionado,1828
3431,Preventivo,ACAPULCO,HOSPITAL GENERAL DE ACAPULCO,MIRAGE,MINISPLIT 2.5T,54ZVD+,S/INVENTARIO,MINISPLIT 1.5 TON,MINISPLIT,Aire Acondicionado,1829
3432,Correctivo,ACAPULCO,HOSPITAL GENERAL DE ACAPULCO,MIRAGE,MINISPLIT 2.5T,54ZVD+,S/INVENTARIO,MINISPLIT 1.5 TON,MINISPLIT,Aire Acondicionado,1830
3433,Preventivo,ACAPULCO,HOSPITAL GENERAL DE ACAPULCO,MIRAGE,MINISPLIT 2.5T,G+654+5K,S/INVENTARIO,MINISPLIT 1.5 TON,MINISPLIT,Aire Acondicionado,1831
3434,Correctivo,ACAPULCO,HOSPITAL GENERAL DE ACAPULCO,MIRAGE,MINISPLIT 2.5T,G+654+5K,S/INVENTARIO,MINISPLIT 1.5 TON,MINISPLIT,Aire Acondicionado,1832
3435,Preventivo,ACAPULCO,HOSPITAL GENERAL DE ACAPULCO,MIRAGE,MINISPLIT 2.5T,1ILH684SG,S/INVENTARIO,MINISPLIT 2.5 TON,MINISPLIT,Aire Acondicionado,1833
3436,Correctivo,ACAPULCO,HOSPITAL GENERAL DE ACAPULCO,MIRAGE,MINISPLIT 2.5T,1ILH684SG,S/INVENTARIO,MINISPLIT 2.5 TON,MINISPLIT,Aire Acondicionado,1834
3437,Preventivo,ACAPULCO,HOSPITAL GENERAL DE ACAPULCO,MIRAGE,MINISPLIT 2.5T,ZDF6518GH4,S/INVENTARIO,MINISPLIT 2.0 TON,MINISPLIT,Aire Acondicionado,1835
3438,Correctivo,ACAPULCO,HOSPITAL GENERAL DE ACAPULCO,MIRAGE,MINISPLIT 2.5T,ZDF6518GH4,S/INVENTARIO,MINISPLIT 2.0 TON,MINISPLIT,Aire Acondicionado,1836
3439,Preventivo,ACAPULCO,HOSPITAL GENERAL DE ACAPULCO,YORK,UNIDAD MANEJADORA,HJGJ1N65X4DG,S/INVENTARIO,UMA 30 TON,UMA,Aire Acondicionado,1837
3440,Correctivo,ACAPULCO,HOSPITAL GENERAL DE ACAPULCO,YORK,UNIDAD MANEJADORA,HJGJ1N65X4DG,S/INVENTARIO,UMA 30 TON,UMA,Aire Acondicionado,1838
3441,Preventivo,ACAPULCO,HOSPITAL GENERAL DE ACAPULCO,YORK,UNIDAD MANEJADORA,98TU7H6,S/INVENTARIO,UMA 30 TON,UMA,Aire Acondicionado,1839
3442,Correctivo,ACAPULCO,HOSPITAL GENERAL DE ACAPULCO,YORK,UNIDAD MANEJADORA,98TU7H6,S/INVENTARIO,UMA 30 TON,UMA,Aire Acondicionado,1840
3443,Preventivo,ACAPULCO,HOSPITAL GENERAL DE ACAPULCO,MIRAGE,MINISPLIT 2.5T,C41BF98D,S/INVENTARIO,MINISPLIT 2.0 TON,MINISPLIT,Aire Acondicionado,1841
3444,Correctivo,ACAPULCO,HOSPITAL GENERAL DE ACAPULCO,MIRAGE,MINISPLIT 2.5T,C41BF98D,S/INVENTARIO,MINISPLIT 2.0 TON,MINISPLIT,Aire Acondicionado,1842
3445,Preventivo,ACAPULCO,HOSPITAL GENERAL DE ACAPULCO,MIRAGE,MINISPLIT 2.5T,21BVCGF648,S/INVENTARIO,MINISPLIT 2.5 TON,MINISPLIT,Aire Acondicionado,1843
3446,Correctivo,ACAPULCO,HOSPITAL GENERAL DE ACAPULCO,MIRAGE,MINISPLIT 2.5T,21BVCGF648,S/INVENTARIO,MINISPLIT 2.5 TON,MINISPLIT,Aire Acondicionado,1844
3447,Preventivo,ACAPULCO,HOSPITAL GENERAL DE ACAPULCO,MIRAGE,MINISPLIT 2.5T,897SE,S/INVENTARIO,MINISPLIT 2.5 TON,MINISPLIT,Aire Acondicionado,1845
3448,Correctivo,ACAPULCO,HOSPITAL GENERAL DE ACAPULCO,MIRAGE,MINISPLIT 2.5T,897SE,S/INVENTARIO,MINISPLIT 2.5 TON,MINISPLIT,Aire Acondicionado,1846
3449,Preventivo,ACAPULCO,HOSPITAL GENERAL DE ACAPULCO,MIRAGE,MINISPLIT 2.5T,64SZF54,S/INVENTARIO,MINISPLIT 2.5 TON,MINISPLIT,Aire Acondicionado,1847
3450,Correctivo,ACAPULCO,HOSPITAL GENERAL DE ACAPULCO,MIRAGE,MINISPLIT 2.5T,64SZF54,S/INVENTARIO,MINISPLIT 2.5 TON,MINISPLIT,Aire Acondicionado,1848
3451,Preventivo,ACAPULCO,HOSPITAL GENERAL DE ACAPULCO,MIRAGE,MINISPLIT 2.5T,321ZC354,S/INVENTARIO,MINISPLIT 2.5 TON,MINISPLIT,Aire Acondicionado,1849
3452,Correctivo,ACAPULCO,HOSPITAL GENERAL DE ACAPULCO,MIRAGE,MINISPLIT 2.5T,321ZC354,S/INVENTARIO,MINISPLIT 2.5 TON,MINISPLIT,Aire Acondicionado,1850
3453,Preventivo,ACAPULCO,HOSPITAL GENERAL DE ACAPULCO,MIRAGE,MINISPLIT 2.5T,687GK415,S/INVENTARIO,MINISPLIT 2.5 TON,MINISPLIT,Aire Acondicionado,1851
3454,Correctivo,ACAPULCO,HOSPITAL GENERAL DE ACAPULCO,MIRAGE,MINISPLIT 2.5T,687GK415,S/INVENTARIO,MINISPLIT 2.5 TON,MINISPLIT,Aire Acondicionado,1852
3455,Preventivo,ACAPULCO,HOSPITAL GENERAL DE ACAPULCO,YORK,MINISPLIT 2.5T,6HB4MC4,S/INVENTARIO,MINISPLIT 2.5 TON,MINISPLIT,Aire Acondicionado,1853
3456,Correctivo,ACAPULCO,HOSPITAL GENERAL DE ACAPULCO,YORK,MINISPLIT 2.5T,6HB4MC4,S/INVENTARIO,MINISPLIT 2.5 TON,MINISPLIT,Aire Acondicionado,1854
3457,Preventivo,ACAPULCO,HOSPITAL GENERAL DE ACAPULCO,MIRAGE,MINISPLIT 2.5T,AFVX4SF,S/INVENTARIO,MINISPLIT 2.5 TON,MINISPLIT,Aire Acondicionado,1855
3458,Correctivo,ACAPULCO,HOSPITAL GENERAL DE ACAPULCO,MIRAGE,MINISPLIT 2.5T,AFVX4SF,S/INVENTARIO,MINISPLIT 2.5 TON,MINISPLIT,Aire Acondicionado,1856
3459,Preventivo,ACAPULCO,HOSPITAL GENERAL DE ACAPULCO,MIRAGE,MINISPLIT 2.5T,4ZDFF6G4,S/INVENTARIO,MINISPLIT 2.5 TON,MINISPLIT,Aire Acondicionado,1857
3460,Correctivo,ACAPULCO,HOSPITAL GENERAL DE ACAPULCO,MIRAGE,MINISPLIT 2.5T,4ZDFF6G4,S/INVENTARIO,MINISPLIT 2.5 TON,MINISPLIT,Aire Acondicionado,1858
3461,Preventivo,ACAPULCO,HOSPITAL GENERAL DE ACAPULCO,MIRAGE,MINISPLIT 2.5T,65X4G,S/INVENTARIO,MINISPLIT 2.5 TON,MINISPLIT,Aire Acondicionado,1859
3462,Correctivo,ACAPULCO,HOSPITAL GENERAL DE ACAPULCO,MIRAGE,MINISPLIT 2.5T,65X4G,S/INVENTARIO,MINISPLIT 2.5 TON,MINISPLIT,Aire Acondicionado,1860
3463,Preventivo,ACAPULCO,HOSPITAL GENERAL DE ACAPULCO,TRANE,EAC300A4E0A 00000000,D8GH41,S/INVENTARIO,UNIDAD PAQUETE 5.5 TON,PAQUETE,Aire Acondicionado,1861
3464,Correctivo,ACAPULCO,HOSPITAL GENERAL DE ACAPULCO,TRANE,EAC300A4E0A 00000000,D8GH41,S/INVENTARIO,UNIDAD PAQUETE 5.5 TON,PAQUETE,Aire Acondicionado,1862
3465,Preventivo,ACAPULCO,HOSPITAL GENERAL DE ACAPULCO,TRANE,EAC300A4E0A 00000000,GKHV6541CBF,S/INVENTARIO,MINISPLIT 2.5 TON,MINISPLIT,Aire Acondicionado,1863
3466,Correctivo,ACAPULCO,HOSPITAL GENERAL DE ACAPULCO,TRANE,EAC300A4E0A 00000000,GKHV6541CBF,S/INVENTARIO,MINISPLIT 2.5 TON,MINISPLIT,Aire Acondicionado,1864
3467,Preventivo,ACAPULCO,HOSPITAL GENERAL DE ACAPULCO,YORK,YHFE24XTMDMH-RX,64J4CF,S/INVENTARIO,MINISPLIT 2.5 TON,MINISPLIT,Aire Acondicionado,1865
3468,Correctivo,ACAPULCO,HOSPITAL GENERAL DE ACAPULCO,YORK,YHFE24XTMDMH-RX,64J4CF,S/INVENTARIO,MINISPLIT 2.5 TON,MINISPLIT,Aire Acondicionado,1866
3469,Preventivo,ACAPULCO,HOSPITAL GENERAL DE ACAPULCO,YORK,YHFE24XTMDMH-RX,64HBJMNC,S/INVENTARIO,MINISPLIT 2.5 TON,MINISPLIT,Aire Acondicionado,1867
3470,Correctivo,ACAPULCO,HOSPITAL GENERAL DE ACAPULCO,YORK,YHFE24XTMDMH-RX,64HBJMNC,S/INVENTARIO,MINISPLIT 2.5 TON,MINISPLIT,Aire Acondicionado,1868
3471,Preventivo,ACAPULCO,HOSPITAL GENERAL DE ACAPULCO,YORK,YHFE24XTMDMH-RX,8971DFH645,S/INVENTARIO,MINISPLIT 2.5 TON,MINISPLIT,Aire Acondicionado,1869
3472,Correctivo,ACAPULCO,HOSPITAL GENERAL DE ACAPULCO,YORK,YHFE24XTMDMH-RX,8971DFH645,S/INVENTARIO,MINISPLIT 2.5 TON,MINISPLIT,Aire Acondicionado,1870
3473,Preventivo,ACAPULCO,HOSPITAL GENERAL DE ACAPULCO,YORK,YHFE24XTMDMH-RX,321XDG4768,S/INVENTARIO,MINISPLIT 2.5 TON,MINISPLIT,Aire Acondicionado,1871
3474,Correctivo,ACAPULCO,HOSPITAL GENERAL DE ACAPULCO,YORK,YHFE24XTMDMH-RX,321XDG4768,S/INVENTARIO,MINISPLIT 2.5 TON,MINISPLIT,Aire Acondicionado,1872
3475,Preventivo,ACAPULCO,HOSPITAL GENERAL DE ACAPULCO,YORK,YHFE24XTMDMH-RX,154GJH,S/INVENTARIO,MINISPLIT 2.5 TON,MINISPLIT,Aire Acondicionado,1873
3476,Correctivo,ACAPULCO,HOSPITAL GENERAL DE ACAPULCO,YORK,YHFE24XTMDMH-RX,154GJH,S/INVENTARIO,MINISPLIT 2.5 TON,MINISPLIT,Aire Acondicionado,1874
3477,Preventivo,ACAPULCO,HOSPITAL GENERAL DE ACAPULCO,YORK,YHFE24XTMDMH-RX,JBKMND6541,S/INVENTARIO,MINISPLIT 2.5 TON,MINISPLIT,Aire Acondicionado,1875
3478,Correctivo,ACAPULCO,HOSPITAL GENERAL DE ACAPULCO,YORK,YHFE24XTMDMH-RX,JBKMND6541,S/INVENTARIO,MINISPLIT 2.5 TON,MINISPLIT,Aire Acondicionado,1876
3479,Preventivo,ACAPULCO,HOSPITAL GENERAL DE ACAPULCO,YORK,YHFE24XTMDMH-RX,GJ46,S/INVENTARIO,MINISPLIT 2.5 TON,MINISPLIT,Aire Acondicionado,1877
3480,Correctivo,ACAPULCO,HOSPITAL GENERAL DE ACAPULCO,YORK,YHFE24XTMDMH-RX,GJ46,S/INVENTARIO,MINISPLIT 2.5 TON,MINISPLIT,Aire Acondicionado,1878
3481,Preventivo,ACAPULCO,HOSPITAL GENERAL DE ACAPULCO,YORK,YHFE24XTMDMH-RX,HMV4,S/INVENTARIO,UNIDAD PAQUETE 7.5 TON,PAQUETE,Aire Acondicionado,1879
3482,Correctivo,ACAPULCO,HOSPITAL GENERAL DE ACAPULCO,YORK,YHFE24XTMDMH-RX,HMV4,S/INVENTARIO,UNIDAD PAQUETE 7.5 TON,PAQUETE,Aire Acondicionado,1880
3483,Preventivo,ACAPULCO,HOSPITAL GENERAL DE ACAPULCO,YORK,YHFE24XTMDMH-RX,G41+,S/INVENTARIO,UNIDAD PAQUETE 7.5 TON,PAQUETE,Aire Acondicionado,1881
3484,Correctivo,ACAPULCO,HOSPITAL GENERAL DE ACAPULCO,YORK,YHFE24XTMDMH-RX,G41+,S/INVENTARIO,UNIDAD PAQUETE 7.5 TON,PAQUETE,Aire Acondicionado,1882
3485,Preventivo,ACAPULCO,HOSPITAL GENERAL DE ACAPULCO,YORK,YHFE24XTMDMH-RX,CF41H65D,S/INVENTARIO,UNIDAD PAQUETE 7.5 TON,PAQUETE,Aire Acondicionado,1883
3486,Correctivo,ACAPULCO,HOSPITAL GENERAL DE ACAPULCO,YORK,YHFE24XTMDMH-RX,CF41H65D,S/INVENTARIO,UNIDAD PAQUETE 7.5 TON,PAQUETE,Aire Acondicionado,1884
3487,Preventivo,ACAPULCO,HOSPITAL GENERAL DE ACAPULCO,YORK,YHFE24XTMDMH-RX,54XFG64,S/INVENTARIO,UNIDAD PAQUETE 7.5 TON,PAQUETE,Aire Acondicionado,1885
3488,Correctivo,ACAPULCO,HOSPITAL GENERAL DE ACAPULCO,YORK,YHFE24XTMDMH-RX,54XFG64,S/INVENTARIO,UNIDAD PAQUETE 7.5 TON,PAQUETE,Aire Acondicionado,1886
3489,Preventivo,ACAPULCO,HOSPITAL GENERAL DE ACAPULCO,YORK,YHFE24XTMDMH-RX,GJM4HJBMV546,S/INVENTARIO,UNIDAD PAQUETE 7.5 TON,PAQUETE,Aire Acondicionado,1887
3490,Correctivo,ACAPULCO,HOSPITAL GENERAL DE ACAPULCO,YORK,YHFE24XTMDMH-RX,GJM4HJBMV546,S/INVENTARIO,UNIDAD PAQUETE 7.5 TON,PAQUETE,Aire Acondicionado,1888
3491,Preventivo,ACAPULCO,HOSPITAL GENERAL DE ACAPULCO,YORK,YHFE24XTMDMH-RX,"HJ,684H",S/INVENTARIO,MINISPLIT 2.5 TON,MINISPLIT,Aire Acondicionado,1889
3492,Correctivo,ACAPULCO,HOSPITAL GENERAL DE ACAPULCO,YORK,YHFE24XTMDMH-RX,"HJ,684H",S/INVENTARIO,MINISPLIT 2.5 TON,MINISPLIT,Aire Acondicionado,1890
3493,Preventivo,ACAPULCO,HOSPITAL GENERAL DE ACAPULCO,YORK,YHFE24XTMDMH-RX,HJ64KM,S/INVENTARIO,MINISPLIT 2.0 TON,MINISPLIT,Aire Acondicionado,1891
3494,Correctivo,ACAPULCO,HOSPITAL GENERAL DE ACAPULCO,YORK,YHFE24XTMDMH-RX,HJ64KM,S/INVENTARIO,MINISPLIT 2.0 TON,MINISPLIT,Aire Acondicionado,1892
3495,Preventivo,ACAPULCO,HOSPITAL GENERAL DE ACAPULCO,YORK,YHFE24XTMDMH-RX,BM51V5,S/INVENTARIO,MINISPLIT 2.0 TON,MINISPLIT,Aire Acondicionado,1893
3496,Correctivo,ACAPULCO,HOSPITAL GENERAL DE ACAPULCO,YORK,YHFE24XTMDMH-RX,BM51V5,S/INVENTARIO,MINISPLIT 2.0 TON,MINISPLIT,Aire Acondicionado,1894
3497,Preventivo,ACAPULCO,HOSPITAL GENERAL DE ACAPULCO,YORK,YHFE24XTMDMH-RX,GH6M4,S/INVENTARIO,MINISPLIT 2.0 TON,MINISPLIT,Aire Acondicionado,1895
3498,Correctivo,ACAPULCO,HOSPITAL GENERAL DE ACAPULCO,YORK,YHFE24XTMDMH-RX,GH6M4,S/INVENTARIO,MINISPLIT 2.0 TON,MINISPLIT,Aire Acondicionado,1896
3499,Preventivo,ACAPULCO,HOSPITAL GENERAL DE ACAPULCO,YORK,YHFE24XTMDMH-RX,"MKLN,J 64",S/INVENTARIO,MINISPLIT 2.0 TON,MINISPLIT,Aire Acondicionado,1897
3500,Correctivo,ACAPULCO,HOSPITAL GENERAL DE ACAPULCO,YORK,YHFE24XTMDMH-RX,"MKLN,J 64",S/INVENTARIO,MINISPLIT 2.0 TON,MINISPLIT,Aire Acondicionado,1898
3501,Preventivo,ACAPULCO,HOSPITAL GENERAL DE ACAPULCO,YORK,YHFE24XTMDMH-RX,JK5B4MN+C,S/INVENTARIO,UNIDAD PAQUETE 7.5 TON,PAQUETE,Aire Acondicionado,1899
3502,Correctivo,ACAPULCO,HOSPITAL GENERAL DE ACAPULCO,YORK,YHFE24XTMDMH-RX,JK5B4MN+C,S/INVENTARIO,UNIDAD PAQUETE 7.5 TON,PAQUETE,Aire Acondicionado,1900
3503,Preventivo,ACAPULCO,HOSPITAL GENERAL DE ACAPULCO,YORK,YHFE24XTMDMH-RX,RFGSBD4,S/INVENTARIO,UNIDAD PAQUETE 7.5 TON,PAQUETE,Aire Acondicionado,1901
3504,Correctivo,ACAPULCO,HOSPITAL GENERAL DE ACAPULCO,YORK,YHFE24XTMDMH-RX,RFGSBD4,S/INVENTARIO,UNIDAD PAQUETE 7.5 TON,PAQUETE,Aire Acondicionado,1902
3505,Preventivo,ACAPULCO,HOSPITAL GENERAL DE ACAPULCO,YORK,YHFE24XTMDMH-RX,HGJV6N4,S/INVENTARIO,UNIDAD PAQUETE 7.5 TON,PAQUETE,Aire Acondicionado,1903
3506,Correctivo,ACAPULCO,HOSPITAL GENERAL DE ACAPULCO,YORK,YHFE24XTMDMH-RX,HGJV6N4,S/INVENTARIO,UNIDAD PAQUETE 7.5 TON,PAQUETE,Aire Acondicionado,1904
3507,Preventivo,ACAPULCO,HOSPITAL GENERAL DE ACAPULCO,YORK,YHFE24XTMDMH-RX,GV6J4N,S/INVENTARIO,UNIDAD PAQUETE 7.5 TON,PAQUETE,Aire Acondicionado,1905
3508,Correctivo,ACAPULCO,HOSPITAL GENERAL DE ACAPULCO,YORK,YHFE24XTMDMH-RX,GV6J4N,S/INVENTARIO,UNIDAD PAQUETE 7.5 TON,PAQUETE,Aire Acondicionado,1906
3509,Preventivo,ACAPULCO,HOSPITAL GENERAL DE ACAPULCO,YORK,YHFE24XTMDMH-RX,SD4465FHGH46,S/INVENTARIO,UNIDAD PAQUETE 7.5 TON,PAQUETE,Aire Acondicionado,1907
3510,Correctivo,ACAPULCO,HOSPITAL GENERAL DE ACAPULCO,YORK,YHFE24XTMDMH-RX,SD4465FHGH46,S/INVENTARIO,UNIDAD PAQUETE 7.5 TON,PAQUETE,Aire Acondicionado,1908
3511,Preventivo,ACAPULCO,HOSPITAL GENERAL DE ACAPULCO,YORK,YHFE24XTMDMH-RX,DFFG3151D531,S/INVENTARIO,MINISPLIT 2.0 TON,MINISPLIT,Aire Acondicionado,1909
3512,Correctivo,ACAPULCO,HOSPITAL GENERAL DE ACAPULCO,YORK,YHFE24XTMDMH-RX,DFFG3151D531,S/INVENTARIO,MINISPLIT 2.0 TON,MINISPLIT,Aire Acondicionado,1910
3025,Preventivo,ACAPULCO,INSTITUTO ESTATAL DE CANCEROLOGÍA DR ARTURO BELTRÁN ORTEGA,CARRIER,S/M,S/SERIE,1,MINISPLIT 2 TON,MINISPLIT,Aire Acondicionado,1911
3026,Correctivo,ACAPULCO,INSTITUTO ESTATAL DE CANCEROLOGÍA DR ARTURO BELTRÁN ORTEGA,CARRIER,S/M,S/SERIE,1,MINISPLIT 2 TON,MINISPLIT,Aire Acondicionado,1912
3027,Preventivo,ACAPULCO,INSTITUTO ESTATAL DE CANCEROLOGÍA DR ARTURO BELTRÁN ORTEGA,YORK,YCDJ48S41S1A,W1D4608570,2,MINISPLIT 5 TON,MINISPLIT,Aire Acondicionado,1913
3028,Correctivo,ACAPULCO,INSTITUTO ESTATAL DE CANCEROLOGÍA DR ARTURO BELTRÁN ORTEGA,YORK,YCDJ48S41S1A,W1D4608570,2,MINISPLIT 5 TON,MINISPLIT,Aire Acondicionado,1914
3029,Preventivo,ACAPULCO,INSTITUTO ESTATAL DE CANCEROLOGÍA DR ARTURO BELTRÁN ORTEGA,MIRAGE,S/M,S/SERIE,3,MINISPLIT 2 TON,MINISPLIT,Aire Acondicionado,1915
3030,Correctivo,ACAPULCO,INSTITUTO ESTATAL DE CANCEROLOGÍA DR ARTURO BELTRÁN ORTEGA,MIRAGE,S/M,S/SERIE,3,MINISPLIT 2 TON,MINISPLIT,Aire Acondicionado,1916
3031,Preventivo,ACAPULCO,INSTITUTO ESTATAL DE CANCEROLOGÍA DR ARTURO BELTRÁN ORTEGA,MIRAGE,S/M,S/SERIE,4,MINISPLIT 2 TON,MINISPLIT,Aire Acondicionado,1917
3032,Correctivo,ACAPULCO,INSTITUTO ESTATAL DE CANCEROLOGÍA DR ARTURO BELTRÁN ORTEGA,MIRAGE,S/M,S/SERIE,4,MINISPLIT 2 TON,MINISPLIT,Aire Acondicionado,1918
3033,Preventivo,ACAPULCO,INSTITUTO ESTATAL DE CANCEROLOGÍA DR ARTURO BELTRÁN ORTEGA,MIRAGE,ELF121H,ELF121H440442345618,5,MINISPLIT 1 TON,MINISPLIT,Aire Acondicionado,1919
3034,Correctivo,ACAPULCO,INSTITUTO ESTATAL DE CANCEROLOGÍA DR ARTURO BELTRÁN ORTEGA,MIRAGE,ELF121H,ELF121H440442345618,5,MINISPLIT 1 TON,MINISPLIT,Aire Acondicionado,1920
3035,Preventivo,ACAPULCO,INSTITUTO ESTATAL DE CANCEROLOGÍA DR ARTURO BELTRÁN ORTEGA,MABE,NO LEGIBLE,GER644FE354,6,MINISPLIT 1 TON,MINISPLIT,Aire Acondicionado,1921
3036,Correctivo,ACAPULCO,INSTITUTO ESTATAL DE CANCEROLOGÍA DR ARTURO BELTRÁN ORTEGA,MABE,NO LEGIBLE,GER644FE354,6,MINISPLIT 1 TON,MINISPLIT,Aire Acondicionado,1922
3037,Preventivo,ACAPULCO,INSTITUTO ESTATAL DE CANCEROLOGÍA DR ARTURO BELTRÁN ORTEGA,WHIRLPOOL,S/M,S/SERIE,7,MINISPLIT 2 TON,MINISPLIT,Aire Acondicionado,1923
3038,Correctivo,ACAPULCO,INSTITUTO ESTATAL DE CANCEROLOGÍA DR ARTURO BELTRÁN ORTEGA,WHIRLPOOL,S/M,S/SERIE,7,MINISPLIT 2 TON,MINISPLIT,Aire Acondicionado,1924
3039,Preventivo,ACAPULCO,INSTITUTO ESTATAL DE CANCEROLOGÍA DR ARTURO BELTRÁN ORTEGA,PRIME,CMPRC362-E3,S/SERIE,8,MINISPLIT 3 TON,MINISPLIT,Aire Acondicionado,1925
3040,Correctivo,ACAPULCO,INSTITUTO ESTATAL DE CANCEROLOGÍA DR ARTURO BELTRÁN ORTEGA,PRIME,CMPRC362-E3,S/SERIE,8,MINISPLIT 3 TON,MINISPLIT,Aire Acondicionado,1926
3041,Preventivo,ACAPULCO,INSTITUTO ESTATAL DE CANCEROLOGÍA DR ARTURO BELTRÁN ORTEGA,PRIME,CMPRC242-E3,S/SERIE,9,MINISPLIT 2 TON,MINISPLIT,Aire Acondicionado,1927
3042,Correctivo,ACAPULCO,INSTITUTO ESTATAL DE CANCEROLOGÍA DR ARTURO BELTRÁN ORTEGA,PRIME,CMPRC242-E3,S/SERIE,9,MINISPLIT 2 TON,MINISPLIT,Aire Acondicionado,1928
3043,Preventivo,ACAPULCO,INSTITUTO ESTATAL DE CANCEROLOGÍA DR ARTURO BELTRÁN ORTEGA,MABE,MMT12CDBWCAAXME8,ST22110874FMJ0765,10,MINISPLIT 1 TON,MINISPLIT,Aire Acondicionado,1929
3044,Correctivo,ACAPULCO,INSTITUTO ESTATAL DE CANCEROLOGÍA DR ARTURO BELTRÁN ORTEGA,MABE,MMT12CDBWCAAXME8,ST22110874FMJ0765,10,MINISPLIT 1 TON,MINISPLIT,Aire Acondicionado,1930
3045,Preventivo,ACAPULCO,INSTITUTO ESTATAL DE CANCEROLOGÍA DR ARTURO BELTRÁN ORTEGA,PRIME,EMPRC362-E2,G3011220549825180461,11,MINISPLIT 3 TON,MINISPLIT,Aire Acondicionado,1931
3046,Correctivo,ACAPULCO,INSTITUTO ESTATAL DE CANCEROLOGÍA DR ARTURO BELTRÁN ORTEGA,PRIME,EMPRC362-E2,G3011220549825180461,11,MINISPLIT 3 TON,MINISPLIT,Aire Acondicionado,1932
3047,Preventivo,ACAPULCO,INSTITUTO ESTATAL DE CANCEROLOGÍA DR ARTURO BELTRÁN ORTEGA,MIRAGE,CXF121F,240188769046704,12,MINISPLIT 1 TON,MINISPLIT,Aire Acondicionado,1933
3048,Correctivo,ACAPULCO,INSTITUTO ESTATAL DE CANCEROLOGÍA DR ARTURO BELTRÁN ORTEGA,MIRAGE,CXF121F,240188769046704,12,MINISPLIT 1 TON,MINISPLIT,Aire Acondicionado,1934
3049,Preventivo,ACAPULCO,INSTITUTO ESTATAL DE CANCEROLOGÍA DR ARTURO BELTRÁN ORTEGA,CARRIER,38TCC553AC,540H726520231080157,13,MINISPLIT 5 TON,MINISPLIT,Aire Acondicionado,1935
3050,Correctivo,ACAPULCO,INSTITUTO ESTATAL DE CANCEROLOGÍA DR ARTURO BELTRÁN ORTEGA,CARRIER,38TCC553AC,540H726520231080157,13,MINISPLIT 5 TON,MINISPLIT,Aire Acondicionado,1936
3051,Preventivo,ACAPULCO,INSTITUTO ESTATAL DE CANCEROLOGÍA DR ARTURO BELTRÁN ORTEGA,MIRAGE,CLF121H,CLF121H4402337670,14,MINISPLIT 1 TON,MINISPLIT,Aire Acondicionado,1937
3052,Correctivo,ACAPULCO,INSTITUTO ESTATAL DE CANCEROLOGÍA DR ARTURO BELTRÁN ORTEGA,MIRAGE,CLF121H,CLF121H4402337670,14,MINISPLIT 1 TON,MINISPLIT,Aire Acondicionado,1938
3053,Preventivo,ACAPULCO,INSTITUTO ESTATAL DE CANCEROLOGÍA DR ARTURO BELTRÁN ORTEGA,CARRIER,38TCC553AC,540H7265202310801571,15,MINISPLIT 5 TON,MINISPLIT,Aire Acondicionado,1939
3054,Correctivo,ACAPULCO,INSTITUTO ESTATAL DE CANCEROLOGÍA DR ARTURO BELTRÁN ORTEGA,CARRIER,38TCC553AC,540H7265202310801571,15,MINISPLIT 5 TON,MINISPLIT,Aire Acondicionado,1940
3055,Preventivo,ACAPULCO,INSTITUTO ESTATAL DE CANCEROLOGÍA DR ARTURO BELTRÁN ORTEGA,MIRAGE,CDF181T,CDG181T5140302284,16,MINISPLIT 2 TON,MINISPLIT,Aire Acondicionado,1941
3056,Correctivo,ACAPULCO,INSTITUTO ESTATAL DE CANCEROLOGÍA DR ARTURO BELTRÁN ORTEGA,MIRAGE,CDF181T,CDG181T5140302284,16,MINISPLIT 2 TON,MINISPLIT,Aire Acondicionado,1942
3057,Preventivo,ACAPULCO,INSTITUTO ESTATAL DE CANCEROLOGÍA DR ARTURO BELTRÁN ORTEGA,MIRAGE,S/M,S/SERIE,17,MINISPLIT 1 TON,MINISPLIT,Aire Acondicionado,1943
3058,Correctivo,ACAPULCO,INSTITUTO ESTATAL DE CANCEROLOGÍA DR ARTURO BELTRÁN ORTEGA,MIRAGE,S/M,S/SERIE,17,MINISPLIT 1 TON,MINISPLIT,Aire Acondicionado,1944
3059,Preventivo,ACAPULCO,INSTITUTO ESTATAL DE CANCEROLOGÍA DR ARTURO BELTRÁN ORTEGA,MIRAGE,CLF121H,CLF121H44042337620,18,MINISPLIT 1 TON,MINISPLIT,Aire Acondicionado,1945
3060,Correctivo,ACAPULCO,INSTITUTO ESTATAL DE CANCEROLOGÍA DR ARTURO BELTRÁN ORTEGA,MIRAGE,CLF121H,CLF121H44042337620,18,MINISPLIT 1 TON,MINISPLIT,Aire Acondicionado,1946
3061,Preventivo,ACAPULCO,INSTITUTO ESTATAL DE CANCEROLOGÍA DR ARTURO BELTRÁN ORTEGA,WHIRLPOOL,WAF3606Q,QK64252045,19,MINISPLIT 3 TON,MINISPLIT,Aire Acondicionado,1947
3062,Correctivo,ACAPULCO,INSTITUTO ESTATAL DE CANCEROLOGÍA DR ARTURO BELTRÁN ORTEGA,WHIRLPOOL,WAF3606Q,QK64252045,19,MINISPLIT 3 TON,MINISPLIT,Aire Acondicionado,1948
3063,Preventivo,ACAPULCO,INSTITUTO ESTATAL DE CANCEROLOGÍA DR ARTURO BELTRÁN ORTEGA,WHIRLPOOL,WAF3606Q,QK62150994,20,MINISPLIT 3 TON,MINISPLIT,Aire Acondicionado,1949
3064,Correctivo,ACAPULCO,INSTITUTO ESTATAL DE CANCEROLOGÍA DR ARTURO BELTRÁN ORTEGA,WHIRLPOOL,WAF3606Q,QK62150994,20,MINISPLIT 3 TON,MINISPLIT,Aire Acondicionado,1950
3065,Preventivo,ACAPULCO,INSTITUTO ESTATAL DE CANCEROLOGÍA DR ARTURO BELTRÁN ORTEGA,PRIME,S/M,SFF0WDL4GDR239001661,21,MINISPLIT 5 TON,MINISPLIT,Aire Acondicionado,1951
3066,Correctivo,ACAPULCO,INSTITUTO ESTATAL DE CANCEROLOGÍA DR ARTURO BELTRÁN ORTEGA,PRIME,S/M,SFF0WDL4GDR239001661,21,MINISPLIT 5 TON,MINISPLIT,Aire Acondicionado,1952
3067,Preventivo,ACAPULCO,INSTITUTO ESTATAL DE CANCEROLOGÍA DR ARTURO BELTRÁN ORTEGA,YORK,S/M,KA060 002DAP OF9AZPH 0002,22,MINISPLIT 5 TON,MINISPLIT,Aire Acondicionado,1953
3068,Correctivo,ACAPULCO,INSTITUTO ESTATAL DE CANCEROLOGÍA DR ARTURO BELTRÁN ORTEGA,YORK,S/M,KA060 002DAP OF9AZPH 0002,22,MINISPLIT 5 TON,MINISPLIT,Aire Acondicionado,1954
3069,Preventivo,ACAPULCO,INSTITUTO ESTATAL DE CANCEROLOGÍA DR ARTURO BELTRÁN ORTEGA,CARRIER,S/M,S/S,23,MINISPLIT 2 TON,MINISPLIT,Aire Acondicionado,1955
3070,Correctivo,ACAPULCO,INSTITUTO ESTATAL DE CANCEROLOGÍA DR ARTURO BELTRÁN ORTEGA,CARRIER,S/M,S/S,23,MINISPLIT 2 TON,MINISPLIT,Aire Acondicionado,1956
3071,Preventivo,ACAPULCO,INSTITUTO ESTATAL DE CANCEROLOGÍA DR ARTURO BELTRÁN ORTEGA,YORK,YUKN48BYXNMTH1,VKA048 00FLAP 0C49HPH 0002,24,MINISPLIT 5 TON,MINISPLIT,Aire Acondicionado,1957
3072,Correctivo,ACAPULCO,INSTITUTO ESTATAL DE CANCEROLOGÍA DR ARTURO BELTRÁN ORTEGA,YORK,YUKN48BYXNMTH1,VKA048 00FLAP 0C49HPH 0002,24,MINISPLIT 5 TON,MINISPLIT,Aire Acondicionado,1958
3073,Preventivo,ACAPULCO,INSTITUTO ESTATAL DE CANCEROLOGÍA DR ARTURO BELTRÁN ORTEGA,WHIRLPOOL,WAF3606Q,QK62351194,25,MINISPLIT 3 TON,MINISPLIT,Aire Acondicionado,1959
3074,Correctivo,ACAPULCO,INSTITUTO ESTATAL DE CANCEROLOGÍA DR ARTURO BELTRÁN ORTEGA,WHIRLPOOL,WAF3606Q,QK62351194,25,MINISPLIT 3 TON,MINISPLIT,Aire Acondicionado,1960
3075,Preventivo,ACAPULCO,INSTITUTO ESTATAL DE CANCEROLOGÍA DR ARTURO BELTRÁN ORTEGA,WHIRLPOOL,WAF3606Q,QK648525559,26,MINISPLIT 3 TON,MINISPLIT,Aire Acondicionado,1961
3076,Correctivo,ACAPULCO,INSTITUTO ESTATAL DE CANCEROLOGÍA DR ARTURO BELTRÁN ORTEGA,WHIRLPOOL,WAF3606Q,QK648525559,26,MINISPLIT 3 TON,MINISPLIT,Aire Acondicionado,1962
3077,Preventivo,ACAPULCO,INSTITUTO ESTATAL DE CANCEROLOGÍA DR ARTURO BELTRÁN ORTEGA,WHIRLPOOL,WAF3606Q,QK62351430,27,MINISPLIT 3 TON,MINISPLIT,Aire Acondicionado,1963
3078,Correctivo,ACAPULCO,INSTITUTO ESTATAL DE CANCEROLOGÍA DR ARTURO BELTRÁN ORTEGA,WHIRLPOOL,WAF3606Q,QK62351430,27,MINISPLIT 3 TON,MINISPLIT,Aire Acondicionado,1964
3079,Preventivo,ACAPULCO,INSTITUTO ESTATAL DE CANCEROLOGÍA DR ARTURO BELTRÁN ORTEGA,MIRAGE,CLF121Q,CLF121Q7081806411,28,MINISPLIT 1 TON,MINISPLIT,Aire Acondicionado,1965
3080,Correctivo,ACAPULCO,INSTITUTO ESTATAL DE CANCEROLOGÍA DR ARTURO BELTRÁN ORTEGA,MIRAGE,CLF121Q,CLF121Q7081806411,28,MINISPLIT 1 TON,MINISPLIT,Aire Acondicionado,1966
3081,Preventivo,ACAPULCO,INSTITUTO ESTATAL DE CANCEROLOGÍA DR ARTURO BELTRÁN ORTEGA,WHIRLPOOL,WAF3606Q,QK64852941,29,MINISPLIT 3 TON,MINISPLIT,Aire Acondicionado,1967
3082,Correctivo,ACAPULCO,INSTITUTO ESTATAL DE CANCEROLOGÍA DR ARTURO BELTRÁN ORTEGA,WHIRLPOOL,WAF3606Q,QK64852941,29,MINISPLIT 3 TON,MINISPLIT,Aire Acondicionado,1968
3083,Preventivo,ACAPULCO,INSTITUTO ESTATAL DE CANCEROLOGÍA DR ARTURO BELTRÁN ORTEGA,MIRAGE,CLF261Q,3406487970289-020150069,30,MINISPLIT 2 TON,MINISPLIT,Aire Acondicionado,1969
3084,Correctivo,ACAPULCO,INSTITUTO ESTATAL DE CANCEROLOGÍA DR ARTURO BELTRÁN ORTEGA,MIRAGE,CLF261Q,3406487970289-020150069,30,MINISPLIT 2 TON,MINISPLIT,Aire Acondicionado,1970
3085,Preventivo,ACAPULCO,INSTITUTO ESTATAL DE CANCEROLOGÍA DR ARTURO BELTRÁN ORTEGA,MABE,NO LEGIBLE,S/S,31,MINISPLIT 2 TON,MINISPLIT,Aire Acondicionado,1971
3086,Correctivo,ACAPULCO,INSTITUTO ESTATAL DE CANCEROLOGÍA DR ARTURO BELTRÁN ORTEGA,MABE,NO LEGIBLE,S/S,31,MINISPLIT 2 TON,MINISPLIT,Aire Acondicionado,1972
3087,Preventivo,ACAPULCO,INSTITUTO ESTATAL DE CANCEROLOGÍA DR ARTURO BELTRÁN ORTEGA,LG,FNPQ121A,71662700000-9,32,MINISPLIT 1 TON,MINISPLIT,Aire Acondicionado,1973
3088,Correctivo,ACAPULCO,INSTITUTO ESTATAL DE CANCEROLOGÍA DR ARTURO BELTRÁN ORTEGA,LG,FNPQ121A,71662700000-9,32,MINISPLIT 1 TON,MINISPLIT,Aire Acondicionado,1974
3089,Preventivo,ACAPULCO,INSTITUTO ESTATAL DE CANCEROLOGÍA DR ARTURO BELTRÁN ORTEGA,TRANE,TSC090F3E0A060,1412130441,33,MINISPLIT 7 TON,MINISPLIT,Aire Acondicionado,1975
3090,Correctivo,ACAPULCO,INSTITUTO ESTATAL DE CANCEROLOGÍA DR ARTURO BELTRÁN ORTEGA,TRANE,TSC090F3E0A060,1412130441,33,MINISPLIT 7 TON,MINISPLIT,Aire Acondicionado,1976
3091,Preventivo,ACAPULCO,INSTITUTO ESTATAL DE CANCEROLOGÍA DR ARTURO BELTRÁN ORTEGA,YORK,YNDA36FS-EDT,244202618110 3,34,UNIDAD PAQUETE 3 TON,PAQUETE,Aire Acondicionado,1977
3092,Correctivo,ACAPULCO,INSTITUTO ESTATAL DE CANCEROLOGÍA DR ARTURO BELTRÁN ORTEGA,YORK,YNDA36FS-EDT,244202618110 3,34,UNIDAD PAQUETE 3 TON,PAQUETE,Aire Acondicionado,1978
3093,Preventivo,ACAPULCO,INSTITUTO ESTATAL DE CANCEROLOGÍA DR ARTURO BELTRÁN ORTEGA,MABE,S/M,S/S,35,MINISPLIT 2 TON,MINISPLIT,Aire Acondicionado,1979
3094,Correctivo,ACAPULCO,INSTITUTO ESTATAL DE CANCEROLOGÍA DR ARTURO BELTRÁN ORTEGA,MABE,S/M,S/S,35,MINISPLIT 2 TON,MINISPLIT,Aire Acondicionado,1980
3095,Preventivo,ACAPULCO,INSTITUTO ESTATAL DE CANCEROLOGÍA DR ARTURO BELTRÁN ORTEGA,MIRAGE,CMF261N,34054609504,36,MINISPLIT 2 TON,MINISPLIT,Aire Acondicionado,1981
3096,Correctivo,ACAPULCO,INSTITUTO ESTATAL DE CANCEROLOGÍA DR ARTURO BELTRÁN ORTEGA,MIRAGE,CMF261N,34054609504,36,MINISPLIT 2 TON,MINISPLIT,Aire Acondicionado,1982
3097,Preventivo,ACAPULCO,INSTITUTO ESTATAL DE CANCEROLOGÍA DR ARTURO BELTRÁN ORTEGA,YORK,ZF15C00B2A1BAA1A1,N1K7115707,37,UMA 12 TON,UMA,Aire Acondicionado,1983
3098,Correctivo,ACAPULCO,INSTITUTO ESTATAL DE CANCEROLOGÍA DR ARTURO BELTRÁN ORTEGA,YORK,ZF15C00B2A1BAA1A1,N1K7115707,37,UMA 12 TON,UMA,Aire Acondicionado,1984
3099,Preventivo,ACAPULCO,INSTITUTO ESTATAL DE CANCEROLOGÍA DR ARTURO BELTRÁN ORTEGA,MIDEA,KCA120S4BN2Y,5612C10181,38,UMA 20 TON,UMA,Aire Acondicionado,1985
3100,Correctivo,ACAPULCO,INSTITUTO ESTATAL DE CANCEROLOGÍA DR ARTURO BELTRÁN ORTEGA,MIDEA,KCA120S4BN2Y,5612C10181,38,UMA 20 TON,UMA,Aire Acondicionado,1986
3101,Preventivo,ACAPULCO,INSTITUTO ESTATAL DE CANCEROLOGÍA DR ARTURO BELTRÁN ORTEGA,TRANE,TTA240E300AA,13372NPLTA,39,UMA 20 TON,UMA,Aire Acondicionado,1987
3102,Correctivo,ACAPULCO,INSTITUTO ESTATAL DE CANCEROLOGÍA DR ARTURO BELTRÁN ORTEGA,TRANE,TTA240E300AA,13372NPLTA,39,UMA 20 TON,UMA,Aire Acondicionado,1988
3103,Preventivo,ACAPULCO,INSTITUTO ESTATAL DE CANCEROLOGÍA DR ARTURO BELTRÁN ORTEGA,TRANE,MTZH06013XXB0,SFF0WDM9LSF035001701,40,UNIDAD PAQUETE 5 TON,PAQUETE,Aire Acondicionado,1989
3104,Correctivo,ACAPULCO,INSTITUTO ESTATAL DE CANCEROLOGÍA DR ARTURO BELTRÁN ORTEGA,TRANE,MTZH06013XXB0,SFF0WDM9LSF035001701,40,UNIDAD PAQUETE 5 TON,PAQUETE,Aire Acondicionado,1990
3105,Preventivo,ACAPULCO,INSTITUTO ESTATAL DE CANCEROLOGÍA DR ARTURO BELTRÁN ORTEGA,MIRAGE,CBF121T,CBF121T5130201025,41,MINISPLIT 1 TON,MINISPLIT,Aire Acondicionado,1991
3106,Correctivo,ACAPULCO,INSTITUTO ESTATAL DE CANCEROLOGÍA DR ARTURO BELTRÁN ORTEGA,MIRAGE,CBF121T,CBF121T5130201025,41,MINISPLIT 1 TON,MINISPLIT,Aire Acondicionado,1992
3107,Preventivo,ACAPULCO,INSTITUTO ESTATAL DE CANCEROLOGÍA DR ARTURO BELTRÁN ORTEGA,MIRAGE,CBF121T,CBF121T5121213269,42,MINISPLIT 1 TON,MINISPLIT,Aire Acondicionado,1993
3108,Correctivo,ACAPULCO,INSTITUTO ESTATAL DE CANCEROLOGÍA DR ARTURO BELTRÁN ORTEGA,MIRAGE,CBF121T,CBF121T5121213269,42,MINISPLIT 1 TON,MINISPLIT,Aire Acondicionado,1994
3109,Preventivo,ACAPULCO,INSTITUTO ESTATAL DE CANCEROLOGÍA DR ARTURO BELTRÁN ORTEGA,PRIME,EMPRC602-K,SIN ETIQUETA,43,MINISPLIT 5 TON,MINISPLIT,Aire Acondicionado,1995
3110,Correctivo,ACAPULCO,INSTITUTO ESTATAL DE CANCEROLOGÍA DR ARTURO BELTRÁN ORTEGA,PRIME,EMPRC602-K,SIN ETIQUETA,43,MINISPLIT 5 TON,MINISPLIT,Aire Acondicionado,1996
3111,Preventivo,ACAPULCO,INSTITUTO ESTATAL DE CANCEROLOGÍA DR ARTURO BELTRÁN ORTEGA,PRIME,EMPRC602-K,12HS6NNA00ZNA1300120,44,MINISPLIT 2 TON,MINISPLIT,Aire Acondicionado,1997
3112,Correctivo,ACAPULCO,INSTITUTO ESTATAL DE CANCEROLOGÍA DR ARTURO BELTRÁN ORTEGA,PRIME,EMPRC602-K,12HS6NNA00ZNA1300120,44,MINISPLIT 2 TON,MINISPLIT,Aire Acondicionado,1998
3113,Preventivo,ACAPULCO,INSTITUTO ESTATAL DE CANCEROLOGÍA DR ARTURO BELTRÁN ORTEGA,PRIME,EMPRC602-K,12HS6NNA00ZNA1300121,45,MINISPLIT 2 TON,MINISPLIT,Aire Acondicionado,1999
3114,Correctivo,ACAPULCO,INSTITUTO ESTATAL DE CANCEROLOGÍA DR ARTURO BELTRÁN ORTEGA,PRIME,EMPRC602-K,12HS6NNA00ZNA1300121,45,MINISPLIT 2 TON,MINISPLIT,Aire Acondicionado,2000
3115,Preventivo,ACAPULCO,INSTITUTO ESTATAL DE CANCEROLOGÍA DR ARTURO BELTRÁN ORTEGA,PRIME,EMPRC602-K,SIN ETIQUETA,46,MINISPLIT 2 TON,MINISPLIT,Aire Acondicionado,2001
3116,Correctivo,ACAPULCO,INSTITUTO ESTATAL DE CANCEROLOGÍA DR ARTURO BELTRÁN ORTEGA,PRIME,EMPRC602-K,SIN ETIQUETA,46,MINISPLIT 2 TON,MINISPLIT,Aire Acondicionado,2002
3117,Preventivo,ACAPULCO,INSTITUTO ESTATAL DE CANCEROLOGÍA DR ARTURO BELTRÁN ORTEGA,PRIME,EMPRC124,SIN ETIQUETA,47,MINISPLIT 1 TON,MINISPLIT,Aire Acondicionado,2003
3118,Correctivo,ACAPULCO,INSTITUTO ESTATAL DE CANCEROLOGÍA DR ARTURO BELTRÁN ORTEGA,PRIME,EMPRC124,SIN ETIQUETA,47,MINISPLIT 1 TON,MINISPLIT,Aire Acondicionado,2004
3119,Preventivo,ACAPULCO,INSTITUTO ESTATAL DE CANCEROLOGÍA DR ARTURO BELTRÁN ORTEGA,PRIME,EMPRC125,SIN ETIQUETA,48,MINISPLIT 1 TON,MINISPLIT,Aire Acondicionado,2005
3120,Correctivo,ACAPULCO,INSTITUTO ESTATAL DE CANCEROLOGÍA DR ARTURO BELTRÁN ORTEGA,PRIME,EMPRC125,SIN ETIQUETA,48,MINISPLIT 1 TON,MINISPLIT,Aire Acondicionado,2006
3121,Preventivo,ACAPULCO,INSTITUTO ESTATAL DE CANCEROLOGÍA DR ARTURO BELTRÁN ORTEGA,MABE,MMT24CDBWCAMI1,0011511821B,49,MINISPLIT 3 TON,MINISPLIT,Aire Acondicionado,2007
3122,Correctivo,ACAPULCO,INSTITUTO ESTATAL DE CANCEROLOGÍA DR ARTURO BELTRÁN ORTEGA,MABE,MMT24CDBWCAMI1,0011511821B,49,MINISPLIT 3 TON,MINISPLIT,Aire Acondicionado,2008
3123,Preventivo,ACAPULCO,INSTITUTO ESTATAL DE CANCEROLOGÍA DR ARTURO BELTRÁN ORTEGA,FREYVEN GREEN,FNPQ121A,71662700000-8,50,MINISPLIT 1 TON,MINISPLIT,Aire Acondicionado,2009
3124,Correctivo,ACAPULCO,INSTITUTO ESTATAL DE CANCEROLOGÍA DR ARTURO BELTRÁN ORTEGA,FREYVEN GREEN,FNPQ121A,71662700000-8,50,MINISPLIT 1 TON,MINISPLIT,Aire Acondicionado,2010
3125,Preventivo,ACAPULCO,INSTITUTO ESTATAL DE CANCEROLOGÍA DR ARTURO BELTRÁN ORTEGA,TRANE,CSAA008UAC00,K11C23677,51,UMA 15 TON,UMA,Aire Acondicionado,2011
3126,Correctivo,ACAPULCO,INSTITUTO ESTATAL DE CANCEROLOGÍA DR ARTURO BELTRÁN ORTEGA,TRANE,CSAA008UAC00,K11C23677,51,UMA 15 TON,UMA,Aire Acondicionado,2012
3127,Preventivo,ACAPULCO,INSTITUTO ESTATAL DE CANCEROLOGÍA DR ARTURO BELTRÁN ORTEGA,TRANE,CSAA008UAC00,K11C23768,52,UMA 20 TON,UMA,Aire Acondicionado,2013
3128,Correctivo,ACAPULCO,INSTITUTO ESTATAL DE CANCEROLOGÍA DR ARTURO BELTRÁN ORTEGA,TRANE,CSAA008UAC00,K11C23768,52,UMA 20 TON,UMA,Aire Acondicionado,2014
3129,Preventivo,ACAPULCO,INSTITUTO ESTATAL DE CANCEROLOGÍA DR ARTURO BELTRÁN ORTEGA,YORK,XT1-033X042,ACHM XT0224,53,UNIDAD PAQUETE 7.5 TON,PAQUETE,Aire Acondicionado,2015
3130,Correctivo,ACAPULCO,INSTITUTO ESTATAL DE CANCEROLOGÍA DR ARTURO BELTRÁN ORTEGA,YORK,XT1-033X042,ACHM XT0224,53,UNIDAD PAQUETE 7.5 TON,PAQUETE,Aire Acondicionado,2016
3131,Preventivo,ACAPULCO,INSTITUTO ESTATAL DE CANCEROLOGÍA DR ARTURO BELTRÁN ORTEGA,MIRAGE,S/M,S/SERIE,54,MINISPLIT 1 TON,MINISPLIT,Aire Acondicionado,2017
3132,Correctivo,ACAPULCO,INSTITUTO ESTATAL DE CANCEROLOGÍA DR ARTURO BELTRÁN ORTEGA,MIRAGE,S/M,S/SERIE,54,MINISPLIT 1 TON,MINISPLIT,Aire Acondicionado,2018
3133,Preventivo,ACAPULCO,INSTITUTO ESTATAL DE CANCEROLOGÍA DR ARTURO BELTRÁN ORTEGA,MIRAGE,CLF261Q,CLF261Q7011901938,55,MINISPLIT 2 TON,MINISPLIT,Aire Acondicionado,2019
3134,Correctivo,ACAPULCO,INSTITUTO ESTATAL DE CANCEROLOGÍA DR ARTURO BELTRÁN ORTEGA,MIRAGE,CLF261Q,CLF261Q7011901938,55,MINISPLIT 2 TON,MINISPLIT,Aire Acondicionado,2020
3135,Preventivo,ACAPULCO,INSTITUTO ESTATAL DE CANCEROLOGÍA DR ARTURO BELTRÁN ORTEGA,MIRAGE,TITANIUM,SIN ETIQUETA,56,MINISPLIT 1 TON,MINISPLIT,Aire Acondicionado,2021
3136,Correctivo,ACAPULCO,INSTITUTO ESTATAL DE CANCEROLOGÍA DR ARTURO BELTRÁN ORTEGA,MIRAGE,TITANIUM,SIN ETIQUETA,56,MINISPLIT 1 TON,MINISPLIT,Aire Acondicionado,2022
3137,Preventivo,ACAPULCO,INSTITUTO ESTATAL DE CANCEROLOGÍA DR ARTURO BELTRÁN ORTEGA,MIDEA,MSR-120R-N88,S/SERIE,57,MINISPLIT 1 TON,MINISPLIT,Aire Acondicionado,2023
3138,Correctivo,ACAPULCO,INSTITUTO ESTATAL DE CANCEROLOGÍA DR ARTURO BELTRÁN ORTEGA,MIDEA,MSR-120R-N88,S/SERIE,57,MINISPLIT 1 TON,MINISPLIT,Aire Acondicionado,2024
3139,Preventivo,ACAPULCO,INSTITUTO ESTATAL DE CANCEROLOGÍA DR ARTURO BELTRÁN ORTEGA,MIRAGE,CXF121D,S/SERIE,58,MINISPLIT 1 TON,MINISPLIT,Aire Acondicionado,2025
3140,Correctivo,ACAPULCO,INSTITUTO ESTATAL DE CANCEROLOGÍA DR ARTURO BELTRÁN ORTEGA,MIRAGE,CXF121D,S/SERIE,58,MINISPLIT 1 TON,MINISPLIT,Aire Acondicionado,2026
3141,Preventivo,ACAPULCO,INSTITUTO ESTATAL DE CANCEROLOGÍA DR ARTURO BELTRÁN ORTEGA,MIRAGE,CWF121E,CWF121E44122202401,59,MINISPLIT 1 TON,MINISPLIT,Aire Acondicionado,2027
3142,Correctivo,ACAPULCO,INSTITUTO ESTATAL DE CANCEROLOGÍA DR ARTURO BELTRÁN ORTEGA,MIRAGE,CWF121E,CWF121E44122202401,59,MINISPLIT 1 TON,MINISPLIT,Aire Acondicionado,2028
3143,Preventivo,ACAPULCO,INSTITUTO ESTATAL DE CANCEROLOGÍA DR ARTURO BELTRÁN ORTEGA,MIRAGE,S/M,S/SERIE,60,MINISPLIT 1 TON,MINISPLIT,Aire Acondicionado,2029
3144,Correctivo,ACAPULCO,INSTITUTO ESTATAL DE CANCEROLOGÍA DR ARTURO BELTRÁN ORTEGA,MIRAGE,S/M,S/SERIE,60,MINISPLIT 1 TON,MINISPLIT,Aire Acondicionado,2030
3145,Preventivo,ACAPULCO,INSTITUTO ESTATAL DE CANCEROLOGÍA DR ARTURO BELTRÁN ORTEGA,MABE,MMT12CDBWCAME2,ST21022121FMB0116,61,MINISPLIT 1 TON,MINISPLIT,Aire Acondicionado,2031
3146,Correctivo,ACAPULCO,INSTITUTO ESTATAL DE CANCEROLOGÍA DR ARTURO BELTRÁN ORTEGA,MABE,MMT12CDBWCAME2,ST21022121FMB0116,61,MINISPLIT 1 TON,MINISPLIT,Aire Acondicionado,2032
3147,Preventivo,ACAPULCO,INSTITUTO ESTATAL DE CANCEROLOGÍA DR ARTURO BELTRÁN ORTEGA,MIRAGE,CBF261T,CBF261T51212023379,62,MINISPLIT 2 TON,MINISPLIT,Aire Acondicionado,2033
3148,Correctivo,ACAPULCO,INSTITUTO ESTATAL DE CANCEROLOGÍA DR ARTURO BELTRÁN ORTEGA,MIRAGE,CBF261T,CBF261T51212023379,62,MINISPLIT 2 TON,MINISPLIT,Aire Acondicionado,2034
3149,Preventivo,ACAPULCO,INSTITUTO ESTATAL DE CANCEROLOGÍA DR ARTURO BELTRÁN ORTEGA,MIDEA,MSR-12CR-NB8,S/SERIE,63,MINISPLIT 1 TON,MINISPLIT,Aire Acondicionado,2035
3150,Correctivo,ACAPULCO,INSTITUTO ESTATAL DE CANCEROLOGÍA DR ARTURO BELTRÁN ORTEGA,MIDEA,MSR-12CR-NB8,S/SERIE,63,MINISPLIT 1 TON,MINISPLIT,Aire Acondicionado,2036
3151,Preventivo,ACAPULCO,INSTITUTO ESTATAL DE CANCEROLOGÍA DR ARTURO BELTRÁN ORTEGA,TRANE,S/M,S/SERIE,64,UMA 10 TON,UMA,Aire Acondicionado,2037
3152,Correctivo,ACAPULCO,INSTITUTO ESTATAL DE CANCEROLOGÍA DR ARTURO BELTRÁN ORTEGA,TRANE,S/M,S/SERIE,64,UMA 10 TON,UMA,Aire Acondicionado,2038
3153,Preventivo,ACAPULCO,INSTITUTO ESTATAL DE CANCEROLOGÍA DR ARTURO BELTRÁN ORTEGA,MIRAGE,CLF261Q,CLF261Q7011901941,65,MINISPLIT 1 TON,MINISPLIT,Aire Acondicionado,2039
3154,Correctivo,ACAPULCO,INSTITUTO ESTATAL DE CANCEROLOGÍA DR ARTURO BELTRÁN ORTEGA,MIRAGE,CLF261Q,CLF261Q7011901941,65,MINISPLIT 1 TON,MINISPLIT,Aire Acondicionado,2040
3155,Preventivo,ACAPULCO,INSTITUTO ESTATAL DE CANCEROLOGÍA DR ARTURO BELTRÁN ORTEGA,MIRAGE,CMPRC362-B,G6-9834444301180-1W,66,MINISPLIT 2 TON,MINISPLIT,Aire Acondicionado,2041
3156,Correctivo,ACAPULCO,INSTITUTO ESTATAL DE CANCEROLOGÍA DR ARTURO BELTRÁN ORTEGA,MIRAGE,CMPRC362-B,G6-9834444301180-1W,66,MINISPLIT 2 TON,MINISPLIT,Aire Acondicionado,2042
3157,Preventivo,ACAPULCO,INSTITUTO ESTATAL DE CANCEROLOGÍA DR ARTURO BELTRÁN ORTEGA,MIRAGE,CLF121D,540F629690225170840719,67,MINISPLIT 1 TON,MINISPLIT,Aire Acondicionado,2043
3158,Correctivo,ACAPULCO,INSTITUTO ESTATAL DE CANCEROLOGÍA DR ARTURO BELTRÁN ORTEGA,MIRAGE,CLF121D,540F629690225170840719,67,MINISPLIT 1 TON,MINISPLIT,Aire Acondicionado,2044
3159,Preventivo,ACAPULCO,INSTITUTO ESTATAL DE CANCEROLOGÍA DR ARTURO BELTRÁN ORTEGA,MIRAGE,S/M,S/SERIE,68,MINISPLIT 1 TON,MINISPLIT,Aire Acondicionado,2045
3160,Correctivo,ACAPULCO,INSTITUTO ESTATAL DE CANCEROLOGÍA DR ARTURO BELTRÁN ORTEGA,MIRAGE,S/M,S/SERIE,68,MINISPLIT 1 TON,MINISPLIT,Aire Acondicionado,2046
3161,Preventivo,ACAPULCO,INSTITUTO ESTATAL DE CANCEROLOGÍA DR ARTURO BELTRÁN ORTEGA,MIRAGE,CXF1210,S/SERIE,69,MINISPLIT 1 TON,MINISPLIT,Aire Acondicionado,2047
3162,Correctivo,ACAPULCO,INSTITUTO ESTATAL DE CANCEROLOGÍA DR ARTURO BELTRÁN ORTEGA,MIRAGE,CXF1210,S/SERIE,69,MINISPLIT 1 TON,MINISPLIT,Aire Acondicionado,2048
3163,Preventivo,ACAPULCO,INSTITUTO ESTATAL DE CANCEROLOGÍA DR ARTURO BELTRÁN ORTEGA,LG,S/M,S/S,70,MINISPLIT 1 TON,MINISPLIT,Aire Acondicionado,2049
3164,Correctivo,ACAPULCO,INSTITUTO ESTATAL DE CANCEROLOGÍA DR ARTURO BELTRÁN ORTEGA,LG,S/M,S/S,70,MINISPLIT 1 TON,MINISPLIT,Aire Acondicionado,2050
3165,Preventivo,ACAPULCO,INSTITUTO ESTATAL DE CANCEROLOGÍA DR ARTURO BELTRÁN ORTEGA,MABE,MMT12CDBWCAAXME8,ST23121474FMJ0174,71,MINISPLIT 1 TON,MINISPLIT,Aire Acondicionado,2051
3166,Correctivo,ACAPULCO,INSTITUTO ESTATAL DE CANCEROLOGÍA DR ARTURO BELTRÁN ORTEGA,MABE,MMT12CDBWCAAXME8,ST23121474FMJ0174,71,MINISPLIT 1 TON,MINISPLIT,Aire Acondicionado,2052
3167,Preventivo,ACAPULCO,INSTITUTO ESTATAL DE CANCEROLOGÍA DR ARTURO BELTRÁN ORTEGA,PRIME,CMPRC122-E,S/SERIE,72,MINISPLIT 1 TON,MINISPLIT,Aire Acondicionado,2053
3168,Correctivo,ACAPULCO,INSTITUTO ESTATAL DE CANCEROLOGÍA DR ARTURO BELTRÁN ORTEGA,PRIME,CMPRC122-E,S/SERIE,72,MINISPLIT 1 TON,MINISPLIT,Aire Acondicionado,2054
3169,Preventivo,ACAPULCO,INSTITUTO ESTATAL DE CANCEROLOGÍA DR ARTURO BELTRÁN ORTEGA,MABE,MMT12CDBWCAM2,0011511B21F,73,MINISPLIT 1 TON,MINISPLIT,Aire Acondicionado,2055
3170,Correctivo,ACAPULCO,INSTITUTO ESTATAL DE CANCEROLOGÍA DR ARTURO BELTRÁN ORTEGA,MABE,MMT12CDBWCAM2,0011511B21F,73,MINISPLIT 1 TON,MINISPLIT,Aire Acondicionado,2056
3171,Preventivo,ACAPULCO,INSTITUTO ESTATAL DE CANCEROLOGÍA DR ARTURO BELTRÁN ORTEGA,FREYVEN GREEN,38FVC243A-C,S/SERIE,74,MINISPLIT 2 TON,MINISPLIT,Aire Acondicionado,2057
3172,Correctivo,ACAPULCO,INSTITUTO ESTATAL DE CANCEROLOGÍA DR ARTURO BELTRÁN ORTEGA,FREYVEN GREEN,38FVC243A-C,S/SERIE,74,MINISPLIT 2 TON,MINISPLIT,Aire Acondicionado,2058
3173,Preventivo,ACAPULCO,INSTITUTO ESTATAL DE CANCEROLOGÍA DR ARTURO BELTRÁN ORTEGA,MIRAGE,CLF261Q,CLF261Q7091800953,75,MINISPLIT 2 TON,MINISPLIT,Aire Acondicionado,2059
3174,Correctivo,ACAPULCO,INSTITUTO ESTATAL DE CANCEROLOGÍA DR ARTURO BELTRÁN ORTEGA,MIRAGE,CLF261Q,CLF261Q7091800953,75,MINISPLIT 2 TON,MINISPLIT,Aire Acondicionado,2060
3175,Preventivo,ACAPULCO,INSTITUTO ESTATAL DE CANCEROLOGÍA DR ARTURO BELTRÁN ORTEGA,MIRAGE,2X1,S/SERIE,76,MINISPLIT 2 TON,MINISPLIT,Aire Acondicionado,2061
3176,Correctivo,ACAPULCO,INSTITUTO ESTATAL DE CANCEROLOGÍA DR ARTURO BELTRÁN ORTEGA,MIRAGE,2X1,S/SERIE,76,MINISPLIT 2 TON,MINISPLIT,Aire Acondicionado,2062
3177,Preventivo,ACAPULCO,INSTITUTO ESTATAL DE CANCEROLOGÍA DR ARTURO BELTRÁN ORTEGA,WHIRLPOOL,S/M,S/SERIE,77,MINISPLIT 1 TON,MINISPLIT,Aire Acondicionado,2063
3178,Correctivo,ACAPULCO,INSTITUTO ESTATAL DE CANCEROLOGÍA DR ARTURO BELTRÁN ORTEGA,WHIRLPOOL,S/M,S/SERIE,77,MINISPLIT 1 TON,MINISPLIT,Aire Acondicionado,2064
3179,Preventivo,ACAPULCO,INSTITUTO ESTATAL DE CANCEROLOGÍA DR ARTURO BELTRÁN ORTEGA,MIRAGE,CXF121F,240188769046706,78,MINISPLIT 1 TON,MINISPLIT,Aire Acondicionado,2065
3180,Correctivo,ACAPULCO,INSTITUTO ESTATAL DE CANCEROLOGÍA DR ARTURO BELTRÁN ORTEGA,MIRAGE,CXF121F,240188769046706,78,MINISPLIT 1 TON,MINISPLIT,Aire Acondicionado,2066
3181,Preventivo,ACAPULCO,INSTITUTO ESTATAL DE CANCEROLOGÍA DR ARTURO BELTRÁN ORTEGA,MIRAGE,CXF121F,S/SERIE,79,MINISPLIT 1 TON,MINISPLIT,Aire Acondicionado,2067
3182,Correctivo,ACAPULCO,INSTITUTO ESTATAL DE CANCEROLOGÍA DR ARTURO BELTRÁN ORTEGA,MIRAGE,CXF121F,S/SERIE,79,MINISPLIT 1 TON,MINISPLIT,Aire Acondicionado,2068
3183,Preventivo,ACAPULCO,INSTITUTO ESTATAL DE CANCEROLOGÍA DR ARTURO BELTRÁN ORTEGA,MIRAGE,CXF261D,S/SERIE,80,MINISPLIT 1 TON,MINISPLIT,Aire Acondicionado,2069
3184,Correctivo,ACAPULCO,INSTITUTO ESTATAL DE CANCEROLOGÍA DR ARTURO BELTRÁN ORTEGA,MIRAGE,CXF261D,S/SERIE,80,MINISPLIT 1 TON,MINISPLIT,Aire Acondicionado,2070
3185,Preventivo,ACAPULCO,INSTITUTO ESTATAL DE CANCEROLOGÍA DR ARTURO BELTRÁN ORTEGA,MIRAGE,S/M,S/SERIE,81,MINISPLIT 1 TON,MINISPLIT,Aire Acondicionado,2071
3186,Correctivo,ACAPULCO,INSTITUTO ESTATAL DE CANCEROLOGÍA DR ARTURO BELTRÁN ORTEGA,MIRAGE,S/M,S/SERIE,81,MINISPLIT 1 TON,MINISPLIT,Aire Acondicionado,2072
3187,Preventivo,ACAPULCO,INSTITUTO ESTATAL DE CANCEROLOGÍA DR ARTURO BELTRÁN ORTEGA,MIRAGE,CMF121E,CMF121E3405564300,82,MINISPLIT 1 TON,MINISPLIT,Aire Acondicionado,2073
3188,Correctivo,ACAPULCO,INSTITUTO ESTATAL DE CANCEROLOGÍA DR ARTURO BELTRÁN ORTEGA,MIRAGE,CMF121E,CMF121E3405564300,82,MINISPLIT 1 TON,MINISPLIT,Aire Acondicionado,2074
3189,Preventivo,ACAPULCO,INSTITUTO ESTATAL DE CANCEROLOGÍA DR ARTURO BELTRÁN ORTEGA,MIRAGE,CXF121F,240188769046706,83,MINISPLIT 2 TON,MINISPLIT,Aire Acondicionado,2075
3190,Correctivo,ACAPULCO,INSTITUTO ESTATAL DE CANCEROLOGÍA DR ARTURO BELTRÁN ORTEGA,MIRAGE,CXF121F,240188769046706,83,MINISPLIT 2 TON,MINISPLIT,Aire Acondicionado,2076
3191,Preventivo,ACAPULCO,INSTITUTO ESTATAL DE CANCEROLOGÍA DR ARTURO BELTRÁN ORTEGA,YORK,YHFFYC0,300002377,84,MINISPLIT 5 TON,MINISPLIT,Aire Acondicionado,2077
3192,Correctivo,ACAPULCO,INSTITUTO ESTATAL DE CANCEROLOGÍA DR ARTURO BELTRÁN ORTEGA,YORK,YHFFYC0,300002377,84,MINISPLIT 5 TON,MINISPLIT,Aire Acondicionado,2078
3193,Preventivo,ACAPULCO,INSTITUTO ESTATAL DE CANCEROLOGÍA DR ARTURO BELTRÁN ORTEGA,MABE,MMT12CDBWCAAXME8,ST22120674FMJ3370,85,MINISPLIT 3 TON,MINISPLIT,Aire Acondicionado,2079
3194,Correctivo,ACAPULCO,INSTITUTO ESTATAL DE CANCEROLOGÍA DR ARTURO BELTRÁN ORTEGA,MABE,MMT12CDBWCAAXME8,ST22120674FMJ3370,85,MINISPLIT 3 TON,MINISPLIT,Aire Acondicionado,2080
3195,Preventivo,ACAPULCO,INSTITUTO ESTATAL DE CANCEROLOGÍA DR ARTURO BELTRÁN ORTEGA,MIRAGE,S/M,S/SERIE,86,MINISPLIT 1 TON,MINISPLIT,Aire Acondicionado,2081
3196,Correctivo,ACAPULCO,INSTITUTO ESTATAL DE CANCEROLOGÍA DR ARTURO BELTRÁN ORTEGA,MIRAGE,S/M,S/SERIE,86,MINISPLIT 1 TON,MINISPLIT,Aire Acondicionado,2082
3197,Preventivo,ACAPULCO,INSTITUTO ESTATAL DE CANCEROLOGÍA DR ARTURO BELTRÁN ORTEGA,MABE,S/M,S/SERIE,87,MINISPLIT 2 TON,MINISPLIT,Aire Acondicionado,2083
3198,Correctivo,ACAPULCO,INSTITUTO ESTATAL DE CANCEROLOGÍA DR ARTURO BELTRÁN ORTEGA,MABE,S/M,S/SERIE,87,MINISPLIT 2 TON,MINISPLIT,Aire Acondicionado,2084
3199,Preventivo,ACAPULCO,INSTITUTO ESTATAL DE CANCEROLOGÍA DR ARTURO BELTRÁN ORTEGA,MIRAGE,ELF181H,ELF181H44122200528,88,MINISPLIT 2 TON,MINISPLIT,Aire Acondicionado,2085
3200,Correctivo,ACAPULCO,INSTITUTO ESTATAL DE CANCEROLOGÍA DR ARTURO BELTRÁN ORTEGA,MIRAGE,ELF181H,ELF181H44122200528,88,MINISPLIT 2 TON,MINISPLIT,Aire Acondicionado,2086
3201,Preventivo,ACAPULCO,INSTITUTO ESTATAL DE CANCEROLOGÍA DR ARTURO BELTRÁN ORTEGA,PRIME,EMPRN182-K,L-2022-T-2228-ID-03-0493,89,MINISPLIT 2 TON,MINISPLIT,Aire Acondicionado,2087
3202,Correctivo,ACAPULCO,INSTITUTO ESTATAL DE CANCEROLOGÍA DR ARTURO BELTRÁN ORTEGA,PRIME,EMPRN182-K,L-2022-T-2228-ID-03-0493,89,MINISPLIT 2 TON,MINISPLIT,Aire Acondicionado,2088
3203,Preventivo,ACAPULCO,INSTITUTO ESTATAL DE CANCEROLOGÍA DR ARTURO BELTRÁN ORTEGA,DAIKIN,CAHOO6GDAM,FB0U190201517,90,MINISPLIT 10 TON,MINISPLIT,Aire Acondicionado,2089
3204,Correctivo,ACAPULCO,INSTITUTO ESTATAL DE CANCEROLOGÍA DR ARTURO BELTRÁN ORTEGA,DAIKIN,CAHOO6GDAM,FB0U190201517,90,MINISPLIT 10 TON,MINISPLIT,Aire Acondicionado,2090
3205,Preventivo,ACAPULCO,INSTITUTO ESTATAL DE CANCEROLOGÍA DR ARTURO BELTRÁN ORTEGA,DAIKIN,CAHO013GDAM,FB0U190201536,91,MINISPLIT 10 TON,MINISPLIT,Aire Acondicionado,2091
3206,Correctivo,ACAPULCO,INSTITUTO ESTATAL DE CANCEROLOGÍA DR ARTURO BELTRÁN ORTEGA,DAIKIN,CAHO013GDAM,FB0U190201536,91,MINISPLIT 10 TON,MINISPLIT,Aire Acondicionado,2092
3207,Preventivo,ACAPULCO,INSTITUTO ESTATAL DE CANCEROLOGÍA DR ARTURO BELTRÁN ORTEGA,DAIKIN,GSX130361EF,1710431813,92,MINISPLIT 3 TON,MINISPLIT,Aire Acondicionado,2093
3208,Correctivo,ACAPULCO,INSTITUTO ESTATAL DE CANCEROLOGÍA DR ARTURO BELTRÁN ORTEGA,DAIKIN,GSX130361EF,1710431813,92,MINISPLIT 3 TON,MINISPLIT,Aire Acondicionado,2094
3209,Preventivo,ACAPULCO,INSTITUTO ESTATAL DE CANCEROLOGÍA DR ARTURO BELTRÁN ORTEGA,DUVENTUS,OVR9M361F001,0VR9M361FOO1020088,93,MINISPLIT 3 TON,MINISPLIT,Aire Acondicionado,2095
3210,Correctivo,ACAPULCO,INSTITUTO ESTATAL DE CANCEROLOGÍA DR ARTURO BELTRÁN ORTEGA,DUVENTUS,OVR9M361F001,0VR9M361FOO1020088,93,MINISPLIT 3 TON,MINISPLIT,Aire Acondicionado,2096
3211,Preventivo,ACAPULCO,INSTITUTO ESTATAL DE CANCEROLOGÍA DR ARTURO BELTRÁN ORTEGA,DAIKIN,RKS24AXVL,K000648,94,MINISPLIT 2 TON,MINISPLIT,Aire Acondicionado,2097
3212,Correctivo,ACAPULCO,INSTITUTO ESTATAL DE CANCEROLOGÍA DR ARTURO BELTRÁN ORTEGA,DAIKIN,RKS24AXVL,K000648,94,MINISPLIT 2 TON,MINISPLIT,Aire Acondicionado,2098
3213,Preventivo,ACAPULCO,INSTITUTO ESTATAL DE CANCEROLOGÍA DR ARTURO BELTRÁN ORTEGA,DAIKIN,MOIS-184036-CCU210A,S/SERIE,95,MINISPLIT 3 TON,MINISPLIT,Aire Acondicionado,2099
3214,Correctivo,ACAPULCO,INSTITUTO ESTATAL DE CANCEROLOGÍA DR ARTURO BELTRÁN ORTEGA,DAIKIN,MOIS-184036-CCU210A,S/SERIE,95,MINISPLIT 3 TON,MINISPLIT,Aire Acondicionado,2100
3215,Preventivo,ACAPULCO,INSTITUTO ESTATAL DE CANCEROLOGÍA DR ARTURO BELTRÁN ORTEGA,DAIKIN,RKS18SL216,S/SERIE,96,MINISPLIT 1.5 TON,MINISPLIT,Aire Acondicionado,2101
3216,Correctivo,ACAPULCO,INSTITUTO ESTATAL DE CANCEROLOGÍA DR ARTURO BELTRÁN ORTEGA,DAIKIN,RKS18SL216,S/SERIE,96,MINISPLIT 1.5 TON,MINISPLIT,Aire Acondicionado,2102
3217,Preventivo,ACAPULCO,INSTITUTO ESTATAL DE CANCEROLOGÍA DR ARTURO BELTRÁN ORTEGA,DAIKIN,S/M,S/SERIE,97,MINISPLIT 1.5 TON,MINISPLIT,Aire Acondicionado,2103
3218,Correctivo,ACAPULCO,INSTITUTO ESTATAL DE CANCEROLOGÍA DR ARTURO BELTRÁN ORTEGA,DAIKIN,S/M,S/SERIE,97,MINISPLIT 1.5 TON,MINISPLIT,Aire Acondicionado,2104
3219,Preventivo,ACAPULCO,INSTITUTO ESTATAL DE CANCEROLOGÍA DR ARTURO BELTRÁN ORTEGA,DAIKIN,GSX130361EF,1710431819,98,UNIDAD CASETE 3 TON,,Aire Acondicionado,2105
3220,Correctivo,ACAPULCO,INSTITUTO ESTATAL DE CANCEROLOGÍA DR ARTURO BELTRÁN ORTEGA,DAIKIN,GSX130361EF,1710431819,98,UNIDAD CASETE 3 TON,,Aire Acondicionado,2106
3221,Preventivo,ACAPULCO,INSTITUTO ESTATAL DE CANCEROLOGÍA DR ARTURO BELTRÁN ORTEGA,DAIKIN,GSX130361EF,1710431814,99,UNIDAD CASETE 3 TON,,Aire Acondicionado,2107
3222,Correctivo,ACAPULCO,INSTITUTO ESTATAL DE CANCEROLOGÍA DR ARTURO BELTRÁN ORTEGA,DAIKIN,GSX130361EF,1710431814,99,UNIDAD CASETE 3 TON,,Aire Acondicionado,2108
3223,Preventivo,ACAPULCO,INSTITUTO ESTATAL DE CANCEROLOGÍA DR ARTURO BELTRÁN ORTEGA,DAIKIN,DCC102XXX4VXXXAA,1812213726,100,UNIDAD PAQUETE 8.5 TON,PAQUETE,Aire Acondicionado,2109
3224,Correctivo,ACAPULCO,INSTITUTO ESTATAL DE CANCEROLOGÍA DR ARTURO BELTRÁN ORTEGA,DAIKIN,DCC102XXX4VXXXAA,1812213726,100,UNIDAD PAQUETE 8.5 TON,PAQUETE,Aire Acondicionado,2110
3225,Preventivo,ACAPULCO,INSTITUTO ESTATAL DE CANCEROLOGÍA DR ARTURO BELTRÁN ORTEGA,LG,SX122CL,503CTGW05199,101,MINISPLIT 1 TON,MINISPLIT,Aire Acondicionado,2111
3226,Correctivo,ACAPULCO,INSTITUTO ESTATAL DE CANCEROLOGÍA DR ARTURO BELTRÁN ORTEGA,LG,SX122CL,503CTGW05199,101,MINISPLIT 1 TON,MINISPLIT,Aire Acondicionado,2112
3227,Preventivo,ACAPULCO,INSTITUTO ESTATAL DE CANCEROLOGÍA DR ARTURO BELTRÁN ORTEGA,MIRAGE,CLC361N,540P578960346140150117,102,MINISPLIT 5 TON,MINISPLIT,Aire Acondicionado,2113
3228,Correctivo,ACAPULCO,INSTITUTO ESTATAL DE CANCEROLOGÍA DR ARTURO BELTRÁN ORTEGA,MIRAGE,CLC361N,540P578960346140150117,102,MINISPLIT 5 TON,MINISPLIT,Aire Acondicionado,2114
3229,Preventivo,ACAPULCO,INSTITUTO ESTATAL DE CANCEROLOGÍA DR ARTURO BELTRÁN ORTEGA,MIRAGE,CLC361N,540P578960346140150120,103,MINISPLIT 5 TON,MINISPLIT,Aire Acondicionado,2115
3230,Correctivo,ACAPULCO,INSTITUTO ESTATAL DE CANCEROLOGÍA DR ARTURO BELTRÁN ORTEGA,MIRAGE,CLC361N,540P578960346140150120,103,MINISPLIT 5 TON,MINISPLIT,Aire Acondicionado,2116
3231,Preventivo,ACAPULCO,INSTITUTO ESTATAL DE CANCEROLOGÍA DR ARTURO BELTRÁN ORTEGA,MIDEA,MRCT-200CWN1-D©,541J208870135110100013,104,PAQUETE DIVIDIDO 20 TON,PAQUETE,Aire Acondicionado,2117
3232,Correctivo,ACAPULCO,INSTITUTO ESTATAL DE CANCEROLOGÍA DR ARTURO BELTRÁN ORTEGA,MIDEA,MRCT-200CWN1-D©,541J208870135110100013,104,PAQUETE DIVIDIDO 20 TON,PAQUETE,Aire Acondicionado,2118
3233,Preventivo,ACAPULCO,INSTITUTO ESTATAL DE CANCEROLOGÍA DR ARTURO BELTRÁN ORTEGA,DAEWOO,CBDIC102D,S/S,105,MINISPLIT 1 TON,MINISPLIT,Aire Acondicionado,2119
3234,Correctivo,ACAPULCO,INSTITUTO ESTATAL DE CANCEROLOGÍA DR ARTURO BELTRÁN ORTEGA,DAEWOO,CBDIC102D,S/S,105,MINISPLIT 1 TON,MINISPLIT,Aire Acondicionado,2120
3235,Preventivo,ACAPULCO,INSTITUTO ESTATAL DE CANCEROLOGÍA DR ARTURO BELTRÁN ORTEGA,DAIKIN,S/M,S/S,106,MINISPLIT 5 TON,MINISPLIT,Aire Acondicionado,2121
3236,Correctivo,ACAPULCO,INSTITUTO ESTATAL DE CANCEROLOGÍA DR ARTURO BELTRÁN ORTEGA,DAIKIN,S/M,S/S,106,MINISPLIT 5 TON,MINISPLIT,Aire Acondicionado,2122
3237,Preventivo,ACAPULCO,INSTITUTO ESTATAL DE CANCEROLOGÍA DR ARTURO BELTRÁN ORTEGA,DAIKIN,S/M,S/S,107,MINISPLIT 5 TON,MINISPLIT,Aire Acondicionado,2123
3238,Correctivo,ACAPULCO,INSTITUTO ESTATAL DE CANCEROLOGÍA DR ARTURO BELTRÁN ORTEGA,DAIKIN,S/M,S/S,107,MINISPLIT 5 TON,MINISPLIT,Aire Acondicionado,2124
3239,Preventivo,ACAPULCO,INSTITUTO ESTATAL DE CANCEROLOGÍA DR ARTURO BELTRÁN ORTEGA,DAIKIN,S/M,S/S,108,MINISPLIT 5 TON,MINISPLIT,Aire Acondicionado,2125
3240,Correctivo,ACAPULCO,INSTITUTO ESTATAL DE CANCEROLOGÍA DR ARTURO BELTRÁN ORTEGA,DAIKIN,S/M,S/S,108,MINISPLIT 5 TON,MINISPLIT,Aire Acondicionado,2126
3241,Preventivo,ACAPULCO,INSTITUTO ESTATAL DE CANCEROLOGÍA DR ARTURO BELTRÁN ORTEGA,DAIKIN,S/M,S/S,109,MINISPLIT 3 TON,MINISPLIT,Aire Acondicionado,2127
3242,Correctivo,ACAPULCO,INSTITUTO ESTATAL DE CANCEROLOGÍA DR ARTURO BELTRÁN ORTEGA,DAIKIN,S/M,S/S,109,MINISPLIT 3 TON,MINISPLIT,Aire Acondicionado,2128
3243,Preventivo,ACAPULCO,INSTITUTO ESTATAL DE CANCEROLOGÍA DR ARTURO BELTRÁN ORTEGA,INTENSITY,IDCES240KF-3,340H176581032040100001,110,PAQUETE DIVIDIDO 20 TON,PAQUETE,Aire Acondicionado,2129
3244,Correctivo,ACAPULCO,INSTITUTO ESTATAL DE CANCEROLOGÍA DR ARTURO BELTRÁN ORTEGA,INTENSITY,IDCES240KF-3,340H176581032040100001,110,PAQUETE DIVIDIDO 20 TON,PAQUETE,Aire Acondicionado,2130
3245,Preventivo,ACAPULCO,INSTITUTO ESTATAL DE CANCEROLOGÍA DR ARTURO BELTRÁN ORTEGA,FREYVEN,38FVC243A-C,S/S,111,MINISPLIT 2 TON,MINISPLIT,Aire Acondicionado,2131
3246,Correctivo,ACAPULCO,INSTITUTO ESTATAL DE CANCEROLOGÍA DR ARTURO BELTRÁN ORTEGA,FREYVEN,38FVC243A-C,S/S,111,MINISPLIT 2 TON,MINISPLIT,Aire Acondicionado,2132
3247,Preventivo,ACAPULCO,INSTITUTO ESTATAL DE CANCEROLOGÍA DR ARTURO BELTRÁN ORTEGA,CARRIER,50ZPX24M-5A-1,540V2417301A4240100011,112,PAQUETE DIVIDIDO 20 TON,PAQUETE,Aire Acondicionado,2133
3248,Correctivo,ACAPULCO,INSTITUTO ESTATAL DE CANCEROLOGÍA DR ARTURO BELTRÁN ORTEGA,CARRIER,50ZPX24M-5A-1,540V2417301A4240100011,112,PAQUETE DIVIDIDO 20 TON,PAQUETE,Aire Acondicionado,2134
2943,Preventivo,ACAPULCO,INSTITUTO ESTATAL DE OFTALMOLOGÍA,MIRAGE,ELF120D,540F930380226240830697,2295-1,UNIDAD PAQUETE 7.5 TON,PAQUETE,Aire Acondicionado,2135
2944,Correctivo,ACAPULCO,INSTITUTO ESTATAL DE OFTALMOLOGÍA,MIRAGE,ELF120D,540F930380226240830697,2295-1,UNIDAD PAQUETE 7.5 TON,PAQUETE,Aire Acondicionado,2136
2945,Preventivo,ACAPULCO,INSTITUTO ESTATAL DE OFTALMOLOGÍA,YORK,YHFE12YJMAXAO-RX,2020116020030008-1,2247,MINISPLIT 1.5 TON,MINISPLIT,Aire Acondicionado,2137
2946,Correctivo,ACAPULCO,INSTITUTO ESTATAL DE OFTALMOLOGÍA,YORK,YHFE12YJMAXAO-RX,2020116020030008-1,2247,MINISPLIT 1.5 TON,MINISPLIT,Aire Acondicionado,2138
2947,Preventivo,ACAPULCO,INSTITUTO ESTATAL DE OFTALMOLOGÍA,YORK,YHFE12XJMAXA-RX,SERIE 2020023432004000487,2246,MINISPLIT 1.5 TON,MINISPLIT,Aire Acondicionado,2139
2948,Correctivo,ACAPULCO,INSTITUTO ESTATAL DE OFTALMOLOGÍA,YORK,YHFE12XJMAXA-RX,SERIE 2020023432004000487,2246,MINISPLIT 1.5 TON,MINISPLIT,Aire Acondicionado,2140
2949,Preventivo,ACAPULCO,INSTITUTO ESTATAL DE OFTALMOLOGÍA,YORK,YHFF12XHMDHU-RX,SERIE 100001760250300525,S/C,MINISPLIT 1 TON,MINISPLIT,Aire Acondicionado,2141
2950,Correctivo,ACAPULCO,INSTITUTO ESTATAL DE OFTALMOLOGÍA,YORK,YHFF12XHMDHU-RX,SERIE 100001760250300525,S/C,MINISPLIT 1 TON,MINISPLIT,Aire Acondicionado,2142
2951,Preventivo,ACAPULCO,INSTITUTO ESTATAL DE OFTALMOLOGÍA,YORK,YHFE12XJMAXA-RX,202013321811010-63,2238,MINISPLIT 1.5 TON,MINISPLIT,Aire Acondicionado,2143
2952,Correctivo,ACAPULCO,INSTITUTO ESTATAL DE OFTALMOLOGÍA,YORK,YHFE12XJMAXA-RX,202013321811010-63,2238,MINISPLIT 1.5 TON,MINISPLIT,Aire Acondicionado,2144
2953,Preventivo,ACAPULCO,INSTITUTO ESTATAL DE OFTALMOLOGÍA,YORK,YHFE12XJMAXAX-RX,SERIE 0202012638180201534,2225,MINISPLIT 1.5 TON,MINISPLIT,Aire Acondicionado,2145
2954,Correctivo,ACAPULCO,INSTITUTO ESTATAL DE OFTALMOLOGÍA,YORK,YHFE12XJMAXAX-RX,SERIE 0202012638180201534,2225,MINISPLIT 1.5 TON,MINISPLIT,Aire Acondicionado,2146
2955,Preventivo,ACAPULCO,INSTITUTO ESTATAL DE OFTALMOLOGÍA,YORK,YH9FX612BAH-FX,S: 100001467170903003,2211,MINISPLIT 1.5 TON,MINISPLIT,Aire Acondicionado,2147
2956,Correctivo,ACAPULCO,INSTITUTO ESTATAL DE OFTALMOLOGÍA,YORK,YH9FX612BAH-FX,S: 100001467170903003,2211,MINISPLIT 1.5 TON,MINISPLIT,Aire Acondicionado,2148
2957,Preventivo,ACAPULCO,INSTITUTO ESTATAL DE OFTALMOLOGÍA,YORK,YH9FXC12BAH,S:100001467171001202,2210,MINISPLIT 1.5 TON,MINISPLIT,Aire Acondicionado,2149
2958,Correctivo,ACAPULCO,INSTITUTO ESTATAL DE OFTALMOLOGÍA,YORK,YH9FXC12BAH,S:100001467171001202,2210,MINISPLIT 1.5 TON,MINISPLIT,Aire Acondicionado,2150
2959,Preventivo,ACAPULCO,INSTITUTO ESTATAL DE OFTALMOLOGÍA,MIRAGE,EXF12IF-KS,EXF121F7051710744,2209,UNIDAD PAQUETE 5.5 TON,PAQUETE,Aire Acondicionado,2151
2960,Correctivo,ACAPULCO,INSTITUTO ESTATAL DE OFTALMOLOGÍA,MIRAGE,EXF12IF-KS,EXF121F7051710744,2209,UNIDAD PAQUETE 5.5 TON,PAQUETE,Aire Acondicionado,2152
2961,Preventivo,ACAPULCO,INSTITUTO ESTATAL DE OFTALMOLOGÍA,YORK,YH9FXC18BAH-FX,SERIE 100001298170500088,2195,MINISPLIT 1.5 TON,MINISPLIT,Aire Acondicionado,2153
2962,Correctivo,ACAPULCO,INSTITUTO ESTATAL DE OFTALMOLOGÍA,YORK,YH9FXC18BAH-FX,SERIE 100001298170500088,2195,MINISPLIT 1.5 TON,MINISPLIT,Aire Acondicionado,2154
2963,Preventivo,ACAPULCO,INSTITUTO ESTATAL DE OFTALMOLOGÍA,YORK,YSDA18FS-ADK,10000115317040002-1,2194,MINISPLIT 1.5 TON,MINISPLIT,Aire Acondicionado,2155
2964,Correctivo,ACAPULCO,INSTITUTO ESTATAL DE OFTALMOLOGÍA,YORK,YSDA18FS-ADK,10000115317040002-1,2194,MINISPLIT 1.5 TON,MINISPLIT,Aire Acondicionado,2156
2965,Preventivo,ACAPULCO,INSTITUTO ESTATAL DE OFTALMOLOGÍA,YORK,YSEA12FS-ADK,SERIE 100001678150490290,2092,MINISPLIT 1.5 TON,MINISPLIT,Aire Acondicionado,2157
2966,Correctivo,ACAPULCO,INSTITUTO ESTATAL DE OFTALMOLOGÍA,YORK,YSEA12FS-ADK,SERIE 100001678150490290,2092,MINISPLIT 1.5 TON,MINISPLIT,Aire Acondicionado,2158
2967,Preventivo,ACAPULCO,INSTITUTO ESTATAL DE OFTALMOLOGÍA,YORK,YSEA18FS-ADK,SERIE 100001996150570496,2091,MINISPLIT 1.5 TON,MINISPLIT,Aire Acondicionado,2159
2968,Correctivo,ACAPULCO,INSTITUTO ESTATAL DE OFTALMOLOGÍA,YORK,YSEA18FS-ADK,SERIE 100001996150570496,2091,MINISPLIT 1.5 TON,MINISPLIT,Aire Acondicionado,2160
2969,Preventivo,ACAPULCO,INSTITUTO ESTATAL DE OFTALMOLOGÍA,YORK,YHFFXCO36BBA-FX,S:300001935140300254,2031,MINISPLIT 1.5 TON,MINISPLIT,Aire Acondicionado,2161
2970,Correctivo,ACAPULCO,INSTITUTO ESTATAL DE OFTALMOLOGÍA,YORK,YHFFXCO36BBA-FX,S:300001935140300254,2031,MINISPLIT 1.5 TON,MINISPLIT,Aire Acondicionado,2162
2971,Preventivo,ACAPULCO,INSTITUTO ESTATAL DE OFTALMOLOGÍA,YORK,YSEA18FS-ADK,S:100001323140401221,2030,MINISPLIT 2.5 TON,MINISPLIT,Aire Acondicionado,2163
2972,Correctivo,ACAPULCO,INSTITUTO ESTATAL DE OFTALMOLOGÍA,YORK,YSEA18FS-ADK,S:100001323140401221,2030,MINISPLIT 2.5 TON,MINISPLIT,Aire Acondicionado,2164
2973,Preventivo,ACAPULCO,INSTITUTO ESTATAL DE OFTALMOLOGÍA,YORK,YSEA18FS-ADK,S:100001323140401444,2029,MINISPLIT 2.5 TON,MINISPLIT,Aire Acondicionado,2165
2974,Correctivo,ACAPULCO,INSTITUTO ESTATAL DE OFTALMOLOGÍA,YORK,YSEA18FS-ADK,S:100001323140401444,2029,MINISPLIT 2.5 TON,MINISPLIT,Aire Acondicionado,2166
2975,Preventivo,ACAPULCO,INSTITUTO ESTATAL DE OFTALMOLOGÍA,YORK,YHFF12XHMDHU-RX,S:100001760250300837,S/C,MINISPLIT 1.5 TON,MINISPLIT,Aire Acondicionado,2167
2976,Correctivo,ACAPULCO,INSTITUTO ESTATAL DE OFTALMOLOGÍA,YORK,YHFF12XHMDHU-RX,S:100001760250300837,S/C,MINISPLIT 1.5 TON,MINISPLIT,Aire Acondicionado,2168
2977,Preventivo,ACAPULCO,INSTITUTO ESTATAL DE OFTALMOLOGÍA,YORK,YSDA12F-ADK,S:100001323140500843,2027,MINISPLIT 1.5 TON,MINISPLIT,Aire Acondicionado,2169
2978,Correctivo,ACAPULCO,INSTITUTO ESTATAL DE OFTALMOLOGÍA,YORK,YSDA12F-ADK,S:100001323140500843,2027,MINISPLIT 1.5 TON,MINISPLIT,Aire Acondicionado,2170
2979,Preventivo,ACAPULCO,INSTITUTO ESTATAL DE OFTALMOLOGÍA,YORK,YSDA12F-ADK,S:100002323140500187,2026,MINISPLIT 1.5 TON,MINISPLIT,Aire Acondicionado,2171
2980,Correctivo,ACAPULCO,INSTITUTO ESTATAL DE OFTALMOLOGÍA,YORK,YSDA12F-ADK,S:100002323140500187,2026,MINISPLIT 1.5 TON,MINISPLIT,Aire Acondicionado,2172
2981,Preventivo,ACAPULCO,INSTITUTO ESTATAL DE OFTALMOLOGÍA,YORK,YSEA12FS-ADK,SERIE 100001933140330413,2025,MINISPLIT 1.5 TON,MINISPLIT,Aire Acondicionado,2173
2982,Correctivo,ACAPULCO,INSTITUTO ESTATAL DE OFTALMOLOGÍA,YORK,YSEA12FS-ADK,SERIE 100001933140330413,2025,MINISPLIT 1.5 TON,MINISPLIT,Aire Acondicionado,2174
2983,Preventivo,ACAPULCO,INSTITUTO ESTATAL DE OFTALMOLOGÍA,YORK,YSEA12FS-ADK,S;100001684120404061,2024,MINISPLIT 2.0 TON,MINISPLIT,Aire Acondicionado,2175
2984,Correctivo,ACAPULCO,INSTITUTO ESTATAL DE OFTALMOLOGÍA,YORK,YSEA12FS-ADK,S;100001684120404061,2024,MINISPLIT 2.0 TON,MINISPLIT,Aire Acondicionado,2176
2985,Preventivo,ACAPULCO,INSTITUTO ESTATAL DE OFTALMOLOGÍA,YORK,YSEA12FS-ADK,S:100001323140500840,2023,MINISPLIT 1.5 TON,MINISPLIT,Aire Acondicionado,2177
2986,Correctivo,ACAPULCO,INSTITUTO ESTATAL DE OFTALMOLOGÍA,YORK,YSEA12FS-ADK,S:100001323140500840,2023,MINISPLIT 1.5 TON,MINISPLIT,Aire Acondicionado,2178
2987,Preventivo,ACAPULCO,INSTITUTO ESTATAL DE OFTALMOLOGÍA,YORK,YSEA12FS-ADK,S:100001323140500826,2022,MINISPLIT 1.5 TON,MINISPLIT,Aire Acondicionado,2179
2988,Correctivo,ACAPULCO,INSTITUTO ESTATAL DE OFTALMOLOGÍA,YORK,YSEA12FS-ADK,S:100001323140500826,2022,MINISPLIT 1.5 TON,MINISPLIT,Aire Acondicionado,2180
2989,Preventivo,ACAPULCO,INSTITUTO ESTATAL DE OFTALMOLOGÍA,YORK,YSEA12FS-ADK,S:100001323140500853,1992,MINISPLIT 1.5 TON,MINISPLIT,Aire Acondicionado,2181
2990,Correctivo,ACAPULCO,INSTITUTO ESTATAL DE OFTALMOLOGÍA,YORK,YSEA12FS-ADK,S:100001323140500853,1992,MINISPLIT 1.5 TON,MINISPLIT,Aire Acondicionado,2182
2991,Preventivo,ACAPULCO,INSTITUTO ESTATAL DE OFTALMOLOGÍA,YORK,YSEA12FSADK,100000132314050085-4,1974,MINISPLIT 1.5 TON,MINISPLIT,Aire Acondicionado,2183
2992,Correctivo,ACAPULCO,INSTITUTO ESTATAL DE OFTALMOLOGÍA,YORK,YSEA12FSADK,100000132314050085-4,1974,MINISPLIT 1.5 TON,MINISPLIT,Aire Acondicionado,2184
2993,Preventivo,ACAPULCO,INSTITUTO ESTATAL DE OFTALMOLOGÍA,YORK,YSEA12FSADK,S:100001669120402785,1973,MINISPLIT 1.5 TON,MINISPLIT,Aire Acondicionado,2185
2994,Correctivo,ACAPULCO,INSTITUTO ESTATAL DE OFTALMOLOGÍA,YORK,YSEA12FSADK,S:100001669120402785,1973,MINISPLIT 1.5 TON,MINISPLIT,Aire Acondicionado,2186
2995,Preventivo,ACAPULCO,INSTITUTO ESTATAL DE OFTALMOLOGÍA,YORK,YSEA12FS-ADK,SERIE 100001323140500847,1961,MINISPLIT 1.5 TON,MINISPLIT,Aire Acondicionado,2187
2996,Correctivo,ACAPULCO,INSTITUTO ESTATAL DE OFTALMOLOGÍA,YORK,YSEA12FS-ADK,SERIE 100001323140500847,1961,MINISPLIT 1.5 TON,MINISPLIT,Aire Acondicionado,2188
2997,Preventivo,ACAPULCO,INSTITUTO ESTATAL DE OFTALMOLOGÍA,YORK,YSDA12FS-ADK,S;100001296130101480,1934,MINISPLIT 1.5 TON,MINISPLIT,Aire Acondicionado,2189
2998,Correctivo,ACAPULCO,INSTITUTO ESTATAL DE OFTALMOLOGÍA,YORK,YSDA12FS-ADK,S;100001296130101480,1934,MINISPLIT 1.5 TON,MINISPLIT,Aire Acondicionado,2190
2999,Preventivo,ACAPULCO,INSTITUTO ESTATAL DE OFTALMOLOGÍA,TRANE,2TTB0060A1000C,12453MAA5F,1916,UMA 20 TON,UMA,Aire Acondicionado,2191
3000,Correctivo,ACAPULCO,INSTITUTO ESTATAL DE OFTALMOLOGÍA,TRANE,2TTB0060A1000C,12453MAA5F,1916,UMA 20 TON,UMA,Aire Acondicionado,2192
3001,Preventivo,ACAPULCO,INSTITUTO ESTATAL DE OFTALMOLOGÍA,TRANE,2TTB0060A1000C,1244ULB5F,1915,UMA 20 TON,UMA,Aire Acondicionado,2193
3002,Correctivo,ACAPULCO,INSTITUTO ESTATAL DE OFTALMOLOGÍA,TRANE,2TTB0060A1000C,1244ULB5F,1915,UMA 20 TON,UMA,Aire Acondicionado,2194
3003,Preventivo,ACAPULCO,INSTITUTO ESTATAL DE OFTALMOLOGÍA,COMFORT STAR,CCH018CD,S/SERIE,1802,UNIDAD PAQUETE 5.5 TON,PAQUETE,Aire Acondicionado,2195
3004,Correctivo,ACAPULCO,INSTITUTO ESTATAL DE OFTALMOLOGÍA,COMFORT STAR,CCH018CD,S/SERIE,1802,UNIDAD PAQUETE 5.5 TON,PAQUETE,Aire Acondicionado,2196
3005,Preventivo,ACAPULCO,INSTITUTO ESTATAL DE OFTALMOLOGÍA,TRANE,4TTK0530H1000A,63229985259,IEO-001,UMA 15 TON,UMA,Aire Acondicionado,2197
3006,Correctivo,ACAPULCO,INSTITUTO ESTATAL DE OFTALMOLOGÍA,TRANE,4TTK0530H1000A,63229985259,IEO-001,UMA 15 TON,UMA,Aire Acondicionado,2198
3007,Preventivo,ACAPULCO,INSTITUTO ESTATAL DE OFTALMOLOGÍA,TRANE,TTK0530H1L00AA,63229985200,IEO-002,UMA 15 TON,UMA,Aire Acondicionado,2199
3008,Correctivo,ACAPULCO,INSTITUTO ESTATAL DE OFTALMOLOGÍA,TRANE,TTK0530H1L00AA,63229985200,IEO-002,UMA 15 TON,UMA,Aire Acondicionado,2200
3009,Preventivo,ACAPULCO,INSTITUTO ESTATAL DE OFTALMOLOGÍA,MIRAGE,CAF1818,S/SERIE,IEO-003,UNIDAD PAQUETE 5.5 TON,PAQUETE,Aire Acondicionado,2201
3010,Correctivo,ACAPULCO,INSTITUTO ESTATAL DE OFTALMOLOGÍA,MIRAGE,CAF1818,S/SERIE,IEO-003,UNIDAD PAQUETE 5.5 TON,PAQUETE,Aire Acondicionado,2202
3011,Preventivo,ACAPULCO,INSTITUTO ESTATAL DE OFTALMOLOGÍA,YORK,XT1042X081-BAKA028A,2MTMXT0061,IEO-004,MINISPLIT 2.5 TON,MINISPLIT,Aire Acondicionado,2203
3012,Correctivo,ACAPULCO,INSTITUTO ESTATAL DE OFTALMOLOGÍA,YORK,XT1042X081-BAKA028A,2MTMXT0061,IEO-004,MINISPLIT 2.5 TON,MINISPLIT,Aire Acondicionado,2204
3013,Preventivo,ACAPULCO,INSTITUTO ESTATAL DE OFTALMOLOGÍA,YORK,XT1036X054-BAHA028A,2MTMXT0062,IEO-005,MINISPLIT 2.5 TON,MINISPLIT,Aire Acondicionado,2205
3014,Correctivo,ACAPULCO,INSTITUTO ESTATAL DE OFTALMOLOGÍA,YORK,XT1036X054-BAHA028A,2MTMXT0062,IEO-005,MINISPLIT 2.5 TON,MINISPLIT,Aire Acondicionado,2206
3015,Preventivo,ACAPULCO,INSTITUTO ESTATAL DE OFTALMOLOGÍA,YORK,DM180COOA2AAAIF,NOM8468445,IEO-006,MINISPLIT 1.5 TON,MINISPLIT,Aire Acondicionado,2207
3016,Correctivo,ACAPULCO,INSTITUTO ESTATAL DE OFTALMOLOGÍA,YORK,DM180COOA2AAAIF,NOM8468445,IEO-006,MINISPLIT 1.5 TON,MINISPLIT,Aire Acondicionado,2208
3017,Preventivo,ACAPULCO,INSTITUTO ESTATAL DE OFTALMOLOGÍA,YORK,DM078COOA2AAA3D,NOL8402282,IEO-007,MINISPLIT 1.5 TON,MINISPLIT,Aire Acondicionado,2209
3018,Correctivo,ACAPULCO,INSTITUTO ESTATAL DE OFTALMOLOGÍA,YORK,DM078COOA2AAA3D,NOL8402282,IEO-007,MINISPLIT 1.5 TON,MINISPLIT,Aire Acondicionado,2210
3019,Preventivo,ACAPULCO,INSTITUTO ESTATAL DE OFTALMOLOGÍA,YORK,YHGE12XJMAXA-RX,20301114210300200,IEO-008,MINISPLIT 2.0 TON,MINISPLIT,Aire Acondicionado,2211
3020,Correctivo,ACAPULCO,INSTITUTO ESTATAL DE OFTALMOLOGÍA,YORK,YHGE12XJMAXA-RX,20301114210300200,IEO-008,MINISPLIT 2.0 TON,MINISPLIT,Aire Acondicionado,2212
3021,Preventivo,ACAPULCO,INSTITUTO ESTATAL DE OFTALMOLOGÍA,YORK,YHGE12XJMAXA-RX,20201286181100100,IEO-009,MINISPLIT 2.0 TON,MINISPLIT,Aire Acondicionado,2213
3022,Correctivo,ACAPULCO,INSTITUTO ESTATAL DE OFTALMOLOGÍA,YORK,YHGE12XJMAXA-RX,20201286181100100,IEO-009,MINISPLIT 2.0 TON,MINISPLIT,Aire Acondicionado,2214
3023,Preventivo,ACAPULCO,INSTITUTO ESTATAL DE OFTALMOLOGÍA,YORK,YHFF24XHMDHU-RX,SERIE 100001760250300309,S/C,MINISPLIT 2.0 TON,MINISPLIT,Aire Acondicionado,2215
3024,Correctivo,ACAPULCO,INSTITUTO ESTATAL DE OFTALMOLOGÍA,YORK,YHFF24XHMDHU-RX,SERIE 100001760250300309,S/C,MINISPLIT 2.0 TON,MINISPLIT,Aire Acondicionado,2216
2501,Preventivo,ACAPULCO,CENTRO COMUNITARIO DE SALUD MENTAL Y ADICCIONES ACAPULCO I (RENACIMIENTO),MIRAGE,INVERTER,F5FWE1FE,1265784,MINISPLIT 2.5 TON,MINISPLIT,Aire Acondicionado,2217
2502,Correctivo,ACAPULCO,CENTRO COMUNITARIO DE SALUD MENTAL Y ADICCIONES ACAPULCO I (RENACIMIENTO),MIRAGE,INVERTER,F5FWE1FE,1265784,MINISPLIT 2.5 TON,MINISPLIT,Aire Acondicionado,2218
2503,Preventivo,ACAPULCO,CENTRO COMUNITARIO DE SALUD MENTAL Y ADICCIONES ACAPULCO I (RENACIMIENTO),MIRAGE,INVERTER,6EFEF155,1265784,MINISPLIT 2.5 TON,MINISPLIT,Aire Acondicionado,2219
2504,Correctivo,ACAPULCO,CENTRO COMUNITARIO DE SALUD MENTAL Y ADICCIONES ACAPULCO I (RENACIMIENTO),MIRAGE,INVERTER,6EFEF155,1265784,MINISPLIT 2.5 TON,MINISPLIT,Aire Acondicionado,2220
2505,Preventivo,ACAPULCO,CENTRO COMUNITARIO DE SALUD MENTAL Y ADICCIONES ACAPULCO I (RENACIMIENTO),MIRAGE,INVERTER,E351F5251,1265784,MINISPLIT 2.0 TON,MINISPLIT,Aire Acondicionado,2221
2506,Correctivo,ACAPULCO,CENTRO COMUNITARIO DE SALUD MENTAL Y ADICCIONES ACAPULCO I (RENACIMIENTO),MIRAGE,INVERTER,E351F5251,1265784,MINISPLIT 2.0 TON,MINISPLIT,Aire Acondicionado,2222
2507,Preventivo,ACAPULCO,CENTRO COMUNITARIO DE SALUD MENTAL Y ADICCIONES ACAPULCO I (RENACIMIENTO),MIRAGE,INVERTER,654HTR1,1265784,MINISPLIT 1.5 TON,MINISPLIT,Aire Acondicionado,2223
2508,Correctivo,ACAPULCO,CENTRO COMUNITARIO DE SALUD MENTAL Y ADICCIONES ACAPULCO I (RENACIMIENTO),MIRAGE,INVERTER,654HTR1,1265784,MINISPLIT 1.5 TON,MINISPLIT,Aire Acondicionado,2224
2509,Preventivo,ACAPULCO,CENTRO COMUNITARIO DE SALUD MENTAL Y ADICCIONES ACAPULCO I (RENACIMIENTO),MIRAGE,INVERTER,RT51GR50,1265784,MINISPLIT 1.5 TON,MINISPLIT,Aire Acondicionado,2225
2510,Correctivo,ACAPULCO,CENTRO COMUNITARIO DE SALUD MENTAL Y ADICCIONES ACAPULCO I (RENACIMIENTO),MIRAGE,INVERTER,RT51GR50,1265784,MINISPLIT 1.5 TON,MINISPLIT,Aire Acondicionado,2226
2511,Preventivo,ACAPULCO,CENTRO COMUNITARIO DE SALUD MENTAL Y ADICCIONES ACAPULCO I (RENACIMIENTO),MIRAGE,INVERTER,EW+6GR2R,1265784,MINISPLIT 1.5 TON,MINISPLIT,Aire Acondicionado,2227
2512,Correctivo,ACAPULCO,CENTRO COMUNITARIO DE SALUD MENTAL Y ADICCIONES ACAPULCO I (RENACIMIENTO),MIRAGE,INVERTER,EW+6GR2R,1265784,MINISPLIT 1.5 TON,MINISPLIT,Aire Acondicionado,2228
2513,Preventivo,ACAPULCO,CENTRO COMUNITARIO DE SALUD MENTAL Y ADICCIONES ACAPULCO I (RENACIMIENTO),YORK,Y4DF64S-KLD-15GB,DSV648ER64,1265784,UNIDAD PAQUETE 7.5 TON,PAQUETE,Aire Acondicionado,2229
2514,Correctivo,ACAPULCO,CENTRO COMUNITARIO DE SALUD MENTAL Y ADICCIONES ACAPULCO I (RENACIMIENTO),YORK,Y4DF64S-KLD-15GB,DSV648ER64,1265784,UNIDAD PAQUETE 7.5 TON,PAQUETE,Aire Acondicionado,2230
2841,Preventivo,ACAPULCO,UNEME DE ENFERMEDADES CRÓNICAS,MIRAGE,EXF121D,8011400164,1,MINISPLIT 1.5 TON,MINISPLIT,Aire Acondicionado,2231
2842,Correctivo,ACAPULCO,UNEME DE ENFERMEDADES CRÓNICAS,MIRAGE,EXF121D,8011400164,1,MINISPLIT 1.5 TON,MINISPLIT,Aire Acondicionado,2232
2843,Preventivo,ACAPULCO,UNEME DE ENFERMEDADES CRÓNICAS,MIRAGE,EXF121D,8011403767,1,MINISPLIT 1.5 TON,MINISPLIT,Aire Acondicionado,2233
2844,Correctivo,ACAPULCO,UNEME DE ENFERMEDADES CRÓNICAS,MIRAGE,EXF121D,8011403767,1,MINISPLIT 1.5 TON,MINISPLIT,Aire Acondicionado,2234
2845,Preventivo,ACAPULCO,UNEME DE ENFERMEDADES CRÓNICAS,MIRAGE,EPF121X,7072002714,1,MINISPLIT 1.5 TON,MINISPLIT,Aire Acondicionado,2235
2846,Correctivo,ACAPULCO,UNEME DE ENFERMEDADES CRÓNICAS,MIRAGE,EPF121X,7072002714,1,MINISPLIT 1.5 TON,MINISPLIT,Aire Acondicionado,2236
2847,Preventivo,ACAPULCO,UNEME DE ENFERMEDADES CRÓNICAS,MIRAGE,EPF121X,7072000323,1,MINISPLIT 1.5 TON,MINISPLIT,Aire Acondicionado,2237
2848,Correctivo,ACAPULCO,UNEME DE ENFERMEDADES CRÓNICAS,MIRAGE,EPF121X,7072000323,1,MINISPLIT 1.5 TON,MINISPLIT,Aire Acondicionado,2238
2849,Preventivo,ACAPULCO,UNEME DE ENFERMEDADES CRÓNICAS,MIRAGE,EPF121X,7072001324,1,MINISPLIT 1.5 TON,MINISPLIT,Aire Acondicionado,2239
2850,Correctivo,ACAPULCO,UNEME DE ENFERMEDADES CRÓNICAS,MIRAGE,EPF121X,7072001324,1,MINISPLIT 1.5 TON,MINISPLIT,Aire Acondicionado,2240
2851,Preventivo,ACAPULCO,UNEME DE ENFERMEDADES CRÓNICAS,MIRAGE,EPF121X,7072001329,1,MINISPLIT 1.5 TON,MINISPLIT,Aire Acondicionado,2241
2852,Correctivo,ACAPULCO,UNEME DE ENFERMEDADES CRÓNICAS,MIRAGE,EPF121X,7072001329,1,MINISPLIT 1.5 TON,MINISPLIT,Aire Acondicionado,2242
2853,Preventivo,ACAPULCO,UNEME DE ENFERMEDADES CRÓNICAS,MIRAGE,EPF121X,7072002721,1,MINISPLIT 1.5 TON,MINISPLIT,Aire Acondicionado,2243
2854,Correctivo,ACAPULCO,UNEME DE ENFERMEDADES CRÓNICAS,MIRAGE,EPF121X,7072002721,1,MINISPLIT 1.5 TON,MINISPLIT,Aire Acondicionado,2244
2855,Preventivo,ACAPULCO,UNEME DE ENFERMEDADES CRÓNICAS,MIRAGE,EPF121X,7072000307,1,MINISPLIT 1.5 TON,MINISPLIT,Aire Acondicionado,2245
2856,Correctivo,ACAPULCO,UNEME DE ENFERMEDADES CRÓNICAS,MIRAGE,EPF121X,7072000307,1,MINISPLIT 1.5 TON,MINISPLIT,Aire Acondicionado,2246
2857,Preventivo,ACAPULCO,UNEME DE ENFERMEDADES CRÓNICAS,MIRAGE,EPF121X,7072002703,1,MINISPLIT 1.5 TON,MINISPLIT,Aire Acondicionado,2247
2858,Correctivo,ACAPULCO,UNEME DE ENFERMEDADES CRÓNICAS,MIRAGE,EPF121X,7072002703,1,MINISPLIT 1.5 TON,MINISPLIT,Aire Acondicionado,2248
2859,Preventivo,ACAPULCO,UNEME DE ENFERMEDADES CRÓNICAS,MIRAGE,EPF121X,7072002690,1,MINISPLIT 1.5 TON,MINISPLIT,Aire Acondicionado,2249
2860,Correctivo,ACAPULCO,UNEME DE ENFERMEDADES CRÓNICAS,MIRAGE,EPF121X,7072002690,1,MINISPLIT 1.5 TON,MINISPLIT,Aire Acondicionado,2250
2861,Preventivo,ACAPULCO,UNEME DE ENFERMEDADES CRÓNICAS,MIRAGE,EXF261D,8121402096,1,MINISPLIT 1.5 TON,MINISPLIT,Aire Acondicionado,2251
2862,Correctivo,ACAPULCO,UNEME DE ENFERMEDADES CRÓNICAS,MIRAGE,EXF261D,8121402096,1,MINISPLIT 1.5 TON,MINISPLIT,Aire Acondicionado,2252
2863,Preventivo,ACAPULCO,UNEME DE ENFERMEDADES CRÓNICAS,PRIME,EMPRC362-K,L-2025-T-2507-ID-05-0393,1,MINISPLIT 3.0 TON,MINISPLIT,Aire Acondicionado,2253
2864,Correctivo,ACAPULCO,UNEME DE ENFERMEDADES CRÓNICAS,PRIME,EMPRC362-K,L-2025-T-2507-ID-05-0393,1,MINISPLIT 3.0 TON,MINISPLIT,Aire Acondicionado,2254
2515,Preventivo,ACAPULCO,CENTRO COMUNITARIO DE SALUD MENTAL Y ADICCIONES ACAPULCO II (PROGRESO),MIRAGE,EMPRC122-E3,1008804853,SIN NUMERO,MINISPLIT 1.5 TON,MINISPLIT,Aire Acondicionado,2255
2516,Correctivo,ACAPULCO,CENTRO COMUNITARIO DE SALUD MENTAL Y ADICCIONES ACAPULCO II (PROGRESO),MIRAGE,EMPRC122-E3,1008804853,SIN NUMERO,MINISPLIT 1.5 TON,MINISPLIT,Aire Acondicionado,2256
2517,Preventivo,ACAPULCO,CENTRO COMUNITARIO DE SALUD MENTAL Y ADICCIONES ACAPULCO II (PROGRESO),PRIME,EMPRC122-E3,1008804853,SIN NUMERO,MINISPLIT 1.5 TON,MINISPLIT,Aire Acondicionado,2257
2518,Correctivo,ACAPULCO,CENTRO COMUNITARIO DE SALUD MENTAL Y ADICCIONES ACAPULCO II (PROGRESO),PRIME,EMPRC122-E3,1008804853,SIN NUMERO,MINISPLIT 1.5 TON,MINISPLIT,Aire Acondicionado,2258
2519,Preventivo,ACAPULCO,CENTRO COMUNITARIO DE SALUD MENTAL Y ADICCIONES ACAPULCO II (PROGRESO),PRIME,EMPRC122-E3,1008804853,SIN NUMERO,MINISPLIT 1.5 TON,MINISPLIT,Aire Acondicionado,2259
2520,Correctivo,ACAPULCO,CENTRO COMUNITARIO DE SALUD MENTAL Y ADICCIONES ACAPULCO II (PROGRESO),PRIME,EMPRC122-E3,1008804853,SIN NUMERO,MINISPLIT 1.5 TON,MINISPLIT,Aire Acondicionado,2260
2521,Preventivo,ACAPULCO,CENTRO COMUNITARIO DE SALUD MENTAL Y ADICCIONES ACAPULCO II (PROGRESO),PRIME,EMPRC362-K,L2022-T2213ID05,SIN NUMERO,MINISPLIT 1.5 TON,MINISPLIT,Aire Acondicionado,2261
2522,Correctivo,ACAPULCO,CENTRO COMUNITARIO DE SALUD MENTAL Y ADICCIONES ACAPULCO II (PROGRESO),PRIME,EMPRC362-K,L2022-T2213ID05,SIN NUMERO,MINISPLIT 1.5 TON,MINISPLIT,Aire Acondicionado,2262
2523,Preventivo,ACAPULCO,CENTRO COMUNITARIO DE SALUD MENTAL Y ADICCIONES ACAPULCO II (PROGRESO),PRIME,EMPRC122-E3,S/SERIE,SIN NUMERO,MINISPLIT 3 TON,MINISPLIT,Aire Acondicionado,2263
2524,Correctivo,ACAPULCO,CENTRO COMUNITARIO DE SALUD MENTAL Y ADICCIONES ACAPULCO II (PROGRESO),PRIME,EMPRC122-E3,S/SERIE,SIN NUMERO,MINISPLIT 3 TON,MINISPLIT,Aire Acondicionado,2264
2525,Preventivo,ACAPULCO,CENTRO COMUNITARIO DE SALUD MENTAL Y ADICCIONES ACAPULCO II (PROGRESO),PRIME,EMPRC362-K,L-2025-T-2507-ID-05-0388,SIN NUMERO,MINISPLIT 3 TON,MINISPLIT,Aire Acondicionado,2265
2526,Correctivo,ACAPULCO,CENTRO COMUNITARIO DE SALUD MENTAL Y ADICCIONES ACAPULCO II (PROGRESO),PRIME,EMPRC362-K,L-2025-T-2507-ID-05-0388,SIN NUMERO,MINISPLIT 3 TON,MINISPLIT,Aire Acondicionado,2266
4205,Preventivo,TIERRA CALIENTE,HOSPITAL GENERAL DE COYUCA DE CATALÁN,YORK,YVAA0233BEF46BAVSXX,50532A44160403,CASA DE MAQUINA DE AIRE ACONDICIONADO,CHILLER 1,CHILLER,Aire Acondicionado,2267
4206,Correctivo,TIERRA CALIENTE,HOSPITAL GENERAL DE COYUCA DE CATALÁN,YORK,YVAA0233BEF46BAVSXX,50532A44160403,CASA DE MAQUINA DE AIRE ACONDICIONADO,CHILLER 1,CHILLER,Aire Acondicionado,2268
4207,Preventivo,TIERRA CALIENTE,HOSPITAL GENERAL DE COYUCA DE CATALÁN,YORK,YVAA0233BEF46BAVSXX,50532A44160404,CASA DE MAQUINA DE AIRE ACONDICIONADO,CHILLER 2,CHILLER,Aire Acondicionado,2269
4208,Correctivo,TIERRA CALIENTE,HOSPITAL GENERAL DE COYUCA DE CATALÁN,YORK,YVAA0233BEF46BAVSXX,50532A44160404,CASA DE MAQUINA DE AIRE ACONDICIONADO,CHILLER 2,CHILLER,Aire Acondicionado,2270
4209,Preventivo,TIERRA CALIENTE,HOSPITAL GENERAL DE COYUCA DE CATALÁN,WEB,02018ET3EM256JM,1024115807,CASA DE AIRE ACONDICIONADO,BOMBA DE CHILLER 20 HP,CHILLER,Aire Acondicionado,2271
4210,Correctivo,TIERRA CALIENTE,HOSPITAL GENERAL DE COYUCA DE CATALÁN,WEB,02018ET3EM256JM,1024115807,CASA DE AIRE ACONDICIONADO,BOMBA DE CHILLER 20 HP,CHILLER,Aire Acondicionado,2272
4211,Preventivo,TIERRA CALIENTE,HOSPITAL GENERAL DE COYUCA DE CATALÁN,WEB,02018ET3EM256JM,1024530580,CASA DE AIRE ACONDICIONADO,BOMBA DE CHILLER 20 HP,CHILLER,Aire Acondicionado,2273
4212,Correctivo,TIERRA CALIENTE,HOSPITAL GENERAL DE COYUCA DE CATALÁN,WEB,02018ET3EM256JM,1024530580,CASA DE AIRE ACONDICIONADO,BOMBA DE CHILLER 20 HP,CHILLER,Aire Acondicionado,2274
4213,Preventivo,TIERRA CALIENTE,HOSPITAL GENERAL DE COYUCA DE CATALÁN,WEB,02018ET3EM256JM,1024530581,CASA DE AIRE ACONDICIONADO,BOMBA DE CHILLER 20 HP,CHILLER,Aire Acondicionado,2275
4214,Correctivo,TIERRA CALIENTE,HOSPITAL GENERAL DE COYUCA DE CATALÁN,WEB,02018ET3EM256JM,1024530581,CASA DE AIRE ACONDICIONADO,BOMBA DE CHILLER 20 HP,CHILLER,Aire Acondicionado,2276
4215,Preventivo,TIERRA CALIENTE,HOSPITAL GENERAL DE COYUCA DE CATALÁN,TRANE,EAC240A3E0A,23033044JA,AZOTEA PRIMER NIVEL,UNIDAD PAQUETE 20,PAQUETE,Aire Acondicionado,2277
4216,Correctivo,TIERRA CALIENTE,HOSPITAL GENERAL DE COYUCA DE CATALÁN,TRANE,EAC240A3E0A,23033044JA,AZOTEA PRIMER NIVEL,UNIDAD PAQUETE 20,PAQUETE,Aire Acondicionado,2278
4217,Preventivo,TIERRA CALIENTE,HOSPITAL GENERAL DE COYUCA DE CATALÁN,YORK,AGBMX10190,XT1-054X069-BAJA046A,AZOTEA PALNTA BAJA,UMA 20 -01 ANATOMIA,UMA,Aire Acondicionado,2279
4218,Correctivo,TIERRA CALIENTE,HOSPITAL GENERAL DE COYUCA DE CATALÁN,YORK,AGBMX10190,XT1-054X069-BAJA046A,AZOTEA PALNTA BAJA,UMA 20 -01 ANATOMIA,UMA,Aire Acondicionado,2280
4219,Preventivo,TIERRA CALIENTE,HOSPITAL GENERAL DE COYUCA DE CATALÁN,YORK,AGBMXT0192,XT1-045X060EAHA046A,AZOTEA PALNTA BAJA,UMA 20 -02 COMEDOR SERVICIOS GENERALES,UMA,Aire Acondicionado,2281
4220,Correctivo,TIERRA CALIENTE,HOSPITAL GENERAL DE COYUCA DE CATALÁN,YORK,AGBMXT0192,XT1-045X060EAHA046A,AZOTEA PALNTA BAJA,UMA 20 -02 COMEDOR SERVICIOS GENERALES,UMA,Aire Acondicionado,2282
4221,Preventivo,TIERRA CALIENTE,HOSPITAL GENERAL DE COYUCA DE CATALÁN,YORK,AGBMXT0656,XT1-036X039EAGA046A,AZOTEA PLANTA BAJA,UMA 30 -03 SALAS QUIRURGICAS,UMA,Aire Acondicionado,2283
4222,Correctivo,TIERRA CALIENTE,HOSPITAL GENERAL DE COYUCA DE CATALÁN,YORK,AGBMXT0656,XT1-036X039EAGA046A,AZOTEA PLANTA BAJA,UMA 30 -03 SALAS QUIRURGICAS,UMA,Aire Acondicionado,2284
4223,Preventivo,TIERRA CALIENTE,HOSPITAL GENERAL DE COYUCA DE CATALÁN,YORK,AGBMXT0268,XT1-036X060-EAHA046A,AZOTEA PLANTA BAJA,UMA 30 -04 SALAS QUIRURGICAS Y DE EXPULCION,UMA,Aire Acondicionado,2285
4224,Correctivo,TIERRA CALIENTE,HOSPITAL GENERAL DE COYUCA DE CATALÁN,YORK,AGBMXT0268,XT1-036X060-EAHA046A,AZOTEA PLANTA BAJA,UMA 30 -04 SALAS QUIRURGICAS Y DE EXPULCION,UMA,Aire Acondicionado,2286
4225,Preventivo,TIERRA CALIENTE,HOSPITAL GENERAL DE COYUCA DE CATALÁN,YORK,AGBMXT0197,XT1-045X063-EAHA046A,AZOTEA SEGUNDO NIVEL,UMA 30 -05 RECUPERACION TOCO,UMA,Aire Acondicionado,2287
4226,Correctivo,TIERRA CALIENTE,HOSPITAL GENERAL DE COYUCA DE CATALÁN,YORK,AGBMXT0197,XT1-045X063-EAHA046A,AZOTEA SEGUNDO NIVEL,UMA 30 -05 RECUPERACION TOCO,UMA,Aire Acondicionado,2288
4227,Preventivo,TIERRA CALIENTE,HOSPITAL GENERAL DE COYUCA DE CATALÁN,YORK,AGBMXT0248,XT1-030X045-EAGA046A,AZOTEA PALNTA BAJA,UMA 20 -06 CEYE,UMA,Aire Acondicionado,2289
4228,Correctivo,TIERRA CALIENTE,HOSPITAL GENERAL DE COYUCA DE CATALÁN,YORK,AGBMXT0248,XT1-030X045-EAGA046A,AZOTEA PALNTA BAJA,UMA 20 -06 CEYE,UMA,Aire Acondicionado,2290
4229,Preventivo,TIERRA CALIENTE,HOSPITAL GENERAL DE COYUCA DE CATALÁN,YORK,AGBMXT0194,XT1-045X072-EAJA046A,AZOTEA SEGUNDO NIVEL,UMA 30 -07 URGENCIAS,UMA,Aire Acondicionado,2291
4230,Correctivo,TIERRA CALIENTE,HOSPITAL GENERAL DE COYUCA DE CATALÁN,YORK,AGBMXT0194,XT1-045X072-EAJA046A,AZOTEA SEGUNDO NIVEL,UMA 30 -07 URGENCIAS,UMA,Aire Acondicionado,2292
4231,Preventivo,TIERRA CALIENTE,HOSPITAL GENERAL DE COYUCA DE CATALÁN,YORK,AGBMXT0198,XT1-051X034-BAJA046A,AZOTEA SEGUNDO NIEVL,UMA 30 -08 CONSULTORIOS,UMA,Aire Acondicionado,2293
4232,Correctivo,TIERRA CALIENTE,HOSPITAL GENERAL DE COYUCA DE CATALÁN,YORK,AGBMXT0198,XT1-051X034-BAJA046A,AZOTEA SEGUNDO NIEVL,UMA 30 -08 CONSULTORIOS,UMA,Aire Acondicionado,2294
4233,Preventivo,TIERRA CALIENTE,HOSPITAL GENERAL DE COYUCA DE CATALÁN,YORK,AGBMXT0191,XT1-042X069-BAHA046A,AZOTEA PRIMER NIVEL,UMA 20 -09 SAL DE EXPULCION CONSULTA EXTERNA,UMA,Aire Acondicionado,2295
4234,Correctivo,TIERRA CALIENTE,HOSPITAL GENERAL DE COYUCA DE CATALÁN,YORK,AGBMXT0191,XT1-042X069-BAHA046A,AZOTEA PRIMER NIVEL,UMA 20 -09 SAL DE EXPULCION CONSULTA EXTERNA,UMA,Aire Acondicionado,2296
4235,Preventivo,TIERRA CALIENTE,HOSPITAL GENERAL DE COYUCA DE CATALÁN,YORK,AGBMXT0199,XT1-057X084-EAJA046A,AZOTEA SEGUNDO NIVEL,UMA 20 -10 HOSPITALIZACION PRIMER NIVEL,UMA,Aire Acondicionado,2297
4236,Correctivo,TIERRA CALIENTE,HOSPITAL GENERAL DE COYUCA DE CATALÁN,YORK,AGBMXT0199,XT1-057X084-EAJA046A,AZOTEA SEGUNDO NIVEL,UMA 20 -10 HOSPITALIZACION PRIMER NIVEL,UMA,Aire Acondicionado,2298
4237,Preventivo,TIERRA CALIENTE,HOSPITAL GENERAL DE COYUCA DE CATALÁN,YORK,AGBMXT0255,XT1-042X060EAHA046A,AZOTEA SEGUNDO NIVEL,UMA 30 -11 UCI CUIDADOS INTENCIVOS,UMA,Aire Acondicionado,2299
4238,Correctivo,TIERRA CALIENTE,HOSPITAL GENERAL DE COYUCA DE CATALÁN,YORK,AGBMXT0255,XT1-042X060EAHA046A,AZOTEA SEGUNDO NIVEL,UMA 30 -11 UCI CUIDADOS INTENCIVOS,UMA,Aire Acondicionado,2300
4239,Preventivo,TIERRA CALIENTE,HOSPITAL GENERAL DE COYUCA DE CATALÁN,YORK,AGBMXT0258,XT1-042X069-BAHA046A,AZOTEA SEGUNDO NIVEL,UMA 30 -12 UCIP-UCIN,UMA,Aire Acondicionado,2301
4240,Correctivo,TIERRA CALIENTE,HOSPITAL GENERAL DE COYUCA DE CATALÁN,YORK,AGBMXT0258,XT1-042X069-BAHA046A,AZOTEA SEGUNDO NIVEL,UMA 30 -12 UCIP-UCIN,UMA,Aire Acondicionado,2302
4241,Preventivo,TIERRA CALIENTE,HOSPITAL GENERAL DE COYUCA DE CATALÁN,YORK,AGBMXT0193,XT1-045X060-BAHA046A,AZOTEA PRIMER NIVEL,UMA 30 -13 IMAGEONOLOGIA,UMA,Aire Acondicionado,2303
4242,Correctivo,TIERRA CALIENTE,HOSPITAL GENERAL DE COYUCA DE CATALÁN,YORK,AGBMXT0193,XT1-045X060-BAHA046A,AZOTEA PRIMER NIVEL,UMA 30 -13 IMAGEONOLOGIA,UMA,Aire Acondicionado,2304
4243,Preventivo,TIERRA CALIENTE,HOSPITAL GENERAL DE COYUCA DE CATALÁN,YORK,AGBMXT0099,XT1-045X060-BAHA046A,AZOTEA PRIMER NIVEL,UMA 20 -14 TOMOGRAFO,UMA,Aire Acondicionado,2305
4244,Correctivo,TIERRA CALIENTE,HOSPITAL GENERAL DE COYUCA DE CATALÁN,YORK,AGBMXT0099,XT1-045X060-BAHA046A,AZOTEA PRIMER NIVEL,UMA 20 -14 TOMOGRAFO,UMA,Aire Acondicionado,2306
4245,Preventivo,TIERRA CALIENTE,HOSPITAL GENERAL DE COYUCA DE CATALÁN,YORK,AGBMXT0196,XT1-045X060-BAHA046A,AZOTEA PRIMER NIVEL,UMA 20 -15 LABORATORIO,UMA,Aire Acondicionado,2307
4246,Correctivo,TIERRA CALIENTE,HOSPITAL GENERAL DE COYUCA DE CATALÁN,YORK,AGBMXT0196,XT1-045X060-BAHA046A,AZOTEA PRIMER NIVEL,UMA 20 -15 LABORATORIO,UMA,Aire Acondicionado,2308
4247,Preventivo,TIERRA CALIENTE,HOSPITAL GENERAL DE COYUCA DE CATALÁN,YORK,AGBMXT0195,XT1-045X060-BAHA046A,AZOTEA PRIMER NIVEL,UMA 25-16 SALA DE ESPERA PRIMER NIVEL,UMA,Aire Acondicionado,2309
4248,Correctivo,TIERRA CALIENTE,HOSPITAL GENERAL DE COYUCA DE CATALÁN,YORK,AGBMXT0195,XT1-045X060-BAHA046A,AZOTEA PRIMER NIVEL,UMA 25-16 SALA DE ESPERA PRIMER NIVEL,UMA,Aire Acondicionado,2310
4249,Preventivo,TIERRA CALIENTE,HOSPITAL GENERAL DE COYUCA DE CATALÁN,YORK,AGBMXT0265,XT1-045X060-BAHA046A,AZOTEA PRIMER NIVEL,UMA 30 -17 GOBIERNO,UMA,Aire Acondicionado,2311
4250,Correctivo,TIERRA CALIENTE,HOSPITAL GENERAL DE COYUCA DE CATALÁN,YORK,AGBMXT0265,XT1-045X060-BAHA046A,AZOTEA PRIMER NIVEL,UMA 30 -17 GOBIERNO,UMA,Aire Acondicionado,2312
4251,Preventivo,TIERRA CALIENTE,HOSPITAL GENERAL DE COYUCA DE CATALÁN,YORK,AGBMXT0257,XT1-045X060-BAHA046A,AZOTEA SEG7UNDO NIVEL,UMA 30 -18 HOSPITALIZACION SEGUNDO NIVEL,UMA,Aire Acondicionado,2313
4252,Correctivo,TIERRA CALIENTE,HOSPITAL GENERAL DE COYUCA DE CATALÁN,YORK,AGBMXT0257,XT1-045X060-BAHA046A,AZOTEA SEG7UNDO NIVEL,UMA 30 -18 HOSPITALIZACION SEGUNDO NIVEL,UMA,Aire Acondicionado,2314
4253,Preventivo,TIERRA CALIENTE,HOSPITAL GENERAL DE COYUCA DE CATALÁN,YORK,AGBMXT0264,XT1-045X060-BAHA046A,AZOTEA SEG7UNDO NIVEL,UMA30 -19 PEDIATRIA,UMA,Aire Acondicionado,2315
4254,Correctivo,TIERRA CALIENTE,HOSPITAL GENERAL DE COYUCA DE CATALÁN,YORK,AGBMXT0264,XT1-045X060-BAHA046A,AZOTEA SEG7UNDO NIVEL,UMA30 -19 PEDIATRIA,UMA,Aire Acondicionado,2316
4255,Preventivo,TIERRA CALIENTE,HOSPITAL GENERAL DE COYUCA DE CATALÁN,YORK,AGBMXT0259,XT1-045X060-BAHA046A,AZOTEA SEG7UNDO NIVEL,UMA 30-20 ENSEÑANZA,UMA,Aire Acondicionado,2317
4256,Correctivo,TIERRA CALIENTE,HOSPITAL GENERAL DE COYUCA DE CATALÁN,YORK,AGBMXT0259,XT1-045X060-BAHA046A,AZOTEA SEG7UNDO NIVEL,UMA 30-20 ENSEÑANZA,UMA,Aire Acondicionado,2318
4257,Preventivo,TIERRA CALIENTE,HOSPITAL GENERAL DE COYUCA DE CATALÁN,YORK,AGBMXT0266,XT1-045X060-BAHA046A,AZOTEA PRIMER NIVEL,UMA 30 -21 ARCHIVO,UMA,Aire Acondicionado,2319
4258,Correctivo,TIERRA CALIENTE,HOSPITAL GENERAL DE COYUCA DE CATALÁN,YORK,AGBMXT0266,XT1-045X060-BAHA046A,AZOTEA PRIMER NIVEL,UMA 30 -21 ARCHIVO,UMA,Aire Acondicionado,2320
4259,Preventivo,TIERRA CALIENTE,HOSPITAL GENERAL DE COYUCA DE CATALÁN,YORK,AGBMXT0247,XT1-045X060-BAHA046A,AZOTEA PLANTA BAJA,UMA 30 -22 CONSERVACION,UMA,Aire Acondicionado,2321
4260,Correctivo,TIERRA CALIENTE,HOSPITAL GENERAL DE COYUCA DE CATALÁN,YORK,AGBMXT0247,XT1-045X060-BAHA046A,AZOTEA PLANTA BAJA,UMA 30 -22 CONSERVACION,UMA,Aire Acondicionado,2322
4261,Preventivo,TIERRA CALIENTE,HOSPITAL GENERAL DE COYUCA DE CATALÁN,YORK,YVAA0263 BGF46BAVS,XT1-054X081-EAEKA046A,AZOTEA,UNIDAD PAQUETE 10 UGAM-01,PAQUETE,Aire Acondicionado,2323
4262,Correctivo,TIERRA CALIENTE,HOSPITAL GENERAL DE COYUCA DE CATALÁN,YORK,YVAA0263 BGF46BAVS,XT1-054X081-EAEKA046A,AZOTEA,UNIDAD PAQUETE 10 UGAM-01,PAQUETE,Aire Acondicionado,2324
4263,Preventivo,TIERRA CALIENTE,HOSPITAL GENERAL DE COYUCA DE CATALÁN,YORK,IVAA0263B,XT1-054X072-baha046A,AZOTEA,UNIDAD PAQUETE 10 UGAM-02,PAQUETE,Aire Acondicionado,2325
4264,Correctivo,TIERRA CALIENTE,HOSPITAL GENERAL DE COYUCA DE CATALÁN,YORK,IVAA0263B,XT1-054X072-baha046A,AZOTEA,UNIDAD PAQUETE 10 UGAM-02,PAQUETE,Aire Acondicionado,2326
4265,Preventivo,TIERRA CALIENTE,HOSPITAL GENERAL DE COYUCA DE CATALÁN,YORK,YRHJXC012BAUJFY,XT1-033X048-EAEA046A,AZOTEA,UNIDAD PAQUETE 10 UGAM-03,PAQUETE,Aire Acondicionado,2327
4266,Correctivo,TIERRA CALIENTE,HOSPITAL GENERAL DE COYUCA DE CATALÁN,YORK,YRHJXC012BAUJFY,XT1-033X048-EAEA046A,AZOTEA,UNIDAD PAQUETE 10 UGAM-03,PAQUETE,Aire Acondicionado,2328
4267,Preventivo,TIERRA CALIENTE,HOSPITAL GENERAL DE COYUCA DE CATALÁN,YORK,YRHJXC012BAUJFY,XT1-045X066-BAHA046A,AZOTEA,UNIDAD PAQUETE 10 UGAM-04,PAQUETE,Aire Acondicionado,2329
4268,Correctivo,TIERRA CALIENTE,HOSPITAL GENERAL DE COYUCA DE CATALÁN,YORK,YRHJXC012BAUJFY,XT1-045X066-BAHA046A,AZOTEA,UNIDAD PAQUETE 10 UGAM-04,PAQUETE,Aire Acondicionado,2330
4269,Preventivo,TIERRA CALIENTE,HOSPITAL GENERAL DE COYUCA DE CATALÁN,YORK,YRHJXC012BAUJFY,XT1-036X039-EAFA046A,AZOTEA,UNIDAD PAQUETE 10 UGAM-05,PAQUETE,Aire Acondicionado,2331
4270,Correctivo,TIERRA CALIENTE,HOSPITAL GENERAL DE COYUCA DE CATALÁN,YORK,YRHJXC012BAUJFY,XT1-036X039-EAFA046A,AZOTEA,UNIDAD PAQUETE 10 UGAM-05,PAQUETE,Aire Acondicionado,2332
4271,Preventivo,TIERRA CALIENTE,HOSPITAL GENERAL DE COYUCA DE CATALÁN,YORK,YRHJXC012BAUJFY,XT1-036X039-EAGA046A,AZOTEA,UNIDAD PAQUETE 10 UGAM-06,PAQUETE,Aire Acondicionado,2333
4272,Correctivo,TIERRA CALIENTE,HOSPITAL GENERAL DE COYUCA DE CATALÁN,YORK,YRHJXC012BAUJFY,XT1-036X039-EAGA046A,AZOTEA,UNIDAD PAQUETE 10 UGAM-06,PAQUETE,Aire Acondicionado,2334
4273,Preventivo,TIERRA CALIENTE,HOSPITAL GENERAL DE COYUCA DE CATALÁN,YORK,EXF261F,XT1-054X072-EAJA046A,AZOTEA,UNIDAD PAQUETE 10 UGAM-07,PAQUETE,Aire Acondicionado,2335
4274,Correctivo,TIERRA CALIENTE,HOSPITAL GENERAL DE COYUCA DE CATALÁN,YORK,EXF261F,XT1-054X072-EAJA046A,AZOTEA,UNIDAD PAQUETE 10 UGAM-07,PAQUETE,Aire Acondicionado,2336
4275,Preventivo,TIERRA CALIENTE,HOSPITAL GENERAL DE COYUCA DE CATALÁN,YORK,YHEA12FS-ADK,XT1-036X072-EAJA046A,AZOTEA,UNIDAD PAQUETE 10 UGAM-08,PAQUETE,Aire Acondicionado,2337
4276,Correctivo,TIERRA CALIENTE,HOSPITAL GENERAL DE COYUCA DE CATALÁN,YORK,YHEA12FS-ADK,XT1-036X072-EAJA046A,AZOTEA,UNIDAD PAQUETE 10 UGAM-08,PAQUETE,Aire Acondicionado,2338
4277,Preventivo,TIERRA CALIENTE,HOSPITAL GENERAL DE COYUCA DE CATALÁN,CIAC,40FXQ123D-E,53FXQ123D,PLANTA BAJA CONSERVACION,MINISPLIT 1 TONELADA 220 V,MINISPLIT,Aire Acondicionado,2339
4278,Correctivo,TIERRA CALIENTE,HOSPITAL GENERAL DE COYUCA DE CATALÁN,CIAC,40FXQ123D-E,53FXQ123D,PLANTA BAJA CONSERVACION,MINISPLIT 1 TONELADA 220 V,MINISPLIT,Aire Acondicionado,2340
4279,Preventivo,TIERRA CALIENTE,HOSPITAL GENERAL DE COYUCA DE CATALÁN,CARRIER,40PRC243C-E,38PRC243C-C,PLANTA BAJA COCINA,MINISPLIT 2 TONELADAS 220 V,MINISPLIT,Aire Acondicionado,2341
4280,Correctivo,TIERRA CALIENTE,HOSPITAL GENERAL DE COYUCA DE CATALÁN,CARRIER,40PRC243C-E,38PRC243C-C,PLANTA BAJA COCINA,MINISPLIT 2 TONELADAS 220 V,MINISPLIT,Aire Acondicionado,2342
4281,Preventivo,TIERRA CALIENTE,HOSPITAL GENERAL DE COYUCA DE CATALÁN,CARRIER,40PRQ243D-E,540 H96 333 163 221 017 0103,PLANTA BAJA ALMACEN,MINISPLIT 2 TONELADAS 220V,MINISPLIT,Aire Acondicionado,2343
4282,Correctivo,TIERRA CALIENTE,HOSPITAL GENERAL DE COYUCA DE CATALÁN,CARRIER,40PRQ243D-E,540 H96 333 163 221 017 0103,PLANTA BAJA ALMACEN,MINISPLIT 2 TONELADAS 220V,MINISPLIT,Aire Acondicionado,2344
4283,Preventivo,TIERRA CALIENTE,HOSPITAL GENERAL DE COYUCA DE CATALÁN,CARRIER,40PRQ243D-E,540 H96 333 163 221 017 0102,PLANTA BAJA ALMACEN,MINISPLIT 2 TONELADAS 220V,MINISPLIT,Aire Acondicionado,2345
4284,Correctivo,TIERRA CALIENTE,HOSPITAL GENERAL DE COYUCA DE CATALÁN,CARRIER,40PRQ243D-E,540 H96 333 163 221 017 0102,PLANTA BAJA ALMACEN,MINISPLIT 2 TONELADAS 220V,MINISPLIT,Aire Acondicionado,2346
4285,Preventivo,TIERRA CALIENTE,HOSPITAL GENERAL DE COYUCA DE CATALÁN,CIAC,53FXC243F,40FXC243F-C,PLANTA BAJA SUBESTACION ELECTRICA,MINISPLIT 2 TONELADAS 220V,MINISPLIT,Aire Acondicionado,2347
4286,Correctivo,TIERRA CALIENTE,HOSPITAL GENERAL DE COYUCA DE CATALÁN,CIAC,53FXC243F,40FXC243F-C,PLANTA BAJA SUBESTACION ELECTRICA,MINISPLIT 2 TONELADAS 220V,MINISPLIT,Aire Acondicionado,2348
4287,Preventivo,TIERRA CALIENTE,HOSPITAL GENERAL DE COYUCA DE CATALÁN,YORK,YRH JXC 018 BAH JFY,110 001 005 021 400 122,PLANTA BAJA VOCEO Y COMUNICACIÓN,MINISPLIT 1.5 TONELADAS 220V,MINISPLIT,Aire Acondicionado,2349
4288,Correctivo,TIERRA CALIENTE,HOSPITAL GENERAL DE COYUCA DE CATALÁN,YORK,YRH JXC 018 BAH JFY,110 001 005 021 400 122,PLANTA BAJA VOCEO Y COMUNICACIÓN,MINISPLIT 1.5 TONELADAS 220V,MINISPLIT,Aire Acondicionado,2350
4289,Preventivo,TIERRA CALIENTE,HOSPITAL GENERAL DE COYUCA DE CATALÁN,YORK,JRH JXC 012 BAH JFY,110 001 005 021 400 002,PLANTA BAJA VOCEO Y COMUNICACIÓN,MINISPLIT 1.5 TONELADAS 220V,MINISPLIT,Aire Acondicionado,2351
4290,Correctivo,TIERRA CALIENTE,HOSPITAL GENERAL DE COYUCA DE CATALÁN,YORK,JRH JXC 012 BAH JFY,110 001 005 021 400 002,PLANTA BAJA VOCEO Y COMUNICACIÓN,MINISPLIT 1.5 TONELADAS 220V,MINISPLIT,Aire Acondicionado,2352
4291,Preventivo,TIERRA CALIENTE,HOSPITAL GENERAL DE COYUCA DE CATALÁN,YORK,JRH JXC 012 BAH JFY,110 001 005 021 400 044,PLANTA BAJA VOCEO Y COMUNICACIÓN,MINISPLIT 1.5 TONELADAS 220V,MINISPLIT,Aire Acondicionado,2353
4292,Correctivo,TIERRA CALIENTE,HOSPITAL GENERAL DE COYUCA DE CATALÁN,YORK,JRH JXC 012 BAH JFY,110 001 005 021 400 044,PLANTA BAJA VOCEO Y COMUNICACIÓN,MINISPLIT 1.5 TONELADAS 220V,MINISPLIT,Aire Acondicionado,2354
4293,Preventivo,TIERRA CALIENTE,HOSPITAL GENERAL DE COYUCA DE CATALÁN,CIAC,40F XQ1 23D - E,340 D09 256 041 707 013 0074,PLANTA BAJA URG. CONSULTORIO DE VALORACION 1,MINISPLIT 1 TONELADA 220V,MINISPLIT,Aire Acondicionado,2355
4294,Correctivo,TIERRA CALIENTE,HOSPITAL GENERAL DE COYUCA DE CATALÁN,CIAC,40F XQ1 23D - E,340 D09 256 041 707 013 0074,PLANTA BAJA URG. CONSULTORIO DE VALORACION 1,MINISPLIT 1 TONELADA 220V,MINISPLIT,Aire Acondicionado,2356
4295,Preventivo,TIERRA CALIENTE,HOSPITAL GENERAL DE COYUCA DE CATALÁN,CIAC,40F XQ1 23D - E,340 D09 256 041 707 013 0067,PLANTA BAJA URG. CONSULTORIO DE VALORACION 3,MINISPLIT 1 TONELADA 220V,MINISPLIT,Aire Acondicionado,2357
4296,Correctivo,TIERRA CALIENTE,HOSPITAL GENERAL DE COYUCA DE CATALÁN,CIAC,40F XQ1 23D - E,340 D09 256 041 707 013 0067,PLANTA BAJA URG. CONSULTORIO DE VALORACION 3,MINISPLIT 1 TONELADA 220V,MINISPLIT,Aire Acondicionado,2358
4297,Preventivo,TIERRA CALIENTE,HOSPITAL GENERAL DE COYUCA DE CATALÁN,MIDEA,MAS 24C 2A GO,341 B98 582 030 B25 013 0041,PLANTA BAJA URGENCIAS OBSERV. ADULTOS,MINISPLIT 2 TONELADAS 220V,MINISPLIT,Aire Acondicionado,2359
4298,Correctivo,TIERRA CALIENTE,HOSPITAL GENERAL DE COYUCA DE CATALÁN,MIDEA,MAS 24C 2A GO,341 B98 582 030 B25 013 0041,PLANTA BAJA URGENCIAS OBSERV. ADULTOS,MINISPLIT 2 TONELADAS 220V,MINISPLIT,Aire Acondicionado,2360
4299,Preventivo,TIERRA CALIENTE,HOSPITAL GENERAL DE COYUCA DE CATALÁN,MIDEA,MAS 24C 2A GO,341 B98 005 010 B12 013 0013,PLANTA BAJA URGENCIAS OBSERV. ADULTOS,MINISPLIT 2 TONELADAS 220V,MINISPLIT,Aire Acondicionado,2361
4300,Correctivo,TIERRA CALIENTE,HOSPITAL GENERAL DE COYUCA DE CATALÁN,MIDEA,MAS 24C 2A GO,341 B98 005 010 B12 013 0013,PLANTA BAJA URGENCIAS OBSERV. ADULTOS,MINISPLIT 2 TONELADAS 220V,MINISPLIT,Aire Acondicionado,2362
4301,Preventivo,TIERRA CALIENTE,HOSPITAL GENERAL DE COYUCA DE CATALÁN,TRANE,4MC W15 12A 1000 A,X22 11T 012 2IC 0171,PLANTA BAJA URGENCIAS OBSERV. PEDIATRICAS,MINISPLIT 1 TONELADAS 220V,MINISPLIT,Aire Acondicionado,2363
4302,Correctivo,TIERRA CALIENTE,HOSPITAL GENERAL DE COYUCA DE CATALÁN,TRANE,4MC W15 12A 1000 A,X22 11T 012 2IC 0171,PLANTA BAJA URGENCIAS OBSERV. PEDIATRICAS,MINISPLIT 1 TONELADAS 220V,MINISPLIT,Aire Acondicionado,2364
4303,Preventivo,TIERRA CALIENTE,HOSPITAL GENERAL DE COYUCA DE CATALÁN,TRANE,4NC W15 12A 100 0AA,X22 11T 012 2IC 0128,PLANTA BAJA CEYE-ESTERILIZADO,MINISPLIT 1 TONELADAS 220V,MINISPLIT,Aire Acondicionado,2365
4304,Correctivo,TIERRA CALIENTE,HOSPITAL GENERAL DE COYUCA DE CATALÁN,TRANE,4NC W15 12A 100 0AA,X22 11T 012 2IC 0128,PLANTA BAJA CEYE-ESTERILIZADO,MINISPLIT 1 TONELADAS 220V,MINISPLIT,Aire Acondicionado,2366
4305,Preventivo,TIERRA CALIENTE,HOSPITAL GENERAL DE COYUCA DE CATALÁN,MIRAGE,ELF 261E,ELF 261 E70 662 026 68,PLANTA BAJA SALA DE CIRUGIA 2,MINISPLIT 2 TONELADAS 220V,MINISPLIT,Aire Acondicionado,2367
4306,Correctivo,TIERRA CALIENTE,HOSPITAL GENERAL DE COYUCA DE CATALÁN,MIRAGE,ELF 261E,ELF 261 E70 662 026 68,PLANTA BAJA SALA DE CIRUGIA 2,MINISPLIT 2 TONELADAS 220V,MINISPLIT,Aire Acondicionado,2368
4307,Preventivo,TIERRA CALIENTE,HOSPITAL GENERAL DE COYUCA DE CATALÁN,MIRAGE,ELF 261D,ELF 261 D70 821 010 70,PLANTA BAJA SALA DE CIRUGIA 3,MINISPLIT 2 TONELADAS 220V,MINISPLIT,Aire Acondicionado,2369
4308,Correctivo,TIERRA CALIENTE,HOSPITAL GENERAL DE COYUCA DE CATALÁN,MIRAGE,ELF 261D,ELF 261 D70 821 010 70,PLANTA BAJA SALA DE CIRUGIA 3,MINISPLIT 2 TONELADAS 220V,MINISPLIT,Aire Acondicionado,2370
4309,Preventivo,TIERRA CALIENTE,HOSPITAL GENERAL DE COYUCA DE CATALÁN,TRANE,4MC W15 12A 100 0AA,X22 32T O12 2IC 0071,PLANTA BAJA SALA DE EXPULSION 1,MINISPLIT 1 TONELADA 220V,MINISPLIT,Aire Acondicionado,2371
4310,Correctivo,TIERRA CALIENTE,HOSPITAL GENERAL DE COYUCA DE CATALÁN,TRANE,4MC W15 12A 100 0AA,X22 32T O12 2IC 0071,PLANTA BAJA SALA DE EXPULSION 1,MINISPLIT 1 TONELADA 220V,MINISPLIT,Aire Acondicionado,2372
4311,Preventivo,TIERRA CALIENTE,HOSPITAL GENERAL DE COYUCA DE CATALÁN,CIAC,40FXQ183D-E,53FXQ183D,PLANTA BAJA ARCHIVO CLINICO,MINISPLIT 1.5 TONELADAS 220V,MINISPLIT,Aire Acondicionado,2373
4312,Correctivo,TIERRA CALIENTE,HOSPITAL GENERAL DE COYUCA DE CATALÁN,CIAC,40FXQ183D-E,53FXQ183D,PLANTA BAJA ARCHIVO CLINICO,MINISPLIT 1.5 TONELADAS 220V,MINISPLIT,Aire Acondicionado,2374
4313,Preventivo,TIERRA CALIENTE,HOSPITAL GENERAL DE COYUCA DE CATALÁN,CIAC,40F XQ1 23D - E,340 D09 256 041 707 013 0035,PLANTA BAJA ESTOMATOLOGIA,MINISPLIT 1 TONELADAS 220V,MINISPLIT,Aire Acondicionado,2375
4314,Correctivo,TIERRA CALIENTE,HOSPITAL GENERAL DE COYUCA DE CATALÁN,CIAC,40F XQ1 23D - E,340 D09 256 041 707 013 0035,PLANTA BAJA ESTOMATOLOGIA,MINISPLIT 1 TONELADAS 220V,MINISPLIT,Aire Acondicionado,2376
4315,Preventivo,TIERRA CALIENTE,HOSPITAL GENERAL DE COYUCA DE CATALÁN,CIAC,40F XQ1 23D - E,340 D09 256 041 707 013 0023,PLANTA BAJA CONSULTORIO NO. 1,MINISPLIT 1 TONELADAS 220V,MINISPLIT,Aire Acondicionado,2377
4316,Correctivo,TIERRA CALIENTE,HOSPITAL GENERAL DE COYUCA DE CATALÁN,CIAC,40F XQ1 23D - E,340 D09 256 041 707 013 0023,PLANTA BAJA CONSULTORIO NO. 1,MINISPLIT 1 TONELADAS 220V,MINISPLIT,Aire Acondicionado,2378
4317,Preventivo,TIERRA CALIENTE,HOSPITAL GENERAL DE COYUCA DE CATALÁN,CIAC,40F XQ1 23D - E,340 D09 256 041 707 013 0009,PLANTA BAJA CONSULTORIO NO. 2,MINISPLIT 1 TONELADAS 220V,MINISPLIT,Aire Acondicionado,2379
4318,Correctivo,TIERRA CALIENTE,HOSPITAL GENERAL DE COYUCA DE CATALÁN,CIAC,40F XQ1 23D - E,340 D09 256 041 707 013 0009,PLANTA BAJA CONSULTORIO NO. 2,MINISPLIT 1 TONELADAS 220V,MINISPLIT,Aire Acondicionado,2380
4319,Preventivo,TIERRA CALIENTE,HOSPITAL GENERAL DE COYUCA DE CATALÁN,CIAC,40F XQ1 23D - E,340 D09 256 041 707 013 0050,PLANTA BAJA CONSULTORIO MEDICINA INTERNA,MINISPLIT 1 TONELADAS 220V,MINISPLIT,Aire Acondicionado,2381
4320,Correctivo,TIERRA CALIENTE,HOSPITAL GENERAL DE COYUCA DE CATALÁN,CIAC,40F XQ1 23D - E,340 D09 256 041 707 013 0050,PLANTA BAJA CONSULTORIO MEDICINA INTERNA,MINISPLIT 1 TONELADAS 220V,MINISPLIT,Aire Acondicionado,2382
4321,Preventivo,TIERRA CALIENTE,HOSPITAL GENERAL DE COYUCA DE CATALÁN,CIAC,40F XQ1 23D - E,340 D09 256 041 707 013 0025,PLANTA BAJA CONSULTORIO PEDIATRIA,MINISPLIT 1 TONELADAS 220V,MINISPLIT,Aire Acondicionado,2383
4322,Correctivo,TIERRA CALIENTE,HOSPITAL GENERAL DE COYUCA DE CATALÁN,CIAC,40F XQ1 23D - E,340 D09 256 041 707 013 0025,PLANTA BAJA CONSULTORIO PEDIATRIA,MINISPLIT 1 TONELADAS 220V,MINISPLIT,Aire Acondicionado,2384
4323,Preventivo,TIERRA CALIENTE,HOSPITAL GENERAL DE COYUCA DE CATALÁN,CIAC,40F XQ1 23D - E,340 D09 256 041 707 013 0066,PLANTA BAJA CIRUGIA GENERAL,MINISPLIT 1 TONELADAS 220V,MINISPLIT,Aire Acondicionado,2385
4324,Correctivo,TIERRA CALIENTE,HOSPITAL GENERAL DE COYUCA DE CATALÁN,CIAC,40F XQ1 23D - E,340 D09 256 041 707 013 0066,PLANTA BAJA CIRUGIA GENERAL,MINISPLIT 1 TONELADAS 220V,MINISPLIT,Aire Acondicionado,2386
4325,Preventivo,TIERRA CALIENTE,HOSPITAL GENERAL DE COYUCA DE CATALÁN,CIAC,40F XQ1 23D - E,340 D09 256 041 707 013 0060,PLANTA BAJA TRAUMATOLOGIA,MINISPLIT 1 TONELADAS 220V,MINISPLIT,Aire Acondicionado,2387
4326,Correctivo,TIERRA CALIENTE,HOSPITAL GENERAL DE COYUCA DE CATALÁN,CIAC,40F XQ1 23D - E,340 D09 256 041 707 013 0060,PLANTA BAJA TRAUMATOLOGIA,MINISPLIT 1 TONELADAS 220V,MINISPLIT,Aire Acondicionado,2388
4327,Preventivo,TIERRA CALIENTE,HOSPITAL GENERAL DE COYUCA DE CATALÁN,CIAC,53 FXC 12 T2,53FX123T2,PLANTA BAJA COLPOSCOPIA,MINISPLIT 1 TONELADAS 220V,MINISPLIT,Aire Acondicionado,2389
4328,Correctivo,TIERRA CALIENTE,HOSPITAL GENERAL DE COYUCA DE CATALÁN,CIAC,53 FXC 12 T2,53FX123T2,PLANTA BAJA COLPOSCOPIA,MINISPLIT 1 TONELADAS 220V,MINISPLIT,Aire Acondicionado,2390
4329,Preventivo,TIERRA CALIENTE,HOSPITAL GENERAL DE COYUCA DE CATALÁN,CIAC,53 FXQ 123D,340 D09 256 041 707 013 0022,PLANTA BAJA CONS. GINECOLOGIA,MINISPLIT 1 TONELADAS 220V,MINISPLIT,Aire Acondicionado,2391
4330,Correctivo,TIERRA CALIENTE,HOSPITAL GENERAL DE COYUCA DE CATALÁN,CIAC,53 FXQ 123D,340 D09 256 041 707 013 0022,PLANTA BAJA CONS. GINECOLOGIA,MINISPLIT 1 TONELADAS 220V,MINISPLIT,Aire Acondicionado,2392
4331,Preventivo,TIERRA CALIENTE,HOSPITAL GENERAL DE COYUCA DE CATALÁN,CIAC,40F XQ1 23D - E,340 D09 256 041 707 013 0002,PLANTA BAJA MODULO SAISME,MINISPLIT 1 TONELADAS 220V,MINISPLIT,Aire Acondicionado,2393
4332,Correctivo,TIERRA CALIENTE,HOSPITAL GENERAL DE COYUCA DE CATALÁN,CIAC,40F XQ1 23D - E,340 D09 256 041 707 013 0002,PLANTA BAJA MODULO SAISME,MINISPLIT 1 TONELADAS 220V,MINISPLIT,Aire Acondicionado,2394
4333,Preventivo,TIERRA CALIENTE,HOSPITAL GENERAL DE COYUCA DE CATALÁN,CIAC,40F XC1 23T2,S/SERIE,PLANTA BAJA TRABAJO SOCIAL,MINISPLIT 1 TONELADAS 220V,MINISPLIT,Aire Acondicionado,2395
4334,Correctivo,TIERRA CALIENTE,HOSPITAL GENERAL DE COYUCA DE CATALÁN,CIAC,40F XC1 23T2,S/SERIE,PLANTA BAJA TRABAJO SOCIAL,MINISPLIT 1 TONELADAS 220V,MINISPLIT,Aire Acondicionado,2396
4335,Preventivo,TIERRA CALIENTE,HOSPITAL GENERAL DE COYUCA DE CATALÁN,YORK,JRH JXC 018 BAH JFY,110 001 005 021 400 105,PLANTA BAJA SINDICATO,MINISPLIT 1.5 TONELADAS 220V,MINISPLIT,Aire Acondicionado,2397
4336,Correctivo,TIERRA CALIENTE,HOSPITAL GENERAL DE COYUCA DE CATALÁN,YORK,JRH JXC 018 BAH JFY,110 001 005 021 400 105,PLANTA BAJA SINDICATO,MINISPLIT 1.5 TONELADAS 220V,MINISPLIT,Aire Acondicionado,2398
4337,Preventivo,TIERRA CALIENTE,HOSPITAL GENERAL DE COYUCA DE CATALÁN,TRANE,4MCW1524A1000AA,4TTK1524A1L00AA,PLANTA BAJA FARMACIA,MINISPLIT 2 TONELADAS 220V,MINISPLIT,Aire Acondicionado,2399
4338,Correctivo,TIERRA CALIENTE,HOSPITAL GENERAL DE COYUCA DE CATALÁN,TRANE,4MCW1524A1000AA,4TTK1524A1L00AA,PLANTA BAJA FARMACIA,MINISPLIT 2 TONELADAS 220V,MINISPLIT,Aire Acondicionado,2400
4339,Preventivo,TIERRA CALIENTE,HOSPITAL GENERAL DE COYUCA DE CATALÁN,CIAC,53F XC2 43T2,40FXC243T2-E,NIVEL 1 ENCAMADOS MED. INTERNA,MINISPLIT 2 TONELADAS 220V,MINISPLIT,Aire Acondicionado,2401
4340,Correctivo,TIERRA CALIENTE,HOSPITAL GENERAL DE COYUCA DE CATALÁN,CIAC,53F XC2 43T2,40FXC243T2-E,NIVEL 1 ENCAMADOS MED. INTERNA,MINISPLIT 2 TONELADAS 220V,MINISPLIT,Aire Acondicionado,2402
4341,Preventivo,TIERRA CALIENTE,HOSPITAL GENERAL DE COYUCA DE CATALÁN,CIAC,53F XC2 43T2,40FXC243T2-E,NIVEL 1 ENCAMADOS MED. INTERNA,MINISPLIT 2 TONELADAS 220V,MINISPLIT,Aire Acondicionado,2403
4342,Correctivo,TIERRA CALIENTE,HOSPITAL GENERAL DE COYUCA DE CATALÁN,CIAC,53F XC2 43T2,40FXC243T2-E,NIVEL 1 ENCAMADOS MED. INTERNA,MINISPLIT 2 TONELADAS 220V,MINISPLIT,Aire Acondicionado,2404
4343,Preventivo,TIERRA CALIENTE,HOSPITAL GENERAL DE COYUCA DE CATALÁN,MIRAGE,ELF 181 H,ELF 181 H44 022 201 196,NIVEL 1 UCIN,MINISPLIT 1.5 TONELADAS 220V,MINISPLIT,Aire Acondicionado,2405
4344,Correctivo,TIERRA CALIENTE,HOSPITAL GENERAL DE COYUCA DE CATALÁN,MIRAGE,ELF 181 H,ELF 181 H44 022 201 196,NIVEL 1 UCIN,MINISPLIT 1.5 TONELADAS 220V,MINISPLIT,Aire Acondicionado,2406
4345,Preventivo,TIERRA CALIENTE,HOSPITAL GENERAL DE COYUCA DE CATALÁN,CIAC,40F XQ1 23D - E,340 D09 256 041 707 013 0068,NIVEL 1 UCIN,MINISPLIT 1 TONELADAS 220V,MINISPLIT,Aire Acondicionado,2407
4346,Correctivo,TIERRA CALIENTE,HOSPITAL GENERAL DE COYUCA DE CATALÁN,CIAC,40F XQ1 23D - E,340 D09 256 041 707 013 0068,NIVEL 1 UCIN,MINISPLIT 1 TONELADAS 220V,MINISPLIT,Aire Acondicionado,2408
4347,Preventivo,TIERRA CALIENTE,HOSPITAL GENERAL DE COYUCA DE CATALÁN,MIRAGE,ELF181D,340E82209011B130130881,NIVEL 1 SALA DE JUNTAS GOBIERNO,MINISPLIT 1.5 TONELADAS 220V,MINISPLIT,Aire Acondicionado,2409
4348,Correctivo,TIERRA CALIENTE,HOSPITAL GENERAL DE COYUCA DE CATALÁN,MIRAGE,ELF181D,340E82209011B130130881,NIVEL 1 SALA DE JUNTAS GOBIERNO,MINISPLIT 1.5 TONELADAS 220V,MINISPLIT,Aire Acondicionado,2410
4349,Preventivo,TIERRA CALIENTE,HOSPITAL GENERAL DE COYUCA DE CATALÁN,CIAC,53FXC243T2,40FXC243T2-3,NIVEL 1 BANCO DE SANGRE,MINISPLIT 2 TONELADAS 220V,MINISPLIT,Aire Acondicionado,2411
4350,Correctivo,TIERRA CALIENTE,HOSPITAL GENERAL DE COYUCA DE CATALÁN,CIAC,53FXC243T2,40FXC243T2-3,NIVEL 1 BANCO DE SANGRE,MINISPLIT 2 TONELADAS 220V,MINISPLIT,Aire Acondicionado,2412
4351,Preventivo,TIERRA CALIENTE,HOSPITAL GENERAL DE COYUCA DE CATALÁN,MIRAGE,EHF121R,EHF121R9042102666,NIVEL 1 ULTRASONIDO,MINISPLIT 1 TONELADAS 220V,MINISPLIT,Aire Acondicionado,2413
4352,Correctivo,TIERRA CALIENTE,HOSPITAL GENERAL DE COYUCA DE CATALÁN,MIRAGE,EHF121R,EHF121R9042102666,NIVEL 1 ULTRASONIDO,MINISPLIT 1 TONELADAS 220V,MINISPLIT,Aire Acondicionado,2414
4353,Preventivo,TIERRA CALIENTE,HOSPITAL GENERAL DE COYUCA DE CATALÁN,YORK,YHEA12FS-ADK,213401079091200000,NIVEL 1 MASTOGRAFO,MINISPLIT 1 TONELADAS 220V,MINISPLIT,Aire Acondicionado,2415
4354,Correctivo,TIERRA CALIENTE,HOSPITAL GENERAL DE COYUCA DE CATALÁN,YORK,YHEA12FS-ADK,213401079091200000,NIVEL 1 MASTOGRAFO,MINISPLIT 1 TONELADAS 220V,MINISPLIT,Aire Acondicionado,2416
4355,Preventivo,TIERRA CALIENTE,HOSPITAL GENERAL DE COYUCA DE CATALÁN,CIAC,40FXQ183D-E,53FXQ183D,NIVEL 1 SALA DE RAYOS X,MINISPLIT 1.5 TONELADAS 220V,MINISPLIT,Aire Acondicionado,2417
4356,Correctivo,TIERRA CALIENTE,HOSPITAL GENERAL DE COYUCA DE CATALÁN,CIAC,40FXQ183D-E,53FXQ183D,NIVEL 1 SALA DE RAYOS X,MINISPLIT 1.5 TONELADAS 220V,MINISPLIT,Aire Acondicionado,2418
4357,Preventivo,TIERRA CALIENTE,HOSPITAL GENERAL DE COYUCA DE CATALÁN,CIAC,53F XC2 43T2,40FXC243T2-E,NIVEL 2 ENCAMADOS SALA MARIPOSA,MINISPLIT 2 TONELADAS 220V,MINISPLIT,Aire Acondicionado,2419
4358,Correctivo,TIERRA CALIENTE,HOSPITAL GENERAL DE COYUCA DE CATALÁN,CIAC,53F XC2 43T2,40FXC243T2-E,NIVEL 2 ENCAMADOS SALA MARIPOSA,MINISPLIT 2 TONELADAS 220V,MINISPLIT,Aire Acondicionado,2420
4359,Preventivo,TIERRA CALIENTE,HOSPITAL GENERAL DE COYUCA DE CATALÁN,CIAC,53F XC2 43T2,40FXC243T2-E,NIVEL 2 ENCAMADOS GINECOLOGIA,MINISPLIT 2 TONELADAS 220V,MINISPLIT,Aire Acondicionado,2421
4360,Correctivo,TIERRA CALIENTE,HOSPITAL GENERAL DE COYUCA DE CATALÁN,CIAC,53F XC2 43T2,40FXC243T2-E,NIVEL 2 ENCAMADOS GINECOLOGIA,MINISPLIT 2 TONELADAS 220V,MINISPLIT,Aire Acondicionado,2422
4361,Preventivo,TIERRA CALIENTE,HOSPITAL GENERAL DE COYUCA DE CATALÁN,CIAC,53F XC2 43T2,40FXC243T2-E,NIVEL 2 ENCAMADOS GINECOLOGIA,MINISPLIT 2 TONELADAS 220V,MINISPLIT,Aire Acondicionado,2423
4362,Correctivo,TIERRA CALIENTE,HOSPITAL GENERAL DE COYUCA DE CATALÁN,CIAC,53F XC2 43T2,40FXC243T2-E,NIVEL 2 ENCAMADOS GINECOLOGIA,MINISPLIT 2 TONELADAS 220V,MINISPLIT,Aire Acondicionado,2424
4363,Preventivo,TIERRA CALIENTE,HOSPITAL GENERAL DE COYUCA DE CATALÁN,MIRAGE,ELF 261 H / X LIFE,ELF 261 H44 0125 202 070,NIVEL 2 ENCAMADOS GINECOLOGIA,MINISPLIT 2 TONELADAS 220V,MINISPLIT,Aire Acondicionado,2425
4364,Correctivo,TIERRA CALIENTE,HOSPITAL GENERAL DE COYUCA DE CATALÁN,MIRAGE,ELF 261 H / X LIFE,ELF 261 H44 0125 202 070,NIVEL 2 ENCAMADOS GINECOLOGIA,MINISPLIT 2 TONELADAS 220V,MINISPLIT,Aire Acondicionado,2426
4365,Preventivo,TIERRA CALIENTE,HOSPITAL GENERAL DE COYUCA DE CATALÁN,CIAC,53F XC2 43T2,40FXC243T2-E,NIVEL 2 MEDICO RESIDENTE,MINISPLIT 2 TONELADAS 220V,MINISPLIT,Aire Acondicionado,2427
4366,Correctivo,TIERRA CALIENTE,HOSPITAL GENERAL DE COYUCA DE CATALÁN,CIAC,53F XC2 43T2,40FXC243T2-E,NIVEL 2 MEDICO RESIDENTE,MINISPLIT 2 TONELADAS 220V,MINISPLIT,Aire Acondicionado,2428
4367,Preventivo,TIERRA CALIENTE,HOSPITAL GENERAL DE COYUCA DE CATALÁN,MIRAGE,ELF 181H,ELF 181 H44 022 201 798,NIVEL 2 BANCO DE LECHE / LACTARIO,MINISPLIT 1 TONELADAS 220V,MINISPLIT,Aire Acondicionado,2429
4368,Correctivo,TIERRA CALIENTE,HOSPITAL GENERAL DE COYUCA DE CATALÁN,MIRAGE,ELF 181H,ELF 181 H44 022 201 798,NIVEL 2 BANCO DE LECHE / LACTARIO,MINISPLIT 1 TONELADAS 220V,MINISPLIT,Aire Acondicionado,2430
4369,Preventivo,TIERRA CALIENTE,HOSPITAL GENERAL DE COYUCA DE CATALÁN,MIRAGE,ELF261E,ELF 261E7012200404,NIVEL 2 PEDIATRIA,MINISPLIT 2 TONELADAS 220V,MINISPLIT,Aire Acondicionado,2431
4370,Correctivo,TIERRA CALIENTE,HOSPITAL GENERAL DE COYUCA DE CATALÁN,MIRAGE,ELF261E,ELF 261E7012200404,NIVEL 2 PEDIATRIA,MINISPLIT 2 TONELADAS 220V,MINISPLIT,Aire Acondicionado,2432
4371,Preventivo,TIERRA CALIENTE,HOSPITAL GENERAL DE COYUCA DE CATALÁN,MIRAGE,ELF261E,ELF261E7012200356,NIVEL 2 PEDIATRIA,MINISPLIT 2 TONELADAS 220V,MINISPLIT,Aire Acondicionado,2433
4372,Correctivo,TIERRA CALIENTE,HOSPITAL GENERAL DE COYUCA DE CATALÁN,MIRAGE,ELF261E,ELF261E7012200356,NIVEL 2 PEDIATRIA,MINISPLIT 2 TONELADAS 220V,MINISPLIT,Aire Acondicionado,2434
4373,Preventivo,TIERRA CALIENTE,HOSPITAL GENERAL DE COYUCA DE CATALÁN,MIRAGE,ELF181D,ELF181D7112100221,NIVEL 2 UTIN,MINISPLIT 1.5 TONELADAS 220V,MINISPLIT,Aire Acondicionado,2435
4374,Correctivo,TIERRA CALIENTE,HOSPITAL GENERAL DE COYUCA DE CATALÁN,MIRAGE,ELF181D,ELF181D7112100221,NIVEL 2 UTIN,MINISPLIT 1.5 TONELADAS 220V,MINISPLIT,Aire Acondicionado,2436
4375,Preventivo,TIERRA CALIENTE,HOSPITAL GENERAL DE COYUCA DE CATALÁN,CIAC,40FXQ123D-E,340D092560417070130034,NIVEL 2 UTIN,MINISPLIT 1 TONELADAS 220V,MINISPLIT,Aire Acondicionado,2437
4376,Correctivo,TIERRA CALIENTE,HOSPITAL GENERAL DE COYUCA DE CATALÁN,CIAC,40FXQ123D-E,340D092560417070130034,NIVEL 2 UTIN,MINISPLIT 1 TONELADAS 220V,MINISPLIT,Aire Acondicionado,2438
4377,Preventivo,TIERRA CALIENTE,HOSPITAL GENERAL DE COYUCA DE CATALÁN,MI IDEA,MAS12C1AGO,341B986410111260130511,NIVEL 2 JEFATURA ENSEÑANZA,MINISPLIT 1 TONELADAS 220V,MINISPLIT,Aire Acondicionado,2439
4378,Correctivo,TIERRA CALIENTE,HOSPITAL GENERAL DE COYUCA DE CATALÁN,MI IDEA,MAS12C1AGO,341B986410111260130511,NIVEL 2 JEFATURA ENSEÑANZA,MINISPLIT 1 TONELADAS 220V,MINISPLIT,Aire Acondicionado,2440
4379,Preventivo,TIERRA CALIENTE,HOSPITAL GENERAL DE COYUCA DE CATALÁN,CIAC,40FXC243T2-E,53FXC243T2,NIVEL 2 PASILLO ENSEÑANZA,MINI SPLIT 2 TONELADAS 220V,MINISPLIT,Aire Acondicionado,2441
4380,Correctivo,TIERRA CALIENTE,HOSPITAL GENERAL DE COYUCA DE CATALÁN,CIAC,40FXC243T2-E,53FXC243T2,NIVEL 2 PASILLO ENSEÑANZA,MINI SPLIT 2 TONELADAS 220V,MINISPLIT,Aire Acondicionado,2442
4381,Preventivo,TIERRA CALIENTE,HOSPITAL GENERAL DE COYUCA DE CATALÁN,CIAC,40FXC243T2-E,53FXC243T2,NIVEL 2 BIBLIOTECA ENSEÑANZA,MINI SPLIT 2 TONELADAS 220V,MINISPLIT,Aire Acondicionado,2443
4382,Correctivo,TIERRA CALIENTE,HOSPITAL GENERAL DE COYUCA DE CATALÁN,CIAC,40FXC243T2-E,53FXC243T2,NIVEL 2 BIBLIOTECA ENSEÑANZA,MINI SPLIT 2 TONELADAS 220V,MINISPLIT,Aire Acondicionado,2444
4383,Preventivo,TIERRA CALIENTE,HOSPITAL GENERAL DE COYUCA DE CATALÁN,CIAC,40FXC243T2-E,53FXC243T2,NIVEL 2 AULA 2 DE ENSEÑANZA,MINI SPLIT 2 TONELADAS 220V,MINISPLIT,Aire Acondicionado,2445
4384,Correctivo,TIERRA CALIENTE,HOSPITAL GENERAL DE COYUCA DE CATALÁN,CIAC,40FXC243T2-E,53FXC243T2,NIVEL 2 AULA 2 DE ENSEÑANZA,MINI SPLIT 2 TONELADAS 220V,MINISPLIT,Aire Acondicionado,2446
4385,Preventivo,TIERRA CALIENTE,HOSPITAL GENERAL DE COYUCA DE CATALÁN,CIAC,40FXC243F-E,53FXC243F,NIVEL 2 AULA 2 DE ENSEÑANZA,MINI SPLIT 2 TONELADAS 220V,MINISPLIT,Aire Acondicionado,2447
4386,Correctivo,TIERRA CALIENTE,HOSPITAL GENERAL DE COYUCA DE CATALÁN,CIAC,40FXC243F-E,53FXC243F,NIVEL 2 AULA 2 DE ENSEÑANZA,MINI SPLIT 2 TONELADAS 220V,MINISPLIT,Aire Acondicionado,2448
4387,Preventivo,TIERRA CALIENTE,HOSPITAL GENERAL DE COYUCA DE CATALÁN,CIAC,40FXC243T2-E,53FXC243T2,NIVEL 2 AULA 1 DE ENSEÑANZA,MINI SPLIT 2 TONELADAS 220V,MINISPLIT,Aire Acondicionado,2449
4388,Correctivo,TIERRA CALIENTE,HOSPITAL GENERAL DE COYUCA DE CATALÁN,CIAC,40FXC243T2-E,53FXC243T2,NIVEL 2 AULA 1 DE ENSEÑANZA,MINI SPLIT 2 TONELADAS 220V,MINISPLIT,Aire Acondicionado,2450
4389,Preventivo,TIERRA CALIENTE,HOSPITAL GENERAL DE COYUCA DE CATALÁN,CIAC,40FXC243F-E,53FXC243F,NIVEL 2 AULA 1 DE ENSEÑANZA,MINI SPLIT 2 TONELADAS 220V,MINISPLIT,Aire Acondicionado,2451
4390,Correctivo,TIERRA CALIENTE,HOSPITAL GENERAL DE COYUCA DE CATALÁN,CIAC,40FXC243F-E,53FXC243F,NIVEL 2 AULA 1 DE ENSEÑANZA,MINI SPLIT 2 TONELADAS 220V,MINISPLIT,Aire Acondicionado,2452
4391,Preventivo,TIERRA CALIENTE,HOSPITAL GENERAL DE COYUCA DE CATALÁN,MIRAGE,CXC120D,63229951678,NIVEL 2 TRABAJO SOCIAL,MINI SPLIT 1 TONELADA 115V,MINISPLIT,Aire Acondicionado,2453
4392,Correctivo,TIERRA CALIENTE,HOSPITAL GENERAL DE COYUCA DE CATALÁN,MIRAGE,CXC120D,63229951678,NIVEL 2 TRABAJO SOCIAL,MINI SPLIT 1 TONELADA 115V,MINISPLIT,Aire Acondicionado,2454
4393,Preventivo,TIERRA CALIENTE,HOSPITAL GENERAL DE COYUCA DE CATALÁN,MIRAGE,EXF261F,EXF261F7121500368,MANTENIMINETO,MINI SPLIT 2 TONELADAS 220V,MINISPLIT,Aire Acondicionado,2455
4394,Correctivo,TIERRA CALIENTE,HOSPITAL GENERAL DE COYUCA DE CATALÁN,MIRAGE,EXF261F,EXF261F7121500368,MANTENIMINETO,MINI SPLIT 2 TONELADAS 220V,MINISPLIT,Aire Acondicionado,2456
4395,Preventivo,TIERRA CALIENTE,HOSPITAL GENERAL DE COYUCA DE CATALÁN,YORK,AGBMXT0266,XT1-045X060-BAHA046A,AZOTEA PRIMER NIVEL,UMA-21 ARCHIVO,UMA,Aire Acondicionado,2457
4396,Correctivo,TIERRA CALIENTE,HOSPITAL GENERAL DE COYUCA DE CATALÁN,YORK,AGBMXT0266,XT1-045X060-BAHA046A,AZOTEA PRIMER NIVEL,UMA-21 ARCHIVO,UMA,Aire Acondicionado,2458
4397,Preventivo,TIERRA CALIENTE,HOSPITAL GENERAL DE COYUCA DE CATALÁN,YORK,AGBMXT0247,XT1-045X060-BAHA046A,AZOTEA PLANTA BAJA,UMA-22 CONSERVACION,UMA,Aire Acondicionado,2459
4398,Correctivo,TIERRA CALIENTE,HOSPITAL GENERAL DE COYUCA DE CATALÁN,YORK,AGBMXT0247,XT1-045X060-BAHA046A,AZOTEA PLANTA BAJA,UMA-22 CONSERVACION,UMA,Aire Acondicionado,2460
2781,Preventivo,TIERRA CALIENTE,CENTRO COMUNITARIO DE SALUD MENTAL Y ADICCIONES CD. ALTMIRANO PUNGARABATO,CARRIER,CIAC 53FXC243F,540Q585140749120130098,1,MINISPLIT 1.5 TON,MINISPLIT,Aire Acondicionado,2461
2782,Correctivo,TIERRA CALIENTE,CENTRO COMUNITARIO DE SALUD MENTAL Y ADICCIONES CD. ALTMIRANO PUNGARABATO,CARRIER,CIAC 53FXC243F,540Q585140749120130098,1,MINISPLIT 1.5 TON,MINISPLIT,Aire Acondicionado,2462
2783,Preventivo,TIERRA CALIENTE,CENTRO COMUNITARIO DE SALUD MENTAL Y ADICCIONES CD. ALTMIRANO PUNGARABATO,CARRIER,CIAC 53FXC243F,540U1928803A1190130356,2,MINISPLIT 1.5 TON,MINISPLIT,Aire Acondicionado,2463
2784,Correctivo,TIERRA CALIENTE,CENTRO COMUNITARIO DE SALUD MENTAL Y ADICCIONES CD. ALTMIRANO PUNGARABATO,CARRIER,CIAC 53FXC243F,540U1928803A1190130356,2,MINISPLIT 1.5 TON,MINISPLIT,Aire Acondicionado,2464
2785,Preventivo,TIERRA CALIENTE,CENTRO COMUNITARIO DE SALUD MENTAL Y ADICCIONES CD. ALTMIRANO PUNGARABATO,CARRIER,CIAC 53FXC243F,540Q58547034A050130570,3,MINISPLIT 2.0 TON,MINISPLIT,Aire Acondicionado,2465
2786,Correctivo,TIERRA CALIENTE,CENTRO COMUNITARIO DE SALUD MENTAL Y ADICCIONES CD. ALTMIRANO PUNGARABATO,CARRIER,CIAC 53FXC243F,540Q58547034A050130570,3,MINISPLIT 2.0 TON,MINISPLIT,Aire Acondicionado,2466
2787,Preventivo,TIERRA CALIENTE,CENTRO COMUNITARIO DE SALUD MENTAL Y ADICCIONES CD. ALTMIRANO PUNGARABATO,CARRIER,CIAC 53FXC243F,540Q104680847120130006,4,MINISPLIT 2.0 TON,MINISPLIT,Aire Acondicionado,2467
2788,Correctivo,TIERRA CALIENTE,CENTRO COMUNITARIO DE SALUD MENTAL Y ADICCIONES CD. ALTMIRANO PUNGARABATO,CARRIER,CIAC 53FXC243F,540Q104680847120130006,4,MINISPLIT 2.0 TON,MINISPLIT,Aire Acondicionado,2468
2789,Preventivo,TIERRA CALIENTE,CENTRO COMUNITARIO DE SALUD MENTAL Y ADICCIONES CD. ALTMIRANO PUNGARABATO,CARRIER,CIAC 53FXC243F,S/N,5,MINISPLIT 1.5 TON,MINISPLIT,Aire Acondicionado,2469
2790,Correctivo,TIERRA CALIENTE,CENTRO COMUNITARIO DE SALUD MENTAL Y ADICCIONES CD. ALTMIRANO PUNGARABATO,CARRIER,CIAC 53FXC243F,S/N,5,MINISPLIT 1.5 TON,MINISPLIT,Aire Acondicionado,2470
2791,Preventivo,TIERRA CALIENTE,CENTRO COMUNITARIO DE SALUD MENTAL Y ADICCIONES CD. ALTMIRANO PUNGARABATO,CARRIER,CIAC 53FXC243F,540Q58547034A050130121,6,MINISPLIT 1.5 TON,MINISPLIT,Aire Acondicionado,2471
2792,Correctivo,TIERRA CALIENTE,CENTRO COMUNITARIO DE SALUD MENTAL Y ADICCIONES CD. ALTMIRANO PUNGARABATO,CARRIER,CIAC 53FXC243F,540Q58547034A050130121,6,MINISPLIT 1.5 TON,MINISPLIT,Aire Acondicionado,2472
2793,Preventivo,TIERRA CALIENTE,CENTRO COMUNITARIO DE SALUD MENTAL Y ADICCIONES CD. ALTMIRANO PUNGARABATO,MIRAGE,ELF121D,340F551750222270830249,7,MINISPLIT 1.5 TON,MINISPLIT,Aire Acondicionado,2473
2794,Correctivo,TIERRA CALIENTE,CENTRO COMUNITARIO DE SALUD MENTAL Y ADICCIONES CD. ALTMIRANO PUNGARABATO,MIRAGE,ELF121D,340F551750222270830249,7,MINISPLIT 1.5 TON,MINISPLIT,Aire Acondicionado,2474
2795,Preventivo,TIERRA CALIENTE,CENTRO COMUNITARIO DE SALUD MENTAL Y ADICCIONES CD. ALTMIRANO PUNGARABATO,MIRAGE,EHF120R,S/N,8,MINISPLIT 1.5 TON,MINISPLIT,Aire Acondicionado,2475
2796,Correctivo,TIERRA CALIENTE,CENTRO COMUNITARIO DE SALUD MENTAL Y ADICCIONES CD. ALTMIRANO PUNGARABATO,MIRAGE,EHF120R,S/N,8,MINISPLIT 1.5 TON,MINISPLIT,Aire Acondicionado,2476
2797,Preventivo,TIERRA CALIENTE,CENTRO COMUNITARIO DE SALUD MENTAL Y ADICCIONES CD. ALTMIRANO PUNGARABATO,MIRAGE,ELF121D,340E87115011C180810897,9,MINISPLIT 1.5 TON,MINISPLIT,Aire Acondicionado,2477
2798,Correctivo,TIERRA CALIENTE,CENTRO COMUNITARIO DE SALUD MENTAL Y ADICCIONES CD. ALTMIRANO PUNGARABATO,MIRAGE,ELF121D,340E87115011C180810897,9,MINISPLIT 1.5 TON,MINISPLIT,Aire Acondicionado,2478
2453,Preventivo,TIERRA CALIENTE,HOSPITAL BÁSICO COMUNITARIO ARCELIA,TRANE,EAC240A4E0A,20291575JA,---------,UNIDAD PAQUETE 7.5 TON,PAQUETE,Aire Acondicionado,2479
2454,Correctivo,TIERRA CALIENTE,HOSPITAL BÁSICO COMUNITARIO ARCELIA,TRANE,EAC240A4E0A,20291575JA,---------,UNIDAD PAQUETE 7.5 TON,PAQUETE,Aire Acondicionado,2480
2455,Preventivo,TIERRA CALIENTE,HOSPITAL BÁSICO COMUNITARIO ARCELIA,TRANE,EAC240A4E0A,19281520JA,---------,UNIDAD PAQUETE 5.5 TON,PAQUETE,Aire Acondicionado,2481
2456,Correctivo,TIERRA CALIENTE,HOSPITAL BÁSICO COMUNITARIO ARCELIA,TRANE,EAC240A4E0A,19281520JA,---------,UNIDAD PAQUETE 5.5 TON,PAQUETE,Aire Acondicionado,2482
2457,Preventivo,TIERRA CALIENTE,HOSPITAL BÁSICO COMUNITARIO ARCELIA,TRANE,EAC240A4E0A,----------,---------,UNIDAD PAQUETE 5.5 TON,PAQUETE,Aire Acondicionado,2483
2458,Correctivo,TIERRA CALIENTE,HOSPITAL BÁSICO COMUNITARIO ARCELIA,TRANE,EAC240A4E0A,----------,---------,UNIDAD PAQUETE 5.5 TON,PAQUETE,Aire Acondicionado,2484
2459,Preventivo,TIERRA CALIENTE,HOSPITAL BÁSICO COMUNITARIO ARCELIA,TRANE,EAC180A4E0A,20311335JA,---------,UNIDAD PAQUETE 5.5 TON,PAQUETE,Aire Acondicionado,2485
2460,Correctivo,TIERRA CALIENTE,HOSPITAL BÁSICO COMUNITARIO ARCELIA,TRANE,EAC180A4E0A,20311335JA,---------,UNIDAD PAQUETE 5.5 TON,PAQUETE,Aire Acondicionado,2486
2461,Preventivo,TIERRA CALIENTE,HOSPITAL BÁSICO COMUNITARIO ARCELIA,TRANE,EAC300A4E0A,----------,---------,UNIDAD PAQUETE 5.5 TON,PAQUETE,Aire Acondicionado,2487
2462,Correctivo,TIERRA CALIENTE,HOSPITAL BÁSICO COMUNITARIO ARCELIA,TRANE,EAC300A4E0A,----------,---------,UNIDAD PAQUETE 5.5 TON,PAQUETE,Aire Acondicionado,2488
2463,Preventivo,TIERRA CALIENTE,HOSPITAL BÁSICO COMUNITARIO ARCELIA,DAIKIN,OAH010GDAC,FB0U190502191,---------,UMA 10 TON,UMA,Aire Acondicionado,2489
2464,Correctivo,TIERRA CALIENTE,HOSPITAL BÁSICO COMUNITARIO ARCELIA,DAIKIN,OAH010GDAC,FB0U190502191,---------,UMA 10 TON,UMA,Aire Acondicionado,2490
2465,Preventivo,TIERRA CALIENTE,HOSPITAL BÁSICO COMUNITARIO ARCELIA,DAIKIN,OAH010GDAC,----------,---------,UMA 10 TON,UMA,Aire Acondicionado,2491
2466,Correctivo,TIERRA CALIENTE,HOSPITAL BÁSICO COMUNITARIO ARCELIA,DAIKIN,OAH010GDAC,----------,---------,UMA 10 TON,UMA,Aire Acondicionado,2492
2467,Preventivo,TIERRA CALIENTE,HOSPITAL BÁSICO COMUNITARIO ARCELIA,TRANE,4TTR4060L,----------,---------,MINISPLIT 2.5 TON,MINISPLIT,Aire Acondicionado,2493
2468,Correctivo,TIERRA CALIENTE,HOSPITAL BÁSICO COMUNITARIO ARCELIA,TRANE,4TTR4060L,----------,---------,MINISPLIT 2.5 TON,MINISPLIT,Aire Acondicionado,2494
2469,Preventivo,TIERRA CALIENTE,HOSPITAL BÁSICO COMUNITARIO ARCELIA,TRANE,4TTK0524D,----------,---------,MINISPLIT 2.0 TON,MINISPLIT,Aire Acondicionado,2495
2470,Correctivo,TIERRA CALIENTE,HOSPITAL BÁSICO COMUNITARIO ARCELIA,TRANE,4TTK0524D,----------,---------,MINISPLIT 2.0 TON,MINISPLIT,Aire Acondicionado,2496
2471,Preventivo,TIERRA CALIENTE,HOSPITAL BÁSICO COMUNITARIO ARCELIA,TRANE,4TTK05018D,----------,---------,MINISPLIT 2.0 TON,MINISPLIT,Aire Acondicionado,2497
2472,Correctivo,TIERRA CALIENTE,HOSPITAL BÁSICO COMUNITARIO ARCELIA,TRANE,4TTK05018D,----------,---------,MINISPLIT 2.0 TON,MINISPLIT,Aire Acondicionado,2498
2473,Preventivo,TIERRA CALIENTE,HOSPITAL BÁSICO COMUNITARIO ARCELIA,TRANE,4TTK0536D,----------,---------,MINISPLIT 1.5 TON,MINISPLIT,Aire Acondicionado,2499
2474,Correctivo,TIERRA CALIENTE,HOSPITAL BÁSICO COMUNITARIO ARCELIA,TRANE,4TTK0536D,----------,---------,MINISPLIT 1.5 TON,MINISPLIT,Aire Acondicionado,2500
2475,Preventivo,TIERRA CALIENTE,HOSPITAL BÁSICO COMUNITARIO ARCELIA,TRANE,4TTK0518H,----------,---------,MINISPLIT 1.5 TON,MINISPLIT,Aire Acondicionado,2501
2476,Correctivo,TIERRA CALIENTE,HOSPITAL BÁSICO COMUNITARIO ARCELIA,TRANE,4TTK0518H,----------,---------,MINISPLIT 1.5 TON,MINISPLIT,Aire Acondicionado,2502
2477,Preventivo,TIERRA CALIENTE,HOSPITAL BÁSICO COMUNITARIO ARCELIA,TRANE,4TTK05024H,----------,---------,MINISPLIT 1.5 TON,MINISPLIT,Aire Acondicionado,2503
2478,Correctivo,TIERRA CALIENTE,HOSPITAL BÁSICO COMUNITARIO ARCELIA,TRANE,4TTK05024H,----------,---------,MINISPLIT 1.5 TON,MINISPLIT,Aire Acondicionado,2504
2479,Preventivo,TIERRA CALIENTE,HOSPITAL BÁSICO COMUNITARIO ARCELIA,TRANE,4TTR4048L,----------,---------,MINISPLIT 1.5 TON,MINISPLIT,Aire Acondicionado,2505
2480,Correctivo,TIERRA CALIENTE,HOSPITAL BÁSICO COMUNITARIO ARCELIA,TRANE,4TTR4048L,----------,---------,MINISPLIT 1.5 TON,MINISPLIT,Aire Acondicionado,2506
2481,Preventivo,TIERRA CALIENTE,HOSPITAL BÁSICO COMUNITARIO ARCELIA,TRANE,4TTK0536D,----------,---------,MINISPLIT 1.5 TON,MINISPLIT,Aire Acondicionado,2507
2482,Correctivo,TIERRA CALIENTE,HOSPITAL BÁSICO COMUNITARIO ARCELIA,TRANE,4TTK0536D,----------,---------,MINISPLIT 1.5 TON,MINISPLIT,Aire Acondicionado,2508
2483,Preventivo,TIERRA CALIENTE,HOSPITAL BÁSICO COMUNITARIO ARCELIA,TRANE,4TTK0524D,----------,---------,MINISPLIT 1.5 TON,MINISPLIT,Aire Acondicionado,2509
2484,Correctivo,TIERRA CALIENTE,HOSPITAL BÁSICO COMUNITARIO ARCELIA,TRANE,4TTK0524D,----------,---------,MINISPLIT 1.5 TON,MINISPLIT,Aire Acondicionado,2510
2363,Preventivo,MONTAÑA,HOSPITAL DE LA COMUNIDAD DE TLACOAPA,DAIKIN,OAH009GDAM,FBOU1711011746,Sin registro,UMA 20 TONELADAS (249.4 Mbthu),UMA,Aire Acondicionado,2511
2364,Correctivo,MONTAÑA,HOSPITAL DE LA COMUNIDAD DE TLACOAPA,DAIKIN,OAH009GDAM,FBOU1711011746,Sin registro,UMA 20 TONELADAS (249.4 Mbthu),UMA,Aire Acondicionado,2512
2365,Preventivo,MONTAÑA,HOSPITAL DE LA COMUNIDAD DE TLACOAPA,DAIKIN,OAH005GDAM,FBOU171101737,Sin registro,UMA 9 TONELADAS (113.2 Mbtu),UMA,Aire Acondicionado,2513
2366,Correctivo,MONTAÑA,HOSPITAL DE LA COMUNIDAD DE TLACOAPA,DAIKIN,OAH005GDAM,FBOU171101737,Sin registro,UMA 9 TONELADAS (113.2 Mbtu),UMA,Aire Acondicionado,2514
2367,Preventivo,MONTAÑA,HOSPITAL DE LA COMUNIDAD DE TLACOAPA,DAIKIN,OAH010GDAC,FBOU171101738,Sin registro,UMA 19 TONELADAS (235.5 Mbtu),UMA,Aire Acondicionado,2515
2368,Correctivo,MONTAÑA,HOSPITAL DE LA COMUNIDAD DE TLACOAPA,DAIKIN,OAH010GDAC,FBOU171101738,Sin registro,UMA 19 TONELADAS (235.5 Mbtu),UMA,Aire Acondicionado,2516
2369,Preventivo,MONTAÑA,HOSPITAL DE LA COMUNIDAD DE TLACOAPA,DAIKIN,OAH015GDAM,FBOU181000322,Sin registro,UMA 14 TONELADAS (179.8 Mbtu),UMA,Aire Acondicionado,2517
2370,Correctivo,MONTAÑA,HOSPITAL DE LA COMUNIDAD DE TLACOAPA,DAIKIN,OAH015GDAM,FBOU181000322,Sin registro,UMA 14 TONELADAS (179.8 Mbtu),UMA,Aire Acondicionado,2518
2371,Preventivo,MONTAÑA,HOSPITAL DE LA COMUNIDAD DE TLACOAPA,DAIKIN,RCS20F240C,F371800260,Sin registro,UNIDAD CONDENSADORA,,Aire Acondicionado,2519
2372,Correctivo,MONTAÑA,HOSPITAL DE LA COMUNIDAD DE TLACOAPA,DAIKIN,RCS20F240C,F371800260,Sin registro,UNIDAD CONDENSADORA,,Aire Acondicionado,2520
2373,Preventivo,MONTAÑA,HOSPITAL DE LA COMUNIDAD DE TLACOAPA,DAIKIN,RCS015DYYYY-F,FBOU181101554,Sin registro,UNIDAD CONDENSADORA,,Aire Acondicionado,2521
2374,Correctivo,MONTAÑA,HOSPITAL DE LA COMUNIDAD DE TLACOAPA,DAIKIN,RCS015DYYYY-F,FBOU181101554,Sin registro,UNIDAD CONDENSADORA,,Aire Acondicionado,2522
2375,Preventivo,MONTAÑA,HOSPITAL DE LA COMUNIDAD DE TLACOAPA,DAIKIN,RCS020DYYYY-F,FBOU181101555,Sin registro,UNIDAD CONDENSADORA,,Aire Acondicionado,2523
2376,Correctivo,MONTAÑA,HOSPITAL DE LA COMUNIDAD DE TLACOAPA,DAIKIN,RCS020DYYYY-F,FBOU181101555,Sin registro,UNIDAD CONDENSADORA,,Aire Acondicionado,2524
2377,Preventivo,MONTAÑA,HOSPITAL DE LA COMUNIDAD DE TLACOAPA,DAIKIN,RCS15F180C,F381800270,Sin registro,UNIDAD CONDENSADORA,,Aire Acondicionado,2525
2378,Correctivo,MONTAÑA,HOSPITAL DE LA COMUNIDAD DE TLACOAPA,DAIKIN,RCS15F180C,F381800270,Sin registro,UNIDAD CONDENSADORA,,Aire Acondicionado,2526
2379,Preventivo,MONTAÑA,HOSPITAL DE LA COMUNIDAD DE TLACOAPA,LENNOX,LM024CO-100P432-1,S2817C79405,Sin registro,minisplit 2 ton,MINISPLIT,Aire Acondicionado,2527
2380,Correctivo,MONTAÑA,HOSPITAL DE LA COMUNIDAD DE TLACOAPA,LENNOX,LM024CO-100P432-1,S2817C79405,Sin registro,minisplit 2 ton,MINISPLIT,Aire Acondicionado,2528
2381,Preventivo,MONTAÑA,HOSPITAL DE LA COMUNIDAD DE TLACOAPA,LENNOX,LM018CO-100P432-1,S2817C79368,Sin registro,MiniSplit 1.5 ton,MINISPLIT,Aire Acondicionado,2529
2382,Correctivo,MONTAÑA,HOSPITAL DE LA COMUNIDAD DE TLACOAPA,LENNOX,LM018CO-100P432-1,S2817C79368,Sin registro,MiniSplit 1.5 ton,MINISPLIT,Aire Acondicionado,2530
2383,Preventivo,MONTAÑA,HOSPITAL DE LA COMUNIDAD DE TLACOAPA,LENNOX,LM018CO-100P432-1,S2817C79372,Sin registro,MiniSplit 1.5 ton,MINISPLIT,Aire Acondicionado,2531
2384,Correctivo,MONTAÑA,HOSPITAL DE LA COMUNIDAD DE TLACOAPA,LENNOX,LM018CO-100P432-1,S2817C79372,Sin registro,MiniSplit 1.5 ton,MINISPLIT,Aire Acondicionado,2532
2385,Preventivo,MONTAÑA,HOSPITAL DE LA COMUNIDAD DE TLACOAPA,LENNOX,LM018CO-100P432-1,S2817C79374,Sin registro,MiniSplit 1.5 ton,MINISPLIT,Aire Acondicionado,2533
2386,Correctivo,MONTAÑA,HOSPITAL DE LA COMUNIDAD DE TLACOAPA,LENNOX,LM018CO-100P432-1,S2817C79374,Sin registro,MiniSplit 1.5 ton,MINISPLIT,Aire Acondicionado,2534
2387,Preventivo,MONTAÑA,HOSPITAL DE LA COMUNIDAD DE TLACOAPA,LENNOX,LM012CO-100P432-1,S2817C79274,Sin registro,MiniSplit 1 ton,MINISPLIT,Aire Acondicionado,2535
2388,Correctivo,MONTAÑA,HOSPITAL DE LA COMUNIDAD DE TLACOAPA,LENNOX,LM012CO-100P432-1,S2817C79274,Sin registro,MiniSplit 1 ton,MINISPLIT,Aire Acondicionado,2536
2389,Preventivo,MONTAÑA,HOSPITAL DE LA COMUNIDAD DE TLACOAPA,LENNOX,LM018CO-100P432-1,S2817C79375,Sin registro,MiniSplit 2.5 ton,MINISPLIT,Aire Acondicionado,2537
2390,Correctivo,MONTAÑA,HOSPITAL DE LA COMUNIDAD DE TLACOAPA,LENNOX,LM018CO-100P432-1,S2817C79375,Sin registro,MiniSplit 2.5 ton,MINISPLIT,Aire Acondicionado,2538
2391,Preventivo,MONTAÑA,HOSPITAL DE LA COMUNIDAD DE TLACOAPA,LENNOX,LM036CO-100P432,S2817C81348,Sin registro,MiniSplit 3 ton,MINISPLIT,Aire Acondicionado,2539
2392,Correctivo,MONTAÑA,HOSPITAL DE LA COMUNIDAD DE TLACOAPA,LENNOX,LM036CO-100P432,S2817C81348,Sin registro,MiniSplit 3 ton,MINISPLIT,Aire Acondicionado,2540
2393,Preventivo,MONTAÑA,HOSPITAL DE LA COMUNIDAD DE TLACOAPA,LENNOX,LM018CO-100P432-1,S2817C79394,Sin registro,MiniSplit 1.5 ton,MINISPLIT,Aire Acondicionado,2541
2394,Correctivo,MONTAÑA,HOSPITAL DE LA COMUNIDAD DE TLACOAPA,LENNOX,LM018CO-100P432-1,S2817C79394,Sin registro,MiniSplit 1.5 ton,MINISPLIT,Aire Acondicionado,2542
2395,Preventivo,MONTAÑA,HOSPITAL DE LA COMUNIDAD DE TLACOAPA,LENNOX,LM018CO-100P432-1,S2817C79384,Sin registro,MiniSplit 1.5 ton,MINISPLIT,Aire Acondicionado,2543
2396,Correctivo,MONTAÑA,HOSPITAL DE LA COMUNIDAD DE TLACOAPA,LENNOX,LM018CO-100P432-1,S2817C79384,Sin registro,MiniSplit 1.5 ton,MINISPLIT,Aire Acondicionado,2544
2397,Preventivo,MONTAÑA,HOSPITAL DE LA COMUNIDAD DE TLACOAPA,LENNOX,LM012CO-100P432-1,S2817C79279,Sin registro,MiniSplit 1 ton,MINISPLIT,Aire Acondicionado,2545
2398,Correctivo,MONTAÑA,HOSPITAL DE LA COMUNIDAD DE TLACOAPA,LENNOX,LM012CO-100P432-1,S2817C79279,Sin registro,MiniSplit 1 ton,MINISPLIT,Aire Acondicionado,2546
2399,Preventivo,MONTAÑA,HOSPITAL DE LA COMUNIDAD DE TLACOAPA,LENNOX,LM012CO-100P432-1,S2817C79273,Sin registro,MiniSplit 1 ton,MINISPLIT,Aire Acondicionado,2547
2400,Correctivo,MONTAÑA,HOSPITAL DE LA COMUNIDAD DE TLACOAPA,LENNOX,LM012CO-100P432-1,S2817C79273,Sin registro,MiniSplit 1 ton,MINISPLIT,Aire Acondicionado,2548
2401,Preventivo,MONTAÑA,HOSPITAL DE LA COMUNIDAD DE TLACOAPA,LENNOX,LM012CO-100P432-1,S2817C79344,Sin registro,MiniSplit 1 ton,MINISPLIT,Aire Acondicionado,2549
2402,Correctivo,MONTAÑA,HOSPITAL DE LA COMUNIDAD DE TLACOAPA,LENNOX,LM012CO-100P432-1,S2817C79344,Sin registro,MiniSplit 1 ton,MINISPLIT,Aire Acondicionado,2550
2403,Preventivo,MONTAÑA,HOSPITAL DE LA COMUNIDAD DE TLACOAPA,LENNOX,LM018CO-100P432-1,S2817C79365,Sin registro,MiniSplit 1.5 ton,MINISPLIT,Aire Acondicionado,2551
2404,Correctivo,MONTAÑA,HOSPITAL DE LA COMUNIDAD DE TLACOAPA,LENNOX,LM018CO-100P432-1,S2817C79365,Sin registro,MiniSplit 1.5 ton,MINISPLIT,Aire Acondicionado,2552
2405,Preventivo,MONTAÑA,HOSPITAL DE LA COMUNIDAD DE TLACOAPA,LENNOX,LM012CO-100P432-1,S2817C79275,Sin registro,MiniSplit 1 ton,MINISPLIT,Aire Acondicionado,2553
2406,Correctivo,MONTAÑA,HOSPITAL DE LA COMUNIDAD DE TLACOAPA,LENNOX,LM012CO-100P432-1,S2817C79275,Sin registro,MiniSplit 1 ton,MINISPLIT,Aire Acondicionado,2554
2407,Preventivo,MONTAÑA,HOSPITAL DE LA COMUNIDAD DE TLACOAPA,LENNOX,LM012CO-100P432-1,S2817C79354,Sin registro,MiniSplit 1 ton,MINISPLIT,Aire Acondicionado,2555
2408,Correctivo,MONTAÑA,HOSPITAL DE LA COMUNIDAD DE TLACOAPA,LENNOX,LM012CO-100P432-1,S2817C79354,Sin registro,MiniSplit 1 ton,MINISPLIT,Aire Acondicionado,2556
2409,Preventivo,MONTAÑA,HOSPITAL DE LA COMUNIDAD DE TLACOAPA,LENNOX,LM012CO-100P432-1,S2817C79260,Sin registro,MiniSplit 1 ton,MINISPLIT,Aire Acondicionado,2557
2410,Correctivo,MONTAÑA,HOSPITAL DE LA COMUNIDAD DE TLACOAPA,LENNOX,LM012CO-100P432-1,S2817C79260,Sin registro,MiniSplit 1 ton,MINISPLIT,Aire Acondicionado,2558
2411,Preventivo,MONTAÑA,HOSPITAL DE LA COMUNIDAD DE TLACOAPA,LENNOX,LM018CO-100P432-1,S2817C79369,Sin registro,MiniSplit 1.5 ton,MINISPLIT,Aire Acondicionado,2559
2412,Correctivo,MONTAÑA,HOSPITAL DE LA COMUNIDAD DE TLACOAPA,LENNOX,LM018CO-100P432-1,S2817C79369,Sin registro,MiniSplit 1.5 ton,MINISPLIT,Aire Acondicionado,2560
2413,Preventivo,MONTAÑA,HOSPITAL DE LA COMUNIDAD DE TLACOAPA,LENNOX,LM012CO-100P432-1,S2817C79261,Sin registro,MiniSplit 1 ton,MINISPLIT,Aire Acondicionado,2561
2414,Correctivo,MONTAÑA,HOSPITAL DE LA COMUNIDAD DE TLACOAPA,LENNOX,LM012CO-100P432-1,S2817C79261,Sin registro,MiniSplit 1 ton,MINISPLIT,Aire Acondicionado,2562
2415,Preventivo,MONTAÑA,HOSPITAL DE LA COMUNIDAD DE TLACOAPA,LENNOX,LM012CO-100P432-1,S2817C79298,Sin registro,MiniSplit 1 ton,MINISPLIT,Aire Acondicionado,2563
2416,Correctivo,MONTAÑA,HOSPITAL DE LA COMUNIDAD DE TLACOAPA,LENNOX,LM012CO-100P432-1,S2817C79298,Sin registro,MiniSplit 1 ton,MINISPLIT,Aire Acondicionado,2564
2417,Preventivo,MONTAÑA,HOSPITAL DE LA COMUNIDAD DE TLACOAPA,LENNOX,LM018CO-100P432-1,S2817C79361,Sin registro,MiniSplit 1.5 ton,MINISPLIT,Aire Acondicionado,2565
2418,Correctivo,MONTAÑA,HOSPITAL DE LA COMUNIDAD DE TLACOAPA,LENNOX,LM018CO-100P432-1,S2817C79361,Sin registro,MiniSplit 1.5 ton,MINISPLIT,Aire Acondicionado,2566
2419,Preventivo,MONTAÑA,HOSPITAL DE LA COMUNIDAD DE TLACOAPA,LENNOX,LM036CO-100P432,S2817C81349,Sin registro,MiniSplit 3 ton,MINISPLIT,Aire Acondicionado,2567
2420,Correctivo,MONTAÑA,HOSPITAL DE LA COMUNIDAD DE TLACOAPA,LENNOX,LM036CO-100P432,S2817C81349,Sin registro,MiniSplit 3 ton,MINISPLIT,Aire Acondicionado,2568
2421,Preventivo,MONTAÑA,HOSPITAL DE LA COMUNIDAD DE TLACOAPA,LENNOX,LM012CO-100P432-1,S2817C79286,Sin registro,MiniSplit 1 ton,MINISPLIT,Aire Acondicionado,2569
2422,Correctivo,MONTAÑA,HOSPITAL DE LA COMUNIDAD DE TLACOAPA,LENNOX,LM012CO-100P432-1,S2817C79286,Sin registro,MiniSplit 1 ton,MINISPLIT,Aire Acondicionado,2570
2423,Preventivo,MONTAÑA,HOSPITAL DE LA COMUNIDAD DE TLACOAPA,LENNOX,LM012CO-100P432-1,S2817C79339,Sin registro,MiniSplit 1 ton,MINISPLIT,Aire Acondicionado,2571
2424,Correctivo,MONTAÑA,HOSPITAL DE LA COMUNIDAD DE TLACOAPA,LENNOX,LM012CO-100P432-1,S2817C79339,Sin registro,MiniSplit 1 ton,MINISPLIT,Aire Acondicionado,2572
2425,Preventivo,MONTAÑA,HOSPITAL DE LA COMUNIDAD DE TLACOAPA,LENNOX,LM012CO-100P432-1,S2817C79287,Sin registro,MiniSplit 1 ton,MINISPLIT,Aire Acondicionado,2573
2426,Correctivo,MONTAÑA,HOSPITAL DE LA COMUNIDAD DE TLACOAPA,LENNOX,LM012CO-100P432-1,S2817C79287,Sin registro,MiniSplit 1 ton,MINISPLIT,Aire Acondicionado,2574
2427,Preventivo,MONTAÑA,HOSPITAL DE LA COMUNIDAD DE TLACOAPA,LENNOX,LM012CO-100P432-1,S2817C79281,Sin registro,MiniSplit 1 ton,MINISPLIT,Aire Acondicionado,2575
2428,Correctivo,MONTAÑA,HOSPITAL DE LA COMUNIDAD DE TLACOAPA,LENNOX,LM012CO-100P432-1,S2817C79281,Sin registro,MiniSplit 1 ton,MINISPLIT,Aire Acondicionado,2576
2429,Preventivo,MONTAÑA,HOSPITAL DE LA COMUNIDAD DE TLACOAPA,LENNOX,LM018CO-100P432-1,S2817C79357,Sin registro,MiniSplit 1.5 ton,MINISPLIT,Aire Acondicionado,2577
2430,Correctivo,MONTAÑA,HOSPITAL DE LA COMUNIDAD DE TLACOAPA,LENNOX,LM018CO-100P432-1,S2817C79357,Sin registro,MiniSplit 1.5 ton,MINISPLIT,Aire Acondicionado,2578
2431,Preventivo,MONTAÑA,HOSPITAL DE LA COMUNIDAD DE TLACOAPA,LENNOX,13ACXN060-230-19,1917C45735,Sin registro,MiniSplit 5 ton,MINISPLIT,Aire Acondicionado,2579
2432,Correctivo,MONTAÑA,HOSPITAL DE LA COMUNIDAD DE TLACOAPA,LENNOX,13ACXN060-230-19,1917C45735,Sin registro,MiniSplit 5 ton,MINISPLIT,Aire Acondicionado,2580
2433,Preventivo,MONTAÑA,HOSPITAL DE LA COMUNIDAD DE TLACOAPA,LENNOX,13ACXN060-230-19,1917C45713,Sin registro,MiniSplit 5 ton,MINISPLIT,Aire Acondicionado,2581
2434,Correctivo,MONTAÑA,HOSPITAL DE LA COMUNIDAD DE TLACOAPA,LENNOX,13ACXN060-230-19,1917C45713,Sin registro,MiniSplit 5 ton,MINISPLIT,Aire Acondicionado,2582
2435,Preventivo,MONTAÑA,HOSPITAL DE LA COMUNIDAD DE TLACOAPA,LENNOX,LM012CO-100P432-1,S2817C79337,Sin registro,MiniSplit 1 ton,MINISPLIT,Aire Acondicionado,2583
2436,Correctivo,MONTAÑA,HOSPITAL DE LA COMUNIDAD DE TLACOAPA,LENNOX,LM012CO-100P432-1,S2817C79337,Sin registro,MiniSplit 1 ton,MINISPLIT,Aire Acondicionado,2584
2437,Preventivo,MONTAÑA,HOSPITAL DE LA COMUNIDAD DE TLACOAPA,LENNOX,LM012CO-100P432-1,S2817C79294,Sin registro,MiniSplit 1 ton,MINISPLIT,Aire Acondicionado,2585
2438,Correctivo,MONTAÑA,HOSPITAL DE LA COMUNIDAD DE TLACOAPA,LENNOX,LM012CO-100P432-1,S2817C79294,Sin registro,MiniSplit 1 ton,MINISPLIT,Aire Acondicionado,2586
2439,Preventivo,MONTAÑA,HOSPITAL DE LA COMUNIDAD DE TLACOAPA,LENNOX,LM024CO-100P432-1,S2817C79399,Sin registro,MiniSplit 2 ton,MINISPLIT,Aire Acondicionado,2587
2440,Correctivo,MONTAÑA,HOSPITAL DE LA COMUNIDAD DE TLACOAPA,LENNOX,LM024CO-100P432-1,S2817C79399,Sin registro,MiniSplit 2 ton,MINISPLIT,Aire Acondicionado,2588
2441,Preventivo,MONTAÑA,HOSPITAL DE LA COMUNIDAD DE TLACOAPA,LENNOX,LM018CO-100P432-1,S2817C79393,Sin registro,MiniSplit 1.5 ton,MINISPLIT,Aire Acondicionado,2589
2442,Correctivo,MONTAÑA,HOSPITAL DE LA COMUNIDAD DE TLACOAPA,LENNOX,LM018CO-100P432-1,S2817C79393,Sin registro,MiniSplit 1.5 ton,MINISPLIT,Aire Acondicionado,2590
2443,Preventivo,MONTAÑA,HOSPITAL DE LA COMUNIDAD DE TLACOAPA,LENNOX,LM012CO-100P432-1,S2817C79342,Sin registro,MiniSplit 1 ton,MINISPLIT,Aire Acondicionado,2591
2444,Correctivo,MONTAÑA,HOSPITAL DE LA COMUNIDAD DE TLACOAPA,LENNOX,LM012CO-100P432-1,S2817C79342,Sin registro,MiniSplit 1 ton,MINISPLIT,Aire Acondicionado,2592
2445,Preventivo,MONTAÑA,HOSPITAL DE LA COMUNIDAD DE TLACOAPA,LENNOX,LM018CO-100P432-1,S2817C79383,Sin registro,MiniSplit 1.5 ton,MINISPLIT,Aire Acondicionado,2593
2446,Correctivo,MONTAÑA,HOSPITAL DE LA COMUNIDAD DE TLACOAPA,LENNOX,LM018CO-100P432-1,S2817C79383,Sin registro,MiniSplit 1.5 ton,MINISPLIT,Aire Acondicionado,2594
2447,Preventivo,MONTAÑA,HOSPITAL DE LA COMUNIDAD DE TLACOAPA,LENNOX,LM018CO-100P432-1,S2817C79367,Sin registro,MiniSplit 1.5 ton,MINISPLIT,Aire Acondicionado,2595
2448,Correctivo,MONTAÑA,HOSPITAL DE LA COMUNIDAD DE TLACOAPA,LENNOX,LM018CO-100P432-1,S2817C79367,Sin registro,MiniSplit 1.5 ton,MINISPLIT,Aire Acondicionado,2596
2449,Preventivo,MONTAÑA,HOSPITAL DE LA COMUNIDAD DE TLACOAPA,LENNOX,LM012CO-100P432-1,S2817C79352,Sin registro,MiniSplit 1 ton,MINISPLIT,Aire Acondicionado,2597
2450,Correctivo,MONTAÑA,HOSPITAL DE LA COMUNIDAD DE TLACOAPA,LENNOX,LM012CO-100P432-1,S2817C79352,Sin registro,MiniSplit 1 ton,MINISPLIT,Aire Acondicionado,2598
2451,Preventivo,MONTAÑA,HOSPITAL DE LA COMUNIDAD DE TLACOAPA,VOGAR,LAN-310,SIN NUMERO,Sin registro,MiniSplit 1.5 ton,MINISPLIT,Aire Acondicionado,2599
2452,Correctivo,MONTAÑA,HOSPITAL DE LA COMUNIDAD DE TLACOAPA,VOGAR,LAN-310,SIN NUMERO,Sin registro,MiniSplit 1.5 ton,MINISPLIT,Aire Acondicionado,2600
2649,Preventivo,MONTAÑA,HOSPITAL BÁSICO COMUNITARIO DE ZAPOTITLÁN TABLAS,CARRIER,50ZPCC60….30TP,2719296369,1HBCZ,UNIDAD PAQUETE,PAQUETE,Aire Acondicionado,2601
2650,Correctivo,MONTAÑA,HOSPITAL BÁSICO COMUNITARIO DE ZAPOTITLÁN TABLAS,CARRIER,50ZPCC60….30TP,2719296369,1HBCZ,UNIDAD PAQUETE,PAQUETE,Aire Acondicionado,2602
2651,Preventivo,MONTAÑA,HOSPITAL BÁSICO COMUNITARIO DE ZAPOTITLÁN TABLAS,MIRAGE,CXF120J,NO LEGIBLE,1HBCZ,AIRE ACONDICIONADO 2 TON,,Aire Acondicionado,2603
2652,Correctivo,MONTAÑA,HOSPITAL BÁSICO COMUNITARIO DE ZAPOTITLÁN TABLAS,MIRAGE,CXF120J,NO LEGIBLE,1HBCZ,AIRE ACONDICIONADO 2 TON,,Aire Acondicionado,2604
2653,Preventivo,MONTAÑA,HOSPITAL BÁSICO COMUNITARIO DE ZAPOTITLÁN TABLAS,LG,W081CM,NO LEGIBLE,1HBCZ,MINISPLIT 1.5 TON,MINISPLIT,Aire Acondicionado,2605
2654,Correctivo,MONTAÑA,HOSPITAL BÁSICO COMUNITARIO DE ZAPOTITLÁN TABLAS,LG,W081CM,NO LEGIBLE,1HBCZ,MINISPLIT 1.5 TON,MINISPLIT,Aire Acondicionado,2606
2655,Preventivo,MONTAÑA,HOSPITAL BÁSICO COMUNITARIO DE ZAPOTITLÁN TABLAS,DUVENTUS,0VR9M120F002,NO LEGIBLE,1HBCZ,MINISPLIT 1 TON,MINISPLIT,Aire Acondicionado,2607
2656,Correctivo,MONTAÑA,HOSPITAL BÁSICO COMUNITARIO DE ZAPOTITLÁN TABLAS,DUVENTUS,0VR9M120F002,NO LEGIBLE,1HBCZ,MINISPLIT 1 TON,MINISPLIT,Aire Acondicionado,2608
2657,Preventivo,MONTAÑA,HOSPITAL BÁSICO COMUNITARIO DE ZAPOTITLÁN TABLAS,DUVENTUS,0VR9M120F002,NO LEGIBLE,1HBCZ,MINISPLIT 1 TON,MINISPLIT,Aire Acondicionado,2609
2658,Correctivo,MONTAÑA,HOSPITAL BÁSICO COMUNITARIO DE ZAPOTITLÁN TABLAS,DUVENTUS,0VR9M120F002,NO LEGIBLE,1HBCZ,MINISPLIT 1 TON,MINISPLIT,Aire Acondicionado,2610
2659,Preventivo,MONTAÑA,HOSPITAL BÁSICO COMUNITARIO DE ZAPOTITLÁN TABLAS,PRIME,DF5F4D65,L-2019-OD-01-0227,1,MINISPLIT 1.5 TON,MINISPLIT,Aire Acondicionado,2611
2660,Correctivo,MONTAÑA,HOSPITAL BÁSICO COMUNITARIO DE ZAPOTITLÁN TABLAS,PRIME,DF5F4D65,L-2019-OD-01-0227,1,MINISPLIT 1.5 TON,MINISPLIT,Aire Acondicionado,2612
2661,Preventivo,MONTAÑA,HOSPITAL BÁSICO COMUNITARIO DE ZAPOTITLÁN TABLAS,TRANE,F5DF564,63228920710,1,UNIDAD PAQUETE 5.5 TON,PAQUETE,Aire Acondicionado,2613
2662,Correctivo,MONTAÑA,HOSPITAL BÁSICO COMUNITARIO DE ZAPOTITLÁN TABLAS,TRANE,F5DF564,63228920710,1,UNIDAD PAQUETE 5.5 TON,PAQUETE,Aire Acondicionado,2614
2663,Preventivo,MONTAÑA,HOSPITAL BÁSICO COMUNITARIO DE ZAPOTITLÁN TABLAS,LG,D5V4,3850A28485Z,1,MINISPLIT 1.5 TON,MINISPLIT,Aire Acondicionado,2615
2664,Correctivo,MONTAÑA,HOSPITAL BÁSICO COMUNITARIO DE ZAPOTITLÁN TABLAS,LG,D5V4,3850A28485Z,1,MINISPLIT 1.5 TON,MINISPLIT,Aire Acondicionado,2616
2665,Preventivo,MONTAÑA,HOSPITAL BÁSICO COMUNITARIO DE ZAPOTITLÁN TABLAS,TRANE,SD5FD41,6322920710,1,UNIDAD PAQUETE 5.5 TON,PAQUETE,Aire Acondicionado,2617
2666,Correctivo,MONTAÑA,HOSPITAL BÁSICO COMUNITARIO DE ZAPOTITLÁN TABLAS,TRANE,SD5FD41,6322920710,1,UNIDAD PAQUETE 5.5 TON,PAQUETE,Aire Acondicionado,2618
2667,Preventivo,MONTAÑA,HOSPITAL BÁSICO COMUNITARIO DE ZAPOTITLÁN TABLAS,TRANE,2TTB003641000CA,11323NJY3F,1,UNIDAD PAQUETE 5.5 TON,PAQUETE,Aire Acondicionado,2619
2668,Correctivo,MONTAÑA,HOSPITAL BÁSICO COMUNITARIO DE ZAPOTITLÁN TABLAS,TRANE,2TTB003641000CA,11323NJY3F,1,UNIDAD PAQUETE 5.5 TON,PAQUETE,Aire Acondicionado,2620
2669,Preventivo,MONTAÑA,HOSPITAL BÁSICO COMUNITARIO DE ZAPOTITLÁN TABLAS,YORK,YMSFZH060BAAKB-X,3406925090292160,1,MINISPLIT 2.5 TON,MINISPLIT,Aire Acondicionado,2621
2670,Correctivo,MONTAÑA,HOSPITAL BÁSICO COMUNITARIO DE ZAPOTITLÁN TABLAS,YORK,YMSFZH060BAAKB-X,3406925090292160,1,MINISPLIT 2.5 TON,MINISPLIT,Aire Acondicionado,2622
1151,Preventivo,MONTAÑA,HOSPITAL BÁSICO COMUNITARIO ACATEPEC,TRANE,2TTB0036A1000CA,11323NJY3F,S/N,MiniSplit 1.5 ton,MINISPLIT,Aire Acondicionado,2623
1152,Correctivo,MONTAÑA,HOSPITAL BÁSICO COMUNITARIO ACATEPEC,TRANE,2TTB0036A1000CA,11323NJY3F,S/N,MiniSplit 1.5 ton,MINISPLIT,Aire Acondicionado,2624
1153,Preventivo,MONTAÑA,HOSPITAL BÁSICO COMUNITARIO ACATEPEC,YORK,YMSFYH060BAAKB-X,3406928090292160100002,S/N,MiniSplit 1.5 ton,MINISPLIT,Aire Acondicionado,2625
1154,Correctivo,MONTAÑA,HOSPITAL BÁSICO COMUNITARIO ACATEPEC,YORK,YMSFYH060BAAKB-X,3406928090292160100002,S/N,MiniSplit 1.5 ton,MINISPLIT,Aire Acondicionado,2626
1155,Preventivo,MONTAÑA,HOSPITAL BÁSICO COMUNITARIO ACATEPEC,PRIME,UNIDAD CONDENSADORA CMPRC121-T2,L-2019-T-2919-OD-01-0356,S/N,MiniSplit 1.5 ton,MINISPLIT,Aire Acondicionado,2627
1156,Correctivo,MONTAÑA,HOSPITAL BÁSICO COMUNITARIO ACATEPEC,PRIME,UNIDAD CONDENSADORA CMPRC121-T2,L-2019-T-2919-OD-01-0356,S/N,MiniSplit 1.5 ton,MINISPLIT,Aire Acondicionado,2628
1157,Preventivo,MONTAÑA,HOSPITAL BÁSICO COMUNITARIO ACATEPEC,YORK,YMSFYH060BAAKB-X,DATOS NO VISIBLES,S/N,MiniSplit 1.5 ton,MINISPLIT,Aire Acondicionado,2629
1158,Correctivo,MONTAÑA,HOSPITAL BÁSICO COMUNITARIO ACATEPEC,YORK,YMSFYH060BAAKB-X,DATOS NO VISIBLES,S/N,MiniSplit 1.5 ton,MINISPLIT,Aire Acondicionado,2630
1159,Preventivo,MONTAÑA,HOSPITAL BÁSICO COMUNITARIO ACATEPEC,YORK,YMSFYH060BAAKB-X,DATOS NO VISIBLES,S/N,MiniSplit 1.5 ton,MINISPLIT,Aire Acondicionado,2631
1160,Correctivo,MONTAÑA,HOSPITAL BÁSICO COMUNITARIO ACATEPEC,YORK,YMSFYH060BAAKB-X,DATOS NO VISIBLES,S/N,MiniSplit 1.5 ton,MINISPLIT,Aire Acondicionado,2632
1161,Preventivo,MONTAÑA,HOSPITAL BÁSICO COMUNITARIO ACATEPEC,PRIME,UNIDAD CONDENSADORA CMPRC121-T2,L-2019-T-2919-OD-01-0022,S/N,MiniSplit 1.5 ton,MINISPLIT,Aire Acondicionado,2633
1162,Correctivo,MONTAÑA,HOSPITAL BÁSICO COMUNITARIO ACATEPEC,PRIME,UNIDAD CONDENSADORA CMPRC121-T2,L-2019-T-2919-OD-01-0022,S/N,MiniSplit 1.5 ton,MINISPLIT,Aire Acondicionado,2634
1163,Preventivo,MONTAÑA,HOSPITAL BÁSICO COMUNITARIO ACATEPEC,PRIME,UNIDAD CONDENSADORA CMPRC121-T3,L-2019-T-2919-OD-01-0027,S/N,MiniSplit 1.5 ton,MINISPLIT,Aire Acondicionado,2635
1164,Correctivo,MONTAÑA,HOSPITAL BÁSICO COMUNITARIO ACATEPEC,PRIME,UNIDAD CONDENSADORA CMPRC121-T3,L-2019-T-2919-OD-01-0027,S/N,MiniSplit 1.5 ton,MINISPLIT,Aire Acondicionado,2636
1165,Preventivo,MONTAÑA,HOSPITAL BÁSICO COMUNITARIO ACATEPEC,PRIME,UNIDAD CONDENSADORA CMPRC121-T3,L-2019-T-2919-OD-01-0029,S/N,MiniSplit 1.5 ton,MINISPLIT,Aire Acondicionado,2637
1166,Correctivo,MONTAÑA,HOSPITAL BÁSICO COMUNITARIO ACATEPEC,PRIME,UNIDAD CONDENSADORA CMPRC121-T3,L-2019-T-2919-OD-01-0029,S/N,MiniSplit 1.5 ton,MINISPLIT,Aire Acondicionado,2638
1167,Preventivo,MONTAÑA,HOSPITAL BÁSICO COMUNITARIO ACATEPEC,TRANE,SIN DATOS VISIBLES,DATOS NO VISIBLES,S/N,MiniSplit 1.5 ton,MINISPLIT,Aire Acondicionado,2639
1168,Correctivo,MONTAÑA,HOSPITAL BÁSICO COMUNITARIO ACATEPEC,TRANE,SIN DATOS VISIBLES,DATOS NO VISIBLES,S/N,MiniSplit 1.5 ton,MINISPLIT,Aire Acondicionado,2640
1169,Preventivo,MONTAÑA,HOSPITAL BÁSICO COMUNITARIO ACATEPEC,LG,S362CG,DATOS NO VISIBLES,S/N,MiniSplit 1.5 ton,MINISPLIT,Aire Acondicionado,2641
1170,Correctivo,MONTAÑA,HOSPITAL BÁSICO COMUNITARIO ACATEPEC,LG,S362CG,DATOS NO VISIBLES,S/N,MiniSplit 1.5 ton,MINISPLIT,Aire Acondicionado,2642
1569,Preventivo,MONTAÑA,HOSPITAL DE LA MADRE Y DEL NIÑO DE TLAPA,CARRIER,39LA06AA-BR-AFE-A9,1405U00518,EEM013.1,UMA 7.5 TON,UMA,Aire Acondicionado,2643
1570,Correctivo,MONTAÑA,HOSPITAL DE LA MADRE Y DEL NIÑO DE TLAPA,CARRIER,39LA06AA-BR-AFE-A9,1405U00518,EEM013.1,UMA 7.5 TON,UMA,Aire Acondicionado,2644
1571,Preventivo,MONTAÑA,HOSPITAL DE LA MADRE Y DEL NIÑO DE TLAPA,CARRIER,39MN08B00582P11SXS,1305F11298,EEM013.2,UMA 7.5 TON,UMA,Aire Acondicionado,2645
1572,Correctivo,MONTAÑA,HOSPITAL DE LA MADRE Y DEL NIÑO DE TLAPA,CARRIER,39MN08B00582P11SXS,1305F11298,EEM013.2,UMA 7.5 TON,UMA,Aire Acondicionado,2646
1573,Preventivo,MONTAÑA,HOSPITAL DE LA MADRE Y DEL NIÑO DE TLAPA,CARRIER,39MN06B00582Q11SXS,1305F11339,EEM013.3,UMA 7.5 TON,UMA,Aire Acondicionado,2647
1574,Correctivo,MONTAÑA,HOSPITAL DE LA MADRE Y DEL NIÑO DE TLAPA,CARRIER,39MN06B00582Q11SXS,1305F11339,EEM013.3,UMA 7.5 TON,UMA,Aire Acondicionado,2648
1575,Preventivo,MONTAÑA,HOSPITAL DE LA MADRE Y DEL NIÑO DE TLAPA,CARRIER,39MN12B00582R11SXS,1305F11333,EEM013.4,UMA 15 TON,UMA,Aire Acondicionado,2649
1576,Correctivo,MONTAÑA,HOSPITAL DE LA MADRE Y DEL NIÑO DE TLAPA,CARRIER,39MN12B00582R11SXS,1305F11333,EEM013.4,UMA 15 TON,UMA,Aire Acondicionado,2650
1577,Preventivo,MONTAÑA,HOSPITAL DE LA MADRE Y DEL NIÑO DE TLAPA,CARRIER,39MN12B00582511SXS,1305F11319,EEM013.5,UMA 7.5 TON,UMA,Aire Acondicionado,2651
1578,Correctivo,MONTAÑA,HOSPITAL DE LA MADRE Y DEL NIÑO DE TLAPA,CARRIER,39MN12B00582511SXS,1305F11319,EEM013.5,UMA 7.5 TON,UMA,Aire Acondicionado,2652
1579,Preventivo,MONTAÑA,HOSPITAL DE LA MADRE Y DEL NIÑO DE TLAPA,ADJ,39LA03AA-BB-AAJ-A9,1405U00519,EEM013.6,UMA 7.5 TON,UMA,Aire Acondicionado,2653
1580,Correctivo,MONTAÑA,HOSPITAL DE LA MADRE Y DEL NIÑO DE TLAPA,ADJ,39LA03AA-BB-AAJ-A9,1405U00519,EEM013.6,UMA 7.5 TON,UMA,Aire Acondicionado,2654
1581,Preventivo,MONTAÑA,HOSPITAL DE LA MADRE Y DEL NIÑO DE TLAPA,CARRIER,39MW06D0229FH11XCS,0514U03369,EEM013.7,UMA 10 TON,UMA,Aire Acondicionado,2655
1582,Correctivo,MONTAÑA,HOSPITAL DE LA MADRE Y DEL NIÑO DE TLAPA,CARRIER,39MW06D0229FH11XCS,0514U03369,EEM013.7,UMA 10 TON,UMA,Aire Acondicionado,2656
1583,Preventivo,MONTAÑA,HOSPITAL DE LA MADRE Y DEL NIÑO DE TLAPA,CARRIER,40RUAA08A2A60A0A0,3115U15827,EEM013.8,UMA 10 TON,UMA,Aire Acondicionado,2657
1584,Correctivo,MONTAÑA,HOSPITAL DE LA MADRE Y DEL NIÑO DE TLAPA,CARRIER,40RUAA08A2A60A0A0,3115U15827,EEM013.8,UMA 10 TON,UMA,Aire Acondicionado,2658
1585,Preventivo,MONTAÑA,HOSPITAL DE LA MADRE Y DEL NIÑO DE TLAPA,CARRIER,38ARZ012-801,4704G30007,EEM014.1,UNIDAD CONDENSADORA 5.5 TON,,Aire Acondicionado,2659
1586,Correctivo,MONTAÑA,HOSPITAL DE LA MADRE Y DEL NIÑO DE TLAPA,CARRIER,38ARZ012-801,4704G30007,EEM014.1,UNIDAD CONDENSADORA 5.5 TON,,Aire Acondicionado,2660
1587,Preventivo,MONTAÑA,HOSPITAL DE LA MADRE Y DEL NIÑO DE TLAPA,CARRIER,38AKS014-521,4604F68423,EEM014.2,UNIDAD CONDENSADORA 5.5 TON,,Aire Acondicionado,2661
1588,Correctivo,MONTAÑA,HOSPITAL DE LA MADRE Y DEL NIÑO DE TLAPA,CARRIER,38AKS014-521,4604F68423,EEM014.2,UNIDAD CONDENSADORA 5.5 TON,,Aire Acondicionado,2662
1589,Preventivo,MONTAÑA,HOSPITAL DE LA MADRE Y DEL NIÑO DE TLAPA,CARRIER,38ARZ007-501,0905G50027,EEM014.3,UNIDAD CONDENSADORA 5.5 TON,,Aire Acondicionado,2663
1590,Correctivo,MONTAÑA,HOSPITAL DE LA MADRE Y DEL NIÑO DE TLAPA,CARRIER,38ARZ007-501,0905G50027,EEM014.3,UNIDAD CONDENSADORA 5.5 TON,,Aire Acondicionado,2664
1591,Preventivo,MONTAÑA,HOSPITAL DE LA MADRE Y DEL NIÑO DE TLAPA,CARRIER,CHC-120-2L,502044243,EEM014.4,UNIDAD CONDENSADORA 5.5 TON,,Aire Acondicionado,2665
1592,Correctivo,MONTAÑA,HOSPITAL DE LA MADRE Y DEL NIÑO DE TLAPA,CARRIER,CHC-120-2L,502044243,EEM014.4,UNIDAD CONDENSADORA 5.5 TON,,Aire Acondicionado,2666
1593,Preventivo,MONTAÑA,HOSPITAL DE LA MADRE Y DEL NIÑO DE TLAPA,CARRIER,38AKS014-521,3304F64800,EEM014.5,UNIDAD CONDENSADORA 5.5 TON,,Aire Acondicionado,2667
1594,Correctivo,MONTAÑA,HOSPITAL DE LA MADRE Y DEL NIÑO DE TLAPA,CARRIER,38AKS014-521,3304F64800,EEM014.5,UNIDAD CONDENSADORA 5.5 TON,,Aire Acondicionado,2668
1595,Preventivo,MONTAÑA,HOSPITAL DE LA MADRE Y DEL NIÑO DE TLAPA,CARRIER,38AKS016-521,4604F68464,EEM014.6,UNIDAD CONDENSADORA 5.5 TON,,Aire Acondicionado,2669
1596,Correctivo,MONTAÑA,HOSPITAL DE LA MADRE Y DEL NIÑO DE TLAPA,CARRIER,38AKS016-521,4604F68464,EEM014.6,UNIDAD CONDENSADORA 5.5 TON,,Aire Acondicionado,2670
1597,Preventivo,MONTAÑA,HOSPITAL DE LA MADRE Y DEL NIÑO DE TLAPA,CARRIER,38CKC048-M-5,1105E17413,EEM014.7,UNIDAD CONDENSADORA 5.5 TON,,Aire Acondicionado,2671
1598,Correctivo,MONTAÑA,HOSPITAL DE LA MADRE Y DEL NIÑO DE TLAPA,CARRIER,38CKC048-M-5,1105E17413,EEM014.7,UNIDAD CONDENSADORA 5.5 TON,,Aire Acondicionado,2672
1599,Preventivo,MONTAÑA,HOSPITAL DE LA MADRE Y DEL NIÑO DE TLAPA,CARRIER,38AP502554A10020,0614Q49930,EEM014.8,UNIDAD CONDENSADORA 5.5 TON,,Aire Acondicionado,2673
1600,Correctivo,MONTAÑA,HOSPITAL DE LA MADRE Y DEL NIÑO DE TLAPA,CARRIER,38AP502554A10020,0614Q49930,EEM014.8,UNIDAD CONDENSADORA 5.5 TON,,Aire Acondicionado,2674
1601,Preventivo,MONTAÑA,HOSPITAL DE LA MADRE Y DEL NIÑO DE TLAPA,CARRIER,38AUZA08A045A0A0A0,2415C91617,EEM014.9,UNIDAD CONDENSADORA 5.5 TON,,Aire Acondicionado,2675
1602,Correctivo,MONTAÑA,HOSPITAL DE LA MADRE Y DEL NIÑO DE TLAPA,CARRIER,38AUZA08A045A0A0A0,2415C91617,EEM014.9,UNIDAD CONDENSADORA 5.5 TON,,Aire Acondicionado,2676
1603,Preventivo,MONTAÑA,HOSPITAL DE LA MADRE Y DEL NIÑO DE TLAPA,CARRIER,50HJ005-341,0305G50302,EEM016.1,UNIDAD PAQUETE 5.5 TON,PAQUETE,Aire Acondicionado,2677
1604,Correctivo,MONTAÑA,HOSPITAL DE LA MADRE Y DEL NIÑO DE TLAPA,CARRIER,50HJ005-341,0305G50302,EEM016.1,UNIDAD PAQUETE 5.5 TON,PAQUETE,Aire Acondicionado,2678
1605,Preventivo,MONTAÑA,HOSPITAL DE LA MADRE Y DEL NIÑO DE TLAPA,CARRIER,50HJ006-331,0905G30361,EEM016.2,UNIDAD PAQUETE 5.5 TON,PAQUETE,Aire Acondicionado,2679
1606,Correctivo,MONTAÑA,HOSPITAL DE LA MADRE Y DEL NIÑO DE TLAPA,CARRIER,50HJ006-331,0905G30361,EEM016.2,UNIDAD PAQUETE 5.5 TON,PAQUETE,Aire Acondicionado,2680
1607,Preventivo,MONTAÑA,HOSPITAL DE LA MADRE Y DEL NIÑO DE TLAPA,CARRIER,50HJ008-531,0505G30488,EEM016.3,UNIDAD PAQUETE 5.5 TON,PAQUETE,Aire Acondicionado,2681
1608,Correctivo,MONTAÑA,HOSPITAL DE LA MADRE Y DEL NIÑO DE TLAPA,CARRIER,50HJ008-531,0505G30488,EEM016.3,UNIDAD PAQUETE 5.5 TON,PAQUETE,Aire Acondicionado,2682
1609,Preventivo,MONTAÑA,HOSPITAL DE LA MADRE Y DEL NIÑO DE TLAPA,CARRIER,50HJ007-541,0505G20354,EEM016.4,UNIDAD PAQUETE 5.5 TON,PAQUETE,Aire Acondicionado,2683
1610,Correctivo,MONTAÑA,HOSPITAL DE LA MADRE Y DEL NIÑO DE TLAPA,CARRIER,50HJ007-541,0505G20354,EEM016.4,UNIDAD PAQUETE 5.5 TON,PAQUETE,Aire Acondicionado,2684
1611,Preventivo,MONTAÑA,HOSPITAL DE LA MADRE Y DEL NIÑO DE TLAPA,CARRIER,50HJ005-531,0805G40249,EEM016.5,UNIDAD PAQUETE 5.5 TON,PAQUETE,Aire Acondicionado,2685
1612,Correctivo,MONTAÑA,HOSPITAL DE LA MADRE Y DEL NIÑO DE TLAPA,CARRIER,50HJ005-531,0805G40249,EEM016.5,UNIDAD PAQUETE 5.5 TON,PAQUETE,Aire Acondicionado,2686
1613,Preventivo,MONTAÑA,HOSPITAL DE LA MADRE Y DEL NIÑO DE TLAPA,CARRIER,50HJ004-531,0905G20232,EEM016.6,UNIDAD PAQUETE 5.5 TON,PAQUETE,Aire Acondicionado,2687
1614,Correctivo,MONTAÑA,HOSPITAL DE LA MADRE Y DEL NIÑO DE TLAPA,CARRIER,50HJ004-531,0905G20232,EEM016.6,UNIDAD PAQUETE 5.5 TON,PAQUETE,Aire Acondicionado,2688
1615,Preventivo,MONTAÑA,HOSPITAL DE LA MADRE Y DEL NIÑO DE TLAPA,CARRIER,38XCA12226-C,2404N72354,EEM012.1,MINISPLIT 2.0 TON,MINISPLIT,Aire Acondicionado,2689
1616,Correctivo,MONTAÑA,HOSPITAL DE LA MADRE Y DEL NIÑO DE TLAPA,CARRIER,38XCA12226-C,2404N72354,EEM012.1,MINISPLIT 2.0 TON,MINISPLIT,Aire Acondicionado,2690
1617,Preventivo,MONTAÑA,HOSPITAL DE LA MADRE Y DEL NIÑO DE TLAPA,CARRIER,38XCA07126-C,2004N64328,EEM012.3,MINISPLIT 2.0 TON,MINISPLIT,Aire Acondicionado,2691
1618,Correctivo,MONTAÑA,HOSPITAL DE LA MADRE Y DEL NIÑO DE TLAPA,CARRIER,38XCA07126-C,2004N64328,EEM012.3,MINISPLIT 2.0 TON,MINISPLIT,Aire Acondicionado,2692
1619,Preventivo,MONTAÑA,HOSPITAL DE LA MADRE Y DEL NIÑO DE TLAPA,YORK,TLDA24FSAADR,021761780081100004,EEM012.5,MINISPLIT 2.0 TON,MINISPLIT,Aire Acondicionado,2693
1620,Correctivo,MONTAÑA,HOSPITAL DE LA MADRE Y DEL NIÑO DE TLAPA,YORK,TLDA24FSAADR,021761780081100004,EEM012.5,MINISPLIT 2.0 TON,MINISPLIT,Aire Acondicionado,2694
1621,Preventivo,MONTAÑA,HOSPITAL DE LA MADRE Y DEL NIÑO DE TLAPA,YORK,TLDA24FSAADR,217601780081100283,EEM012.6,MINISPLIT 2.0 TON,MINISPLIT,Aire Acondicionado,2695
1622,Correctivo,MONTAÑA,HOSPITAL DE LA MADRE Y DEL NIÑO DE TLAPA,YORK,TLDA24FSAADR,217601780081100283,EEM012.6,MINISPLIT 2.0 TON,MINISPLIT,Aire Acondicionado,2696
1623,Preventivo,MONTAÑA,HOSPITAL DE LA MADRE Y DEL NIÑO DE TLAPA,GENERAL ELECTRIC,AS12CAB103,14010729GMB3501,EEM012.7,MINISPLIT 2.0 TON,MINISPLIT,Aire Acondicionado,2697
1624,Correctivo,MONTAÑA,HOSPITAL DE LA MADRE Y DEL NIÑO DE TLAPA,GENERAL ELECTRIC,AS12CAB103,14010729GMB3501,EEM012.7,MINISPLIT 2.0 TON,MINISPLIT,Aire Acondicionado,2698
1625,Preventivo,MONTAÑA,HOSPITAL DE LA MADRE Y DEL NIÑO DE TLAPA,FREYVEN GREEN,53FVC243B,40FVC243B-E,EEM012.10,MINISPLIT 2.0 TON,MINISPLIT,Aire Acondicionado,2699
1626,Correctivo,MONTAÑA,HOSPITAL DE LA MADRE Y DEL NIÑO DE TLAPA,FREYVEN GREEN,53FVC243B,40FVC243B-E,EEM012.10,MINISPLIT 2.0 TON,MINISPLIT,Aire Acondicionado,2700
1627,Preventivo,MONTAÑA,HOSPITAL DE LA MADRE Y DEL NIÑO DE TLAPA,TRANE,YK4-CD663-L32T,38FVC243B-C,2,MINISPLIT 2.0 TON,MINISPLIT,Aire Acondicionado,2701
1628,Correctivo,MONTAÑA,HOSPITAL DE LA MADRE Y DEL NIÑO DE TLAPA,TRANE,YK4-CD663-L32T,38FVC243B-C,2,MINISPLIT 2.0 TON,MINISPLIT,Aire Acondicionado,2702
1629,Preventivo,MONTAÑA,HOSPITAL DE LA MADRE Y DEL NIÑO DE TLAPA,PRIME,CMPRC121-E2,G3690066181147430515035A,EEM012.11,MINISPLIT 1.5 TON,MINISPLIT,Aire Acondicionado,2703
1630,Correctivo,MONTAÑA,HOSPITAL DE LA MADRE Y DEL NIÑO DE TLAPA,PRIME,CMPRC121-E2,G3690066181147430515035A,EEM012.11,MINISPLIT 1.5 TON,MINISPLIT,Aire Acondicionado,2704
1631,Preventivo,MONTAÑA,HOSPITAL DE LA MADRE Y DEL NIÑO DE TLAPA,PRIME,EMPRC121-E2,G3090066171147530512043B,EEM012.12,MINISPLIT 1.5 TON,MINISPLIT,Aire Acondicionado,2705
1632,Correctivo,MONTAÑA,HOSPITAL DE LA MADRE Y DEL NIÑO DE TLAPA,PRIME,EMPRC121-E2,G3090066171147530512043B,EEM012.12,MINISPLIT 1.5 TON,MINISPLIT,Aire Acondicionado,2706
1633,Preventivo,MONTAÑA,HOSPITAL DE LA MADRE Y DEL NIÑO DE TLAPA,PRIME,CMPRC121-E2,G369006618784373020901D2,EEM012.13,MINISPLIT 1.5 TON,MINISPLIT,Aire Acondicionado,2707
1634,Correctivo,MONTAÑA,HOSPITAL DE LA MADRE Y DEL NIÑO DE TLAPA,PRIME,CMPRC121-E2,G369006618784373020901D2,EEM012.13,MINISPLIT 1.5 TON,MINISPLIT,Aire Acondicionado,2708
1635,Preventivo,MONTAÑA,HOSPITAL DE LA MADRE Y DEL NIÑO DE TLAPA,PRIME,CMPRC121-E2,G3690066181147430515035B,EEM012.14,MINISPLIT 1.5 TON,MINISPLIT,Aire Acondicionado,2709
1636,Correctivo,MONTAÑA,HOSPITAL DE LA MADRE Y DEL NIÑO DE TLAPA,PRIME,CMPRC121-E2,G3690066181147430515035B,EEM012.14,MINISPLIT 1.5 TON,MINISPLIT,Aire Acondicionado,2710
1637,Preventivo,MONTAÑA,HOSPITAL DE LA MADRE Y DEL NIÑO DE TLAPA,PRIME,EMPRC121-E2,G3090066171147530512043E,EEM012.15,MINISPLIT 1.5 TON,MINISPLIT,Aire Acondicionado,2711
1638,Correctivo,MONTAÑA,HOSPITAL DE LA MADRE Y DEL NIÑO DE TLAPA,PRIME,EMPRC121-E2,G3090066171147530512043E,EEM012.15,MINISPLIT 1.5 TON,MINISPLIT,Aire Acondicionado,2712
1639,Preventivo,MONTAÑA,HOSPITAL DE LA MADRE Y DEL NIÑO DE TLAPA,PRIME,EMPRC121-E2,G309006617114753051203W8,Sin registro,MINISPLIT 1.5 TON,MINISPLIT,Aire Acondicionado,2713
1640,Correctivo,MONTAÑA,HOSPITAL DE LA MADRE Y DEL NIÑO DE TLAPA,PRIME,EMPRC121-E2,G309006617114753051203W8,Sin registro,MINISPLIT 1.5 TON,MINISPLIT,Aire Acondicionado,2714
1641,Preventivo,MONTAÑA,HOSPITAL DE LA MADRE Y DEL NIÑO DE TLAPA,PRIME,EMPRC121-E2,C15013RE12043E,Sin registro,MINISPLIT 1.5 TON,MINISPLIT,Aire Acondicionado,2715
1642,Correctivo,MONTAÑA,HOSPITAL DE LA MADRE Y DEL NIÑO DE TLAPA,PRIME,EMPRC121-E2,C15013RE12043E,Sin registro,MINISPLIT 1.5 TON,MINISPLIT,Aire Acondicionado,2716
1643,Preventivo,MONTAÑA,HOSPITAL DE LA MADRE Y DEL NIÑO DE TLAPA,PRIME,EMPRC121-E2,C15014EE1203XN,Sin registro,MINISPLIT 1.5 TON,MINISPLIT,Aire Acondicionado,2717
1644,Correctivo,MONTAÑA,HOSPITAL DE LA MADRE Y DEL NIÑO DE TLAPA,PRIME,EMPRC121-E2,C15014EE1203XN,Sin registro,MINISPLIT 1.5 TON,MINISPLIT,Aire Acondicionado,2718
1645,Preventivo,MONTAÑA,HOSPITAL DE LA MADRE Y DEL NIÑO DE TLAPA,FREYVEN GREEN,53FVC243B,C100236E200528,Sin registro,MINISPLIT 1.5 TON,MINISPLIT,Aire Acondicionado,2719
1646,Correctivo,MONTAÑA,HOSPITAL DE LA MADRE Y DEL NIÑO DE TLAPA,FREYVEN GREEN,53FVC243B,C100236E200528,Sin registro,MINISPLIT 1.5 TON,MINISPLIT,Aire Acondicionado,2720
1647,Preventivo,MONTAÑA,HOSPITAL DE LA MADRE Y DEL NIÑO DE TLAPA,FREYVEN GREEN,53FVC243B,C100236E200528,Sin registro,MINISPLIT 1.5 TON,MINISPLIT,Aire Acondicionado,2721
1648,Correctivo,MONTAÑA,HOSPITAL DE LA MADRE Y DEL NIÑO DE TLAPA,FREYVEN GREEN,53FVC243B,C100236E200528,Sin registro,MINISPLIT 1.5 TON,MINISPLIT,Aire Acondicionado,2722
2813,Preventivo,MONTAÑA,CENTRO COMUNITARIO DE SALUD MENTAL Y ADICCIONES TLAPA DE COMONFORT,YORK,YHFE24XJMAXA-RX,2026017672112,S/N,UNIDAD PAQUETE 7.5 TON,PAQUETE,Aire Acondicionado,2723
2814,Correctivo,MONTAÑA,CENTRO COMUNITARIO DE SALUD MENTAL Y ADICCIONES TLAPA DE COMONFORT,YORK,YHFE24XJMAXA-RX,2026017672112,S/N,UNIDAD PAQUETE 7.5 TON,PAQUETE,Aire Acondicionado,2724
2815,Preventivo,MONTAÑA,CENTRO COMUNITARIO DE SALUD MENTAL Y ADICCIONES TLAPA DE COMONFORT,YORK,YHFE24XJMAXA-RX,454654646644,S/N,MINISPLIT 1.5 TON,MINISPLIT,Aire Acondicionado,2725
2816,Correctivo,MONTAÑA,CENTRO COMUNITARIO DE SALUD MENTAL Y ADICCIONES TLAPA DE COMONFORT,YORK,YHFE24XJMAXA-RX,454654646644,S/N,MINISPLIT 1.5 TON,MINISPLIT,Aire Acondicionado,2726
2817,Preventivo,MONTAÑA,CENTRO COMUNITARIO DE SALUD MENTAL Y ADICCIONES TLAPA DE COMONFORT,YORK,YHFE24XJMAXA-RX,68798431634,S/N,MINISPLIT 1.5 TON,MINISPLIT,Aire Acondicionado,2727
2818,Correctivo,MONTAÑA,CENTRO COMUNITARIO DE SALUD MENTAL Y ADICCIONES TLAPA DE COMONFORT,YORK,YHFE24XJMAXA-RX,68798431634,S/N,MINISPLIT 1.5 TON,MINISPLIT,Aire Acondicionado,2728
2819,Preventivo,MONTAÑA,CENTRO COMUNITARIO DE SALUD MENTAL Y ADICCIONES TLAPA DE COMONFORT,YORK,YHFE24XJMAXA-RX,516468416465,S/N,MINISPLIT 1.5 TON,MINISPLIT,Aire Acondicionado,2729
2820,Correctivo,MONTAÑA,CENTRO COMUNITARIO DE SALUD MENTAL Y ADICCIONES TLAPA DE COMONFORT,YORK,YHFE24XJMAXA-RX,516468416465,S/N,MINISPLIT 1.5 TON,MINISPLIT,Aire Acondicionado,2730
2821,Preventivo,MONTAÑA,CENTRO COMUNITARIO DE SALUD MENTAL Y ADICCIONES TLAPA DE COMONFORT,YORK,YHFE24XJMAXA-RX,687410347564,S/N,MINISPLIT 1.5 TON,MINISPLIT,Aire Acondicionado,2731
2822,Correctivo,MONTAÑA,CENTRO COMUNITARIO DE SALUD MENTAL Y ADICCIONES TLAPA DE COMONFORT,YORK,YHFE24XJMAXA-RX,687410347564,S/N,MINISPLIT 1.5 TON,MINISPLIT,Aire Acondicionado,2732
4845,Preventivo,MONTAÑA,CENTRO DE SALUD TLAPA,CARRIER,39MN25C010BJK22XBS,SIN ETIQUETA,1,UMA 10 TON,UMA,Aire Acondicionado,2733
4846,Correctivo,MONTAÑA,CENTRO DE SALUD TLAPA,CARRIER,39MN25C010BJK22XBS,SIN ETIQUETA,1,UMA 10 TON,UMA,Aire Acondicionado,2734
4847,Preventivo,MONTAÑA,CENTRO DE SALUD TLAPA,CARRIER,39MN25C010BJK22XBS,SIN ETIQUETA,1,UMA 10 TON,UMA,Aire Acondicionado,2735
4848,Correctivo,MONTAÑA,CENTRO DE SALUD TLAPA,CARRIER,39MN25C010BJK22XBS,SIN ETIQUETA,1,UMA 10 TON,UMA,Aire Acondicionado,2736
4849,Preventivo,MONTAÑA,CENTRO DE SALUD TLAPA,CARRIER,Y4K-1584C1CD,LJVOIW454154V,1,MINISPLIT 1.5 TON,MINISPLIT,Aire Acondicionado,2737
4850,Correctivo,MONTAÑA,CENTRO DE SALUD TLAPA,CARRIER,Y4K-1584C1CD,LJVOIW454154V,1,MINISPLIT 1.5 TON,MINISPLIT,Aire Acondicionado,2738
4851,Preventivo,MONTAÑA,CENTRO DE SALUD TLAPA,YORK,Y4K-1584C1CD,64VSD46DF14,1,MINISPLIT 1.5 TON,MINISPLIT,Aire Acondicionado,2739
4852,Correctivo,MONTAÑA,CENTRO DE SALUD TLAPA,YORK,Y4K-1584C1CD,64VSD46DF14,1,MINISPLIT 1.5 TON,MINISPLIT,Aire Acondicionado,2740
4853,Preventivo,MONTAÑA,CENTRO DE SALUD TLAPA,YORK,Y4K-1584C1CD,MJFG5446FG-5,1,MINISPLIT 1.5 TON,MINISPLIT,Aire Acondicionado,2741
4854,Correctivo,MONTAÑA,CENTRO DE SALUD TLAPA,YORK,Y4K-1584C1CD,MJFG5446FG-5,1,MINISPLIT 1.5 TON,MINISPLIT,Aire Acondicionado,2742
4855,Preventivo,MONTAÑA,CENTRO DE SALUD TLAPA,YORK,Y4K-1584C1CD,54+FB-KMGF54,1,MINISPLIT 1.5 TON,MINISPLIT,Aire Acondicionado,2743
4856,Correctivo,MONTAÑA,CENTRO DE SALUD TLAPA,YORK,Y4K-1584C1CD,54+FB-KMGF54,1,MINISPLIT 1.5 TON,MINISPLIT,Aire Acondicionado,2744
4857,Preventivo,MONTAÑA,CENTRO DE SALUD TLAPA,YORK,Y4K-1584C1CD,64GHK-654FG,1,MINISPLIT 1.5 TON,MINISPLIT,Aire Acondicionado,2745
4858,Correctivo,MONTAÑA,CENTRO DE SALUD TLAPA,YORK,Y4K-1584C1CD,64GHK-654FG,1,MINISPLIT 1.5 TON,MINISPLIT,Aire Acondicionado,2746
4859,Preventivo,MONTAÑA,CENTRO DE SALUD TLAPA,CARRIER,Y4K-1584C1CD,LKJGF764-6DF,1,MINISPLIT 1.5 TON,MINISPLIT,Aire Acondicionado,2747
4860,Correctivo,MONTAÑA,CENTRO DE SALUD TLAPA,CARRIER,Y4K-1584C1CD,LKJGF764-6DF,1,MINISPLIT 1.5 TON,MINISPLIT,Aire Acondicionado,2748
4861,Preventivo,MONTAÑA,CENTRO DE SALUD TLAPA,CARRIER,Y4K-1584C1CD,651-CGN5HLJ,1,MINISPLIT 1.5 TON,MINISPLIT,Aire Acondicionado,2749
4862,Correctivo,MONTAÑA,CENTRO DE SALUD TLAPA,CARRIER,Y4K-1584C1CD,651-CGN5HLJ,1,MINISPLIT 1.5 TON,MINISPLIT,Aire Acondicionado,2750
4863,Preventivo,MONTAÑA,CENTRO DE SALUD TLAPA,CARRIER,Y4K-1584C1CD,LV54616D54VBF,1,MINISPLIT 1.5 TON,MINISPLIT,Aire Acondicionado,2751
4864,Correctivo,MONTAÑA,CENTRO DE SALUD TLAPA,CARRIER,Y4K-1584C1CD,LV54616D54VBF,1,MINISPLIT 1.5 TON,MINISPLIT,Aire Acondicionado,2752
4865,Preventivo,MONTAÑA,CENTRO DE SALUD TLAPA,CARRIER,Y4K-1584C1CD,SIN ETIQUETA,1,MINISPLIT 1.5 TON,MINISPLIT,Aire Acondicionado,2753
4866,Correctivo,MONTAÑA,CENTRO DE SALUD TLAPA,CARRIER,Y4K-1584C1CD,SIN ETIQUETA,1,MINISPLIT 1.5 TON,MINISPLIT,Aire Acondicionado,2754
4867,Preventivo,MONTAÑA,CENTRO DE SALUD TLAPA,CARRIER,Y4K-1584C1CD,55B5BDF5CAD6,1,MINISPLIT 1.5 TON,MINISPLIT,Aire Acondicionado,2755
4868,Correctivo,MONTAÑA,CENTRO DE SALUD TLAPA,CARRIER,Y4K-1584C1CD,55B5BDF5CAD6,1,MINISPLIT 1.5 TON,MINISPLIT,Aire Acondicionado,2756
4869,Preventivo,MONTAÑA,CENTRO DE SALUD TLAPA,CARRIER,Y4K-1584C1CD,FB646BD64SB1,1,MINISPLIT 1.5 TON,MINISPLIT,Aire Acondicionado,2757
4870,Correctivo,MONTAÑA,CENTRO DE SALUD TLAPA,CARRIER,Y4K-1584C1CD,FB646BD64SB1,1,MINISPLIT 1.5 TON,MINISPLIT,Aire Acondicionado,2758
1649,Preventivo,MONTAÑA,HOSPITAL DE LA COMUNIDAD DE HUAMUXTITLÁN,YORK,YJEA12FS-ADA,NS: 505201471081001434,SIN NUMERO,MiniSplit 1.5 ton,MINISPLIT,Aire Acondicionado,2759
1650,Correctivo,MONTAÑA,HOSPITAL DE LA COMUNIDAD DE HUAMUXTITLÁN,YORK,YJEA12FS-ADA,NS: 505201471081001434,SIN NUMERO,MiniSplit 1.5 ton,MINISPLIT,Aire Acondicionado,2760
1651,Preventivo,MONTAÑA,HOSPITAL DE LA COMUNIDAD DE HUAMUXTITLÁN,YORK,YHFE12XXMAXA-RX,NS: 020001777240500037,SIN NUMERO,MiniSplit 1.5 ton,MINISPLIT,Aire Acondicionado,2761
1652,Correctivo,MONTAÑA,HOSPITAL DE LA COMUNIDAD DE HUAMUXTITLÁN,YORK,YHFE12XXMAXA-RX,NS: 020001777240500037,SIN NUMERO,MiniSplit 1.5 ton,MINISPLIT,Aire Acondicionado,2762
1653,Preventivo,MONTAÑA,HOSPITAL DE LA COMUNIDAD DE HUAMUXTITLÁN,YORK,YHFE12XXMAXA-RX,NS: 020001777240500050,SIN NUMERO,MiniSplit 1.5 ton,MINISPLIT,Aire Acondicionado,2763
1654,Correctivo,MONTAÑA,HOSPITAL DE LA COMUNIDAD DE HUAMUXTITLÁN,YORK,YHFE12XXMAXA-RX,NS: 020001777240500050,SIN NUMERO,MiniSplit 1.5 ton,MINISPLIT,Aire Acondicionado,2764
1655,Preventivo,MONTAÑA,HOSPITAL DE LA COMUNIDAD DE HUAMUXTITLÁN,YORK,YHFE12XXMAXA-RX,NS: 020001777240500211,SIN NUMERO,MiniSplit 1.5 ton,MINISPLIT,Aire Acondicionado,2765
1656,Correctivo,MONTAÑA,HOSPITAL DE LA COMUNIDAD DE HUAMUXTITLÁN,YORK,YHFE12XXMAXA-RX,NS: 020001777240500211,SIN NUMERO,MiniSplit 1.5 ton,MINISPLIT,Aire Acondicionado,2766
1657,Preventivo,MONTAÑA,HOSPITAL DE LA COMUNIDAD DE HUAMUXTITLÁN,YORK,YHFE12XXMAXA-RX,NS: 020001777240500059,SIN NUMERO,MiniSplit 1.5 ton,MINISPLIT,Aire Acondicionado,2767
1658,Correctivo,MONTAÑA,HOSPITAL DE LA COMUNIDAD DE HUAMUXTITLÁN,YORK,YHFE12XXMAXA-RX,NS: 020001777240500059,SIN NUMERO,MiniSplit 1.5 ton,MINISPLIT,Aire Acondicionado,2768
1659,Preventivo,MONTAÑA,HOSPITAL DE LA COMUNIDAD DE HUAMUXTITLÁN,YORK,YHFE12XXMAXA-RX,NS: 020001777240500034,SIN NUMERO,MiniSplit 1.5 ton,MINISPLIT,Aire Acondicionado,2769
1660,Correctivo,MONTAÑA,HOSPITAL DE LA COMUNIDAD DE HUAMUXTITLÁN,YORK,YHFE12XXMAXA-RX,NS: 020001777240500034,SIN NUMERO,MiniSplit 1.5 ton,MINISPLIT,Aire Acondicionado,2770
1661,Preventivo,MONTAÑA,HOSPITAL DE LA COMUNIDAD DE HUAMUXTITLÁN,YORK,YHFE12XXMAXA-RX,NS: 020001777240500157,SIN NUMERO,MiniSplit 1.5 ton,MINISPLIT,Aire Acondicionado,2771
1662,Correctivo,MONTAÑA,HOSPITAL DE LA COMUNIDAD DE HUAMUXTITLÁN,YORK,YHFE12XXMAXA-RX,NS: 020001777240500157,SIN NUMERO,MiniSplit 1.5 ton,MINISPLIT,Aire Acondicionado,2772
1663,Preventivo,MONTAÑA,HOSPITAL DE LA COMUNIDAD DE HUAMUXTITLÁN,YORK,TLEA12FS-ADR,NS: 217001228090501215,SIN NUMERO,MiniSplit 1.5 ton,MINISPLIT,Aire Acondicionado,2773
1664,Correctivo,MONTAÑA,HOSPITAL DE LA COMUNIDAD DE HUAMUXTITLÁN,YORK,TLEA12FS-ADR,NS: 217001228090501215,SIN NUMERO,MiniSplit 1.5 ton,MINISPLIT,Aire Acondicionado,2774
1665,Preventivo,MONTAÑA,HOSPITAL DE LA COMUNIDAD DE HUAMUXTITLÁN,YORK,YHFE12XJMAXA-RX,NS: 020201189180300585,SIN NUMERO,MiniSplit 1.5 ton,MINISPLIT,Aire Acondicionado,2775
1666,Correctivo,MONTAÑA,HOSPITAL DE LA COMUNIDAD DE HUAMUXTITLÁN,YORK,YHFE12XJMAXA-RX,NS: 020201189180300585,SIN NUMERO,MiniSplit 1.5 ton,MINISPLIT,Aire Acondicionado,2776
1667,Preventivo,MONTAÑA,HOSPITAL DE LA COMUNIDAD DE HUAMUXTITLÁN,YORK,TLDA12FS-ADR,NS: 217002228090501371,SIN NUMERO,MiniSplit 1.5 ton,MINISPLIT,Aire Acondicionado,2777
1668,Correctivo,MONTAÑA,HOSPITAL DE LA COMUNIDAD DE HUAMUXTITLÁN,YORK,TLDA12FS-ADR,NS: 217002228090501371,SIN NUMERO,MiniSplit 1.5 ton,MINISPLIT,Aire Acondicionado,2778
1669,Preventivo,MONTAÑA,HOSPITAL DE LA COMUNIDAD DE HUAMUXTITLÁN,YORK,YHFE12XJMAXA-RX,NS: 020201189180300510,SIN NUMERO,MiniSplit 1.5 ton,MINISPLIT,Aire Acondicionado,2779
1670,Correctivo,MONTAÑA,HOSPITAL DE LA COMUNIDAD DE HUAMUXTITLÁN,YORK,YHFE12XJMAXA-RX,NS: 020201189180300510,SIN NUMERO,MiniSplit 1.5 ton,MINISPLIT,Aire Acondicionado,2780
1671,Preventivo,MONTAÑA,HOSPITAL DE LA COMUNIDAD DE HUAMUXTITLÁN,YORK,YHFE12XJMAXA-RX,NS: 020201189180300511,SIN NUMERO,MiniSplit 1.5 ton,MINISPLIT,Aire Acondicionado,2781
1672,Correctivo,MONTAÑA,HOSPITAL DE LA COMUNIDAD DE HUAMUXTITLÁN,YORK,YHFE12XJMAXA-RX,NS: 020201189180300511,SIN NUMERO,MiniSplit 1.5 ton,MINISPLIT,Aire Acondicionado,2782
1673,Preventivo,MONTAÑA,HOSPITAL DE LA COMUNIDAD DE HUAMUXTITLÁN,MIRAGE,EBF120T,NS: EBF120T5130400301,SIN NUMERO,UNIDAD PAQUETE 5.5 TON,PAQUETE,Aire Acondicionado,2783
1674,Correctivo,MONTAÑA,HOSPITAL DE LA COMUNIDAD DE HUAMUXTITLÁN,MIRAGE,EBF120T,NS: EBF120T5130400301,SIN NUMERO,UNIDAD PAQUETE 5.5 TON,PAQUETE,Aire Acondicionado,2784
1675,Preventivo,MONTAÑA,HOSPITAL DE LA COMUNIDAD DE HUAMUXTITLÁN,MIRAGE,EDF120T,NS: EDF120T5140201339,SIN NUMERO,UNIDAD PAQUETE 5.5 TON,PAQUETE,Aire Acondicionado,2785
1676,Correctivo,MONTAÑA,HOSPITAL DE LA COMUNIDAD DE HUAMUXTITLÁN,MIRAGE,EDF120T,NS: EDF120T5140201339,SIN NUMERO,UNIDAD PAQUETE 5.5 TON,PAQUETE,Aire Acondicionado,2786
1677,Preventivo,MONTAÑA,HOSPITAL DE LA COMUNIDAD DE HUAMUXTITLÁN,LG,SP121CN,NS: 421X018J 402TARU09038,SIN NUMERO,MINISPLIT 1.5 TON,MINISPLIT,Aire Acondicionado,2787
1678,Correctivo,MONTAÑA,HOSPITAL DE LA COMUNIDAD DE HUAMUXTITLÁN,LG,SP121CN,NS: 421X018J 402TARU09038,SIN NUMERO,MINISPLIT 1.5 TON,MINISPLIT,Aire Acondicionado,2788
1679,Preventivo,MONTAÑA,HOSPITAL DE LA COMUNIDAD DE HUAMUXTITLÁN,LG,SP121CN,NS: 421X00NL 402TAJD00540,SIN NUMERO,MINISPLIT 1.5 TON,MINISPLIT,Aire Acondicionado,2789
1680,Correctivo,MONTAÑA,HOSPITAL DE LA COMUNIDAD DE HUAMUXTITLÁN,LG,SP121CN,NS: 421X00NL 402TAJD00540,SIN NUMERO,MINISPLIT 1.5 TON,MINISPLIT,Aire Acondicionado,2790
1681,Preventivo,MONTAÑA,HOSPITAL DE LA COMUNIDAD DE HUAMUXTITLÁN,LG,MW182H3,NS: MW182H3.UTM0 304CTDG32434,SIN NUMERO,MINISPLIT 1.5 TON,MINISPLIT,Aire Acondicionado,2791
1682,Correctivo,MONTAÑA,HOSPITAL DE LA COMUNIDAD DE HUAMUXTITLÁN,LG,MW182H3,NS: MW182H3.UTM0 304CTDG32434,SIN NUMERO,MINISPLIT 1.5 TON,MINISPLIT,Aire Acondicionado,2792
1683,Preventivo,MONTAÑA,HOSPITAL DE LA COMUNIDAD DE HUAMUXTITLÁN,WHIRLPOOL,WA3125Q0,NS: QK52525861,SIN NUMERO,MiniSplit 2.5 ton,MINISPLIT,Aire Acondicionado,2793
1684,Correctivo,MONTAÑA,HOSPITAL DE LA COMUNIDAD DE HUAMUXTITLÁN,WHIRLPOOL,WA3125Q0,NS: QK52525861,SIN NUMERO,MiniSplit 2.5 ton,MINISPLIT,Aire Acondicionado,2794
1685,Preventivo,MONTAÑA,HOSPITAL DE LA COMUNIDAD DE HUAMUXTITLÁN,GENERAL ELECTRIC,X13 CLASE B,5SME39SXL013,SIN NUMERO,MiniSplit 1.5 ton,MINISPLIT,Aire Acondicionado,2795
1686,Correctivo,MONTAÑA,HOSPITAL DE LA COMUNIDAD DE HUAMUXTITLÁN,GENERAL ELECTRIC,X13 CLASE B,5SME39SXL013,SIN NUMERO,MiniSplit 1.5 ton,MINISPLIT,Aire Acondicionado,2796
1687,Preventivo,MONTAÑA,HOSPITAL DE LA COMUNIDAD DE HUAMUXTITLÁN,DAIKIN,DX11SA0903AC,2011748293,SIN NUMERO,UNIDAD PAQUETE 7.5 TON,PAQUETE,Aire Acondicionado,2797
1688,Correctivo,MONTAÑA,HOSPITAL DE LA COMUNIDAD DE HUAMUXTITLÁN,DAIKIN,DX11SA0903AC,2011748293,SIN NUMERO,UNIDAD PAQUETE 7.5 TON,PAQUETE,Aire Acondicionado,2798
1689,Preventivo,MONTAÑA,HOSPITAL DE LA COMUNIDAD DE HUAMUXTITLÁN,LG,SP121CN,NS: MEZ65004103,SIN NUMERO,MiniSplit 2.5 ton,MINISPLIT,Aire Acondicionado,2799
1690,Correctivo,MONTAÑA,HOSPITAL DE LA COMUNIDAD DE HUAMUXTITLÁN,LG,SP121CN,NS: MEZ65004103,SIN NUMERO,MiniSplit 2.5 ton,MINISPLIT,Aire Acondicionado,2800
4685,Preventivo,MONTAÑA,CESSA ALPOYECA,WHIRLPOOL,WA3025Q0 UNIDAD EVAPORADORA,QK51020924,1,UNIDAD PAQUETE 5.5 TON,PAQUETE,Aire Acondicionado,2801
4686,Correctivo,MONTAÑA,CESSA ALPOYECA,WHIRLPOOL,WA3025Q0 UNIDAD EVAPORADORA,QK51020924,1,UNIDAD PAQUETE 5.5 TON,PAQUETE,Aire Acondicionado,2802
4687,Preventivo,MONTAÑA,CESSA ALPOYECA,WHIRLPOOL,WA3025Q0 UNIDAD EVAPORADORA,QK51020933,1,UNIDAD PAQUETE 5.5 TON,PAQUETE,Aire Acondicionado,2803
4688,Correctivo,MONTAÑA,CESSA ALPOYECA,WHIRLPOOL,WA3025Q0 UNIDAD EVAPORADORA,QK51020933,1,UNIDAD PAQUETE 5.5 TON,PAQUETE,Aire Acondicionado,2804
4689,Preventivo,MONTAÑA,CESSA ALPOYECA,WHIRLPOOL,WA3025Q0 UNIDAD EVAPORADORA,QK51020949,1,UNIDAD PAQUETE 5.5 TON,PAQUETE,Aire Acondicionado,2805
4690,Correctivo,MONTAÑA,CESSA ALPOYECA,WHIRLPOOL,WA3025Q0 UNIDAD EVAPORADORA,QK51020949,1,UNIDAD PAQUETE 5.5 TON,PAQUETE,Aire Acondicionado,2806
4691,Preventivo,MONTAÑA,CESSA ALPOYECA,PRIME,GREEG-4K,WD-35T513R,1,MINISPLIT 1.5 TON,MINISPLIT,Aire Acondicionado,2807
4692,Correctivo,MONTAÑA,CESSA ALPOYECA,PRIME,GREEG-4K,WD-35T513R,1,MINISPLIT 1.5 TON,MINISPLIT,Aire Acondicionado,2808
4693,Preventivo,MONTAÑA,CESSA ALPOYECA,PRIME,GREEG-4K,GK-DR354BD,1,MINISPLIT 1.5 TON,MINISPLIT,Aire Acondicionado,2809
4694,Correctivo,MONTAÑA,CESSA ALPOYECA,PRIME,GREEG-4K,GK-DR354BD,1,MINISPLIT 1.5 TON,MINISPLIT,Aire Acondicionado,2810
4695,Preventivo,MONTAÑA,CESSA ALPOYECA,PRIME,GREEG-4K,DG-654DF64,1,MINISPLIT 1.5 TON,MINISPLIT,Aire Acondicionado,2811
4696,Correctivo,MONTAÑA,CESSA ALPOYECA,PRIME,GREEG-4K,DG-654DF64,1,MINISPLIT 1.5 TON,MINISPLIT,Aire Acondicionado,2812
2583,Preventivo,MONTAÑA,HOSPITAL BÁSICO COMUNITARIO XOCHIHUEHUETLAN,MIRAGE,"CLF120Q, CLF181D",S/SERIE,A2024001,MINISPLIT 1.5 TON,MINISPLIT,Aire Acondicionado,2813
2584,Correctivo,MONTAÑA,HOSPITAL BÁSICO COMUNITARIO XOCHIHUEHUETLAN,MIRAGE,"CLF120Q, CLF181D",S/SERIE,A2024001,MINISPLIT 1.5 TON,MINISPLIT,Aire Acondicionado,2814
2585,Preventivo,MONTAÑA,HOSPITAL BÁSICO COMUNITARIO XOCHIHUEHUETLAN,MIRAGE,EAF261B,EAF261B406,S/N,MINISPLIT 1.5 TON,MINISPLIT,Aire Acondicionado,2815
2586,Correctivo,MONTAÑA,HOSPITAL BÁSICO COMUNITARIO XOCHIHUEHUETLAN,MIRAGE,EAF261B,EAF261B406,S/N,MINISPLIT 1.5 TON,MINISPLIT,Aire Acondicionado,2816
2587,Preventivo,MONTAÑA,HOSPITAL BÁSICO COMUNITARIO XOCHIHUEHUETLAN,PRIME,AR12TVHQCWKN,BDD7P8DN200086N,A2024002,MINISPLIT 1.5 TON,MINISPLIT,Aire Acondicionado,2817
2588,Correctivo,MONTAÑA,HOSPITAL BÁSICO COMUNITARIO XOCHIHUEHUETLAN,PRIME,AR12TVHQCWKN,BDD7P8DN200086N,A2024002,MINISPLIT 1.5 TON,MINISPLIT,Aire Acondicionado,2818
2589,Preventivo,MONTAÑA,HOSPITAL BÁSICO COMUNITARIO XOCHIHUEHUETLAN,PRIME,EMPRC122-T2,L-2018-T-0518-ID-02-1369,S/N,MINISPLIT 2 TON,MINISPLIT,Aire Acondicionado,2819
2590,Correctivo,MONTAÑA,HOSPITAL BÁSICO COMUNITARIO XOCHIHUEHUETLAN,PRIME,EMPRC122-T2,L-2018-T-0518-ID-02-1369,S/N,MINISPLIT 2 TON,MINISPLIT,Aire Acondicionado,2820
2591,Preventivo,MONTAÑA,HOSPITAL BÁSICO COMUNITARIO XOCHIHUEHUETLAN,PRIME,AR12TVHQCWKN,BDD7P8DN200134H,A2024003,MINISPLIT 1.5 TON,MINISPLIT,Aire Acondicionado,2821
2592,Correctivo,MONTAÑA,HOSPITAL BÁSICO COMUNITARIO XOCHIHUEHUETLAN,PRIME,AR12TVHQCWKN,BDD7P8DN200134H,A2024003,MINISPLIT 1.5 TON,MINISPLIT,Aire Acondicionado,2822
2593,Preventivo,MONTAÑA,HOSPITAL BÁSICO COMUNITARIO XOCHIHUEHUETLAN,PRIME,EMPRC362-E2,G3010942711JAQY80506006Q,S/N,MINISPLIT 2 TON,MINISPLIT,Aire Acondicionado,2823
2594,Correctivo,MONTAÑA,HOSPITAL BÁSICO COMUNITARIO XOCHIHUEHUETLAN,PRIME,EMPRC362-E2,G3010942711JAQY80506006Q,S/N,MINISPLIT 2 TON,MINISPLIT,Aire Acondicionado,2824
2595,Preventivo,MONTAÑA,HOSPITAL BÁSICO COMUNITARIO XOCHIHUEHUETLAN,PRIME,EBF120B,EBF120B5140303799,A2024004,MINISPLIT 2.0 TON,MINISPLIT,Aire Acondicionado,2825
2596,Correctivo,MONTAÑA,HOSPITAL BÁSICO COMUNITARIO XOCHIHUEHUETLAN,PRIME,EBF120B,EBF120B5140303799,A2024004,MINISPLIT 2.0 TON,MINISPLIT,Aire Acondicionado,2826
2597,Preventivo,MONTAÑA,HOSPITAL BÁSICO COMUNITARIO XOCHIHUEHUETLAN,PRIME,EMPRC122-T2,L-2018-T-0518-ID-02-0052,S/N,MINISPLIT 2 TON,MINISPLIT,Aire Acondicionado,2827
2598,Correctivo,MONTAÑA,HOSPITAL BÁSICO COMUNITARIO XOCHIHUEHUETLAN,PRIME,EMPRC122-T2,L-2018-T-0518-ID-02-0052,S/N,MINISPLIT 2 TON,MINISPLIT,Aire Acondicionado,2828
2599,Preventivo,MONTAÑA,HOSPITAL BÁSICO COMUNITARIO XOCHIHUEHUETLAN,PRIME,SP182CN,MEZ66014109,A2024005,MINISPLIT 1.5 TON,MINISPLIT,Aire Acondicionado,2829
2600,Correctivo,MONTAÑA,HOSPITAL BÁSICO COMUNITARIO XOCHIHUEHUETLAN,PRIME,SP182CN,MEZ66014109,A2024005,MINISPLIT 1.5 TON,MINISPLIT,Aire Acondicionado,2830
2601,Preventivo,MONTAÑA,HOSPITAL BÁSICO COMUNITARIO XOCHIHUEHUETLAN,CARRIER,FB4CNP060,1119F34141,S/N,AIRE ACONDICIONADO 3/4,,Aire Acondicionado,2831
2602,Correctivo,MONTAÑA,HOSPITAL BÁSICO COMUNITARIO XOCHIHUEHUETLAN,CARRIER,FB4CNP060,1119F34141,S/N,AIRE ACONDICIONADO 3/4,,Aire Acondicionado,2832
2603,Preventivo,MONTAÑA,HOSPITAL BÁSICO COMUNITARIO XOCHIHUEHUETLAN,PRIME,EMPRC-121-E2,G3010942621JAQU80504015H,S/N,MINISPLIT 2 TON,MINISPLIT,Aire Acondicionado,2833
2604,Correctivo,MONTAÑA,HOSPITAL BÁSICO COMUNITARIO XOCHIHUEHUETLAN,PRIME,EMPRC-121-E2,G3010942621JAQU80504015H,S/N,MINISPLIT 2 TON,MINISPLIT,Aire Acondicionado,2834
2605,Preventivo,MONTAÑA,HOSPITAL BÁSICO COMUNITARIO XOCHIHUEHUETLAN,PRIME,EMPRC-121-E2,G3010942621JAQU8050400MX,S/N,MINISPLIT 2 TON,MINISPLIT,Aire Acondicionado,2835
2606,Correctivo,MONTAÑA,HOSPITAL BÁSICO COMUNITARIO XOCHIHUEHUETLAN,PRIME,EMPRC-121-E2,G3010942621JAQU8050400MX,S/N,MINISPLIT 2 TON,MINISPLIT,Aire Acondicionado,2836
2607,Preventivo,MONTAÑA,HOSPITAL BÁSICO COMUNITARIO XOCHIHUEHUETLAN,PRIME,EMPRC-121-E2,G3010942621JAQU8050400EP,S/N,MINISPLIT 2 TON,MINISPLIT,Aire Acondicionado,2837
2608,Correctivo,MONTAÑA,HOSPITAL BÁSICO COMUNITARIO XOCHIHUEHUETLAN,PRIME,EMPRC-121-E2,G3010942621JAQU8050400EP,S/N,MINISPLIT 2 TON,MINISPLIT,Aire Acondicionado,2838
2609,Preventivo,MONTAÑA,HOSPITAL BÁSICO COMUNITARIO XOCHIHUEHUETLAN,PRIME,EMPRC122-T2,L-2018-T-0518-ID-02-0067,S/N,MINISPLIT 2 TON,MINISPLIT,Aire Acondicionado,2839
2610,Correctivo,MONTAÑA,HOSPITAL BÁSICO COMUNITARIO XOCHIHUEHUETLAN,PRIME,EMPRC122-T2,L-2018-T-0518-ID-02-0067,S/N,MINISPLIT 2 TON,MINISPLIT,Aire Acondicionado,2840
2611,Preventivo,MONTAÑA,HOSPITAL BÁSICO COMUNITARIO XOCHIHUEHUETLAN,LG,G121HB,MEZ42277404,S/N,MINISPLIT 1.0 TON,MINISPLIT,Aire Acondicionado,2841
2612,Correctivo,MONTAÑA,HOSPITAL BÁSICO COMUNITARIO XOCHIHUEHUETLAN,LG,G121HB,MEZ42277404,S/N,MINISPLIT 1.0 TON,MINISPLIT,Aire Acondicionado,2842
2613,Preventivo,MONTAÑA,HOSPITAL BÁSICO COMUNITARIO XOCHIHUEHUETLAN,LG,G121HB,S/SERIE,S/N,MINISPLIT 1.0 TON,MINISPLIT,Aire Acondicionado,2843
2614,Correctivo,MONTAÑA,HOSPITAL BÁSICO COMUNITARIO XOCHIHUEHUETLAN,LG,G121HB,S/SERIE,S/N,MINISPLIT 1.0 TON,MINISPLIT,Aire Acondicionado,2844
2615,Preventivo,MONTAÑA,HOSPITAL BÁSICO COMUNITARIO XOCHIHUEHUETLAN,PRIME,EMPRC122-T2,L-2018-T-0518-ID-02-0065,S/N,MINISPLIT 2 TON,MINISPLIT,Aire Acondicionado,2845
2616,Correctivo,MONTAÑA,HOSPITAL BÁSICO COMUNITARIO XOCHIHUEHUETLAN,PRIME,EMPRC122-T2,L-2018-T-0518-ID-02-0065,S/N,MINISPLIT 2 TON,MINISPLIT,Aire Acondicionado,2846
2617,Preventivo,MONTAÑA,HOSPITAL BÁSICO COMUNITARIO XOCHIHUEHUETLAN,LG,G121HB,S/SERIE,S/N,MINISPLIT 1.0 TON,MINISPLIT,Aire Acondicionado,2847
2618,Correctivo,MONTAÑA,HOSPITAL BÁSICO COMUNITARIO XOCHIHUEHUETLAN,LG,G121HB,S/SERIE,S/N,MINISPLIT 1.0 TON,MINISPLIT,Aire Acondicionado,2848
2619,Preventivo,MONTAÑA,HOSPITAL BÁSICO COMUNITARIO XOCHIHUEHUETLAN,LG,G121HB,S/SERIE,S/N,MINISPLIT 1.0 TON,MINISPLIT,Aire Acondicionado,2849
2620,Correctivo,MONTAÑA,HOSPITAL BÁSICO COMUNITARIO XOCHIHUEHUETLAN,LG,G121HB,S/SERIE,S/N,MINISPLIT 1.0 TON,MINISPLIT,Aire Acondicionado,2850
2621,Preventivo,MONTAÑA,HOSPITAL BÁSICO COMUNITARIO XOCHIHUEHUETLAN,CARRIER,40PRC243A-E,3408670070398210000000,S/N,MINISPLIT 2 TON,MINISPLIT,Aire Acondicionado,2851
2622,Correctivo,MONTAÑA,HOSPITAL BÁSICO COMUNITARIO XOCHIHUEHUETLAN,CARRIER,40PRC243A-E,3408670070398210000000,S/N,MINISPLIT 2 TON,MINISPLIT,Aire Acondicionado,2852
2623,Preventivo,MONTAÑA,HOSPITAL BÁSICO COMUNITARIO XOCHIHUEHUETLAN,CARRIER,40PRC243A-E,3408670070398210000000,1.00,MINISPLIT 2 TON,MINISPLIT,Aire Acondicionado,2853
2624,Correctivo,MONTAÑA,HOSPITAL BÁSICO COMUNITARIO XOCHIHUEHUETLAN,CARRIER,40PRC243A-E,3408670070398210000000,1.00,MINISPLIT 2 TON,MINISPLIT,Aire Acondicionado,2854
2625,Preventivo,MONTAÑA,HOSPITAL BÁSICO COMUNITARIO XOCHIHUEHUETLAN,PRIME,EMPRC121-E2,G3010942621JAQU8050400JW,S/N,DE PAQUETE,PAQUETE,Aire Acondicionado,2855
2626,Correctivo,MONTAÑA,HOSPITAL BÁSICO COMUNITARIO XOCHIHUEHUETLAN,PRIME,EMPRC121-E2,G3010942621JAQU8050400JW,S/N,DE PAQUETE,PAQUETE,Aire Acondicionado,2856
2627,Preventivo,MONTAÑA,HOSPITAL BÁSICO COMUNITARIO XOCHIHUEHUETLAN,PRIME,AR12TVHQCWKN,BDD7P8DN200025R,A2024006,MINISPLIT 1.5 TON,MINISPLIT,Aire Acondicionado,2857
2628,Correctivo,MONTAÑA,HOSPITAL BÁSICO COMUNITARIO XOCHIHUEHUETLAN,PRIME,AR12TVHQCWKN,BDD7P8DN200025R,A2024006,MINISPLIT 1.5 TON,MINISPLIT,Aire Acondicionado,2858
2629,Preventivo,MONTAÑA,HOSPITAL BÁSICO COMUNITARIO XOCHIHUEHUETLAN,CARRIER,CDU|3NB06000UAB,NO PROPORCIONADO,S/N,DE PAQUETE,PAQUETE,Aire Acondicionado,2859
2630,Correctivo,MONTAÑA,HOSPITAL BÁSICO COMUNITARIO XOCHIHUEHUETLAN,CARRIER,CDU|3NB06000UAB,NO PROPORCIONADO,S/N,DE PAQUETE,PAQUETE,Aire Acondicionado,2860
2631,Preventivo,MONTAÑA,HOSPITAL BÁSICO COMUNITARIO XOCHIHUEHUETLAN,PRIME,AR12TVHQCWKN,BDD7P8DN102375X,A2024007,UNIDAD PAQUETE 5.5 TON,PAQUETE,Aire Acondicionado,2861
2632,Correctivo,MONTAÑA,HOSPITAL BÁSICO COMUNITARIO XOCHIHUEHUETLAN,PRIME,AR12TVHQCWKN,BDD7P8DN102375X,A2024007,UNIDAD PAQUETE 5.5 TON,PAQUETE,Aire Acondicionado,2862
2633,Preventivo,MONTAÑA,HOSPITAL BÁSICO COMUNITARIO XOCHIHUEHUETLAN,PRIME,EMPRC362-E2,G3010942711JAQY80506005T,S/N,MINISPLIT 2 TON,MINISPLIT,Aire Acondicionado,2863
2634,Correctivo,MONTAÑA,HOSPITAL BÁSICO COMUNITARIO XOCHIHUEHUETLAN,PRIME,EMPRC362-E2,G3010942711JAQY80506005T,S/N,MINISPLIT 2 TON,MINISPLIT,Aire Acondicionado,2864
2635,Preventivo,MONTAÑA,HOSPITAL BÁSICO COMUNITARIO XOCHIHUEHUETLAN,LG,ELF120Q,ELF120Q7011902382,A2024008,UNIDAD PAQUETE 5.5 TON,PAQUETE,Aire Acondicionado,2865
2636,Correctivo,MONTAÑA,HOSPITAL BÁSICO COMUNITARIO XOCHIHUEHUETLAN,LG,ELF120Q,ELF120Q7011902382,A2024008,UNIDAD PAQUETE 5.5 TON,PAQUETE,Aire Acondicionado,2866
2637,Preventivo,MONTAÑA,HOSPITAL BÁSICO COMUNITARIO XOCHIHUEHUETLAN,LG,ELF12OQ,ELF120Q7091804560,A2024009,MINISPLIT 1.5 TON,MINISPLIT,Aire Acondicionado,2867
2638,Correctivo,MONTAÑA,HOSPITAL BÁSICO COMUNITARIO XOCHIHUEHUETLAN,LG,ELF12OQ,ELF120Q7091804560,A2024009,MINISPLIT 1.5 TON,MINISPLIT,Aire Acondicionado,2868
2639,Preventivo,MONTAÑA,HOSPITAL BÁSICO COMUNITARIO XOCHIHUEHUETLAN,PRIME,AR12TVHQCWKN,BDD7P8DN200078F,A2024010,MINISPLIT 1.5 TON,MINISPLIT,Aire Acondicionado,2869
2640,Correctivo,MONTAÑA,HOSPITAL BÁSICO COMUNITARIO XOCHIHUEHUETLAN,PRIME,AR12TVHQCWKN,BDD7P8DN200078F,A2024010,MINISPLIT 1.5 TON,MINISPLIT,Aire Acondicionado,2870
2641,Preventivo,MONTAÑA,HOSPITAL BÁSICO COMUNITARIO XOCHIHUEHUETLAN,PRIME,AR12TVHQCWKN,BDD7P8DN200057H,A2024011,UNIDAD PAQUETE 5.5 TON,PAQUETE,Aire Acondicionado,2871
2642,Correctivo,MONTAÑA,HOSPITAL BÁSICO COMUNITARIO XOCHIHUEHUETLAN,PRIME,AR12TVHQCWKN,BDD7P8DN200057H,A2024011,UNIDAD PAQUETE 5.5 TON,PAQUETE,Aire Acondicionado,2872
2643,Preventivo,MONTAÑA,HOSPITAL BÁSICO COMUNITARIO XOCHIHUEHUETLAN,PRIME,AR12TVHQCWKN,BDD7P8DN200074V,A2024012,UNIDAD PAQUETE 5.5 TON,PAQUETE,Aire Acondicionado,2873
2644,Correctivo,MONTAÑA,HOSPITAL BÁSICO COMUNITARIO XOCHIHUEHUETLAN,PRIME,AR12TVHQCWKN,BDD7P8DN200074V,A2024012,UNIDAD PAQUETE 5.5 TON,PAQUETE,Aire Acondicionado,2874
2645,Preventivo,MONTAÑA,HOSPITAL BÁSICO COMUNITARIO XOCHIHUEHUETLAN,CARRIER,WWIHC212C,G3010934101JAJW803285C,A2024013,UMA 10 TON,UMA,Aire Acondicionado,2875
2646,Correctivo,MONTAÑA,HOSPITAL BÁSICO COMUNITARIO XOCHIHUEHUETLAN,CARRIER,WWIHC212C,G3010934101JAJW803285C,A2024013,UMA 10 TON,UMA,Aire Acondicionado,2876
2647,Preventivo,MONTAÑA,HOSPITAL BÁSICO COMUNITARIO XOCHIHUEHUETLAN,CARRIER,WWIHC212C,G3010934101JAJW803286D,A2024014,UMA 10 TON,UMA,Aire Acondicionado,2877
2648,Correctivo,MONTAÑA,HOSPITAL BÁSICO COMUNITARIO XOCHIHUEHUETLAN,CARRIER,WWIHC212C,G3010934101JAJW803286D,A2024014,UMA 10 TON,UMA,Aire Acondicionado,2878
1171,Preventivo,MONTAÑA,HOSPITAL BÁSICO COMUNITARIO ALCOZAUCA DE GUERRERO,mirage,EXF121F,EXF121F7071917308,FUNCIONANDO,MINISPLID,,Aire Acondicionado,2879
1172,Correctivo,MONTAÑA,HOSPITAL BÁSICO COMUNITARIO ALCOZAUCA DE GUERRERO,mirage,EXF121F,EXF121F7071917308,FUNCIONANDO,MINISPLID,,Aire Acondicionado,2880
1173,Preventivo,MONTAÑA,HOSPITAL BÁSICO COMUNITARIO ALCOZAUCA DE GUERRERO,mirage,EXF121F,EXF121F7071917235,FUNCIONANDO,MINISPLID,,Aire Acondicionado,2881
1174,Correctivo,MONTAÑA,HOSPITAL BÁSICO COMUNITARIO ALCOZAUCA DE GUERRERO,mirage,EXF121F,EXF121F7071917235,FUNCIONANDO,MINISPLID,,Aire Acondicionado,2882
1175,Preventivo,MONTAÑA,HOSPITAL BÁSICO COMUNITARIO ALCOZAUCA DE GUERRERO,mirage,EXF121F,EXF121F7071917307,FUNCIONANDO,MINISPLID,,Aire Acondicionado,2883
1176,Correctivo,MONTAÑA,HOSPITAL BÁSICO COMUNITARIO ALCOZAUCA DE GUERRERO,mirage,EXF121F,EXF121F7071917307,FUNCIONANDO,MINISPLID,,Aire Acondicionado,2884
1177,Preventivo,MONTAÑA,HOSPITAL BÁSICO COMUNITARIO ALCOZAUCA DE GUERRERO,mirage,EXF121F,EXF121F7071917223,FUNCIONANDO,MINISPLID,,Aire Acondicionado,2885
1178,Correctivo,MONTAÑA,HOSPITAL BÁSICO COMUNITARIO ALCOZAUCA DE GUERRERO,mirage,EXF121F,EXF121F7071917223,FUNCIONANDO,MINISPLID,,Aire Acondicionado,2886
1179,Preventivo,MONTAÑA,HOSPITAL BÁSICO COMUNITARIO ALCOZAUCA DE GUERRERO,mirage,EXF121F,EXF121F7071915521,FUNCIONANDO,MINISPLID,,Aire Acondicionado,2887
1180,Correctivo,MONTAÑA,HOSPITAL BÁSICO COMUNITARIO ALCOZAUCA DE GUERRERO,mirage,EXF121F,EXF121F7071915521,FUNCIONANDO,MINISPLID,,Aire Acondicionado,2888
1181,Preventivo,MONTAÑA,HOSPITAL BÁSICO COMUNITARIO ALCOZAUCA DE GUERRERO,mirage,EXF121F,EMF120V7072409415,FUNCIONANDO,MINISPLID,,Aire Acondicionado,2889
1182,Correctivo,MONTAÑA,HOSPITAL BÁSICO COMUNITARIO ALCOZAUCA DE GUERRERO,mirage,EXF121F,EMF120V7072409415,FUNCIONANDO,MINISPLID,,Aire Acondicionado,2890
1183,Preventivo,MONTAÑA,HOSPITAL BÁSICO COMUNITARIO ALCOZAUCA DE GUERRERO,SAMSUNG,AS24UBAN,DB98-30189K-0,FUNCIONANDO,MINISPLID,,Aire Acondicionado,2891
1184,Correctivo,MONTAÑA,HOSPITAL BÁSICO COMUNITARIO ALCOZAUCA DE GUERRERO,SAMSUNG,AS24UBAN,DB98-30189K-0,FUNCIONANDO,MINISPLID,,Aire Acondicionado,2892
1185,Preventivo,MONTAÑA,HOSPITAL BÁSICO COMUNITARIO ALCOZAUCA DE GUERRERO,SAMSUNG,EXF121F,DB98-30189K-0,FUNCIONANDO,MINISPLID,,Aire Acondicionado,2893
1186,Correctivo,MONTAÑA,HOSPITAL BÁSICO COMUNITARIO ALCOZAUCA DE GUERRERO,SAMSUNG,EXF121F,DB98-30189K-0,FUNCIONANDO,MINISPLID,,Aire Acondicionado,2894
1187,Preventivo,MONTAÑA,HOSPITAL BÁSICO COMUNITARIO ALCOZAUCA DE GUERRERO,YORK,NM036C00A1AAA1B,W1G3642253,FUNCIONANDO,UNIDAD PAQUETE,PAQUETE,Aire Acondicionado,2895
1188,Correctivo,MONTAÑA,HOSPITAL BÁSICO COMUNITARIO ALCOZAUCA DE GUERRERO,YORK,NM036C00A1AAA1B,W1G3642253,FUNCIONANDO,UNIDAD PAQUETE,PAQUETE,Aire Acondicionado,2896
1189,Preventivo,MONTAÑA,HOSPITAL BÁSICO COMUNITARIO ALCOZAUCA DE GUERRERO,YORK,NM060C00A1AAA2A,W1C3556108,FUNCIONANDO,UNIDAD PAQUETE,PAQUETE,Aire Acondicionado,2897
1190,Correctivo,MONTAÑA,HOSPITAL BÁSICO COMUNITARIO ALCOZAUCA DE GUERRERO,YORK,NM060C00A1AAA2A,W1C3556108,FUNCIONANDO,UNIDAD PAQUETE,PAQUETE,Aire Acondicionado,2898
1191,Preventivo,MONTAÑA,HOSPITAL COMUNITARIO DE OLINALÁ,YORK,NO LEGIBLE,WDJLW5444EFW,1,UMA 15 TON,UMA,Aire Acondicionado,2899
1192,Correctivo,MONTAÑA,HOSPITAL COMUNITARIO DE OLINALÁ,YORK,NO LEGIBLE,WDJLW5444EFW,1,UMA 15 TON,UMA,Aire Acondicionado,2900
1193,Preventivo,MONTAÑA,HOSPITAL COMUNITARIO DE OLINALÁ,YORK,NO LEGIBLE,EFQWKÑK54F64,1,MINISPLIT 2.0 TON,MINISPLIT,Aire Acondicionado,2901
1194,Correctivo,MONTAÑA,HOSPITAL COMUNITARIO DE OLINALÁ,YORK,NO LEGIBLE,EFQWKÑK54F64,1,MINISPLIT 2.0 TON,MINISPLIT,Aire Acondicionado,2902
1195,Preventivo,MONTAÑA,HOSPITAL COMUNITARIO DE OLINALÁ,YORK,Sin datos,Sin datos,1,MINISPLIT 2.0 TON,MINISPLIT,Aire Acondicionado,2903
1196,Correctivo,MONTAÑA,HOSPITAL COMUNITARIO DE OLINALÁ,YORK,Sin datos,Sin datos,1,MINISPLIT 2.0 TON,MINISPLIT,Aire Acondicionado,2904
1197,Preventivo,MONTAÑA,HOSPITAL COMUNITARIO DE OLINALÁ,YORK,Sin datos,Sin datos,1,MINISPLIT 2.0 TON,MINISPLIT,Aire Acondicionado,2905
1198,Correctivo,MONTAÑA,HOSPITAL COMUNITARIO DE OLINALÁ,YORK,Sin datos,Sin datos,1,MINISPLIT 2.0 TON,MINISPLIT,Aire Acondicionado,2906
1199,Preventivo,MONTAÑA,HOSPITAL COMUNITARIO DE OLINALÁ,YORK,Sin datos,Sin datos,1,MINISPLIT 2.0 TON,MINISPLIT,Aire Acondicionado,2907
1200,Correctivo,MONTAÑA,HOSPITAL COMUNITARIO DE OLINALÁ,YORK,Sin datos,Sin datos,1,MINISPLIT 2.0 TON,MINISPLIT,Aire Acondicionado,2908
1201,Preventivo,MONTAÑA,HOSPITAL COMUNITARIO DE OLINALÁ,YORK,Sin datos,Sin datos,1,MINISPLIT 2.0 TON,MINISPLIT,Aire Acondicionado,2909
1202,Correctivo,MONTAÑA,HOSPITAL COMUNITARIO DE OLINALÁ,YORK,Sin datos,Sin datos,1,MINISPLIT 2.0 TON,MINISPLIT,Aire Acondicionado,2910
1203,Preventivo,MONTAÑA,HOSPITAL COMUNITARIO DE OLINALÁ,YORK,Sin datos,Sin datos,1,UMA 15 TON,UMA,Aire Acondicionado,2911
1204,Correctivo,MONTAÑA,HOSPITAL COMUNITARIO DE OLINALÁ,YORK,Sin datos,Sin datos,1,UMA 15 TON,UMA,Aire Acondicionado,2912
1205,Preventivo,MONTAÑA,HOSPITAL COMUNITARIO DE OLINALÁ,YORK,Sin datos,Sin datos,1,UNIDAD PAQUETE 7.5 TON,PAQUETE,Aire Acondicionado,2913
1206,Correctivo,MONTAÑA,HOSPITAL COMUNITARIO DE OLINALÁ,YORK,Sin datos,Sin datos,1,UNIDAD PAQUETE 7.5 TON,PAQUETE,Aire Acondicionado,2914
1207,Preventivo,MONTAÑA,HOSPITAL COMUNITARIO DE OLINALÁ,YORK,Sin datos,Sin datos,1,UNIDAD PAQUETE 7.5 TON,PAQUETE,Aire Acondicionado,2915
1208,Correctivo,MONTAÑA,HOSPITAL COMUNITARIO DE OLINALÁ,YORK,Sin datos,Sin datos,1,UNIDAD PAQUETE 7.5 TON,PAQUETE,Aire Acondicionado,2916
1209,Preventivo,MONTAÑA,HOSPITAL COMUNITARIO DE OLINALÁ,YORK,Sin datos,Sin datos,1,UNIDAD PAQUETE 7.5 TON,PAQUETE,Aire Acondicionado,2917
1210,Correctivo,MONTAÑA,HOSPITAL COMUNITARIO DE OLINALÁ,YORK,Sin datos,Sin datos,1,UNIDAD PAQUETE 7.5 TON,PAQUETE,Aire Acondicionado,2918
1211,Preventivo,MONTAÑA,HOSPITAL COMUNITARIO DE OLINALÁ,YORK,Sin datos,Sin datos,1,UNIDAD PAQUETE 5.5 TON,PAQUETE,Aire Acondicionado,2919
1212,Correctivo,MONTAÑA,HOSPITAL COMUNITARIO DE OLINALÁ,YORK,Sin datos,Sin datos,1,UNIDAD PAQUETE 5.5 TON,PAQUETE,Aire Acondicionado,2920
1213,Preventivo,MONTAÑA,HOSPITAL COMUNITARIO DE OLINALÁ,YORK,Sin datos,Sin datos,1,UNIDAD PAQUETE 5.5 TON,PAQUETE,Aire Acondicionado,2921
1214,Correctivo,MONTAÑA,HOSPITAL COMUNITARIO DE OLINALÁ,YORK,Sin datos,Sin datos,1,UNIDAD PAQUETE 5.5 TON,PAQUETE,Aire Acondicionado,2922
1215,Preventivo,MONTAÑA,HOSPITAL COMUNITARIO DE OLINALÁ,YORK,Sin datos,Sin datos,1,UNIDAD PAQUETE 5.5 TON,PAQUETE,Aire Acondicionado,2923
1216,Correctivo,MONTAÑA,HOSPITAL COMUNITARIO DE OLINALÁ,YORK,Sin datos,Sin datos,1,UNIDAD PAQUETE 5.5 TON,PAQUETE,Aire Acondicionado,2924
1217,Preventivo,MONTAÑA,HOSPITAL COMUNITARIO DE OLINALÁ,YORK,Sin datos,Sin datos,1,UNIDAD PAQUETE 5.5 TON,PAQUETE,Aire Acondicionado,2925
1218,Correctivo,MONTAÑA,HOSPITAL COMUNITARIO DE OLINALÁ,YORK,Sin datos,Sin datos,1,UNIDAD PAQUETE 5.5 TON,PAQUETE,Aire Acondicionado,2926
1219,Preventivo,MONTAÑA,HOSPITAL COMUNITARIO DE OLINALÁ,YORK,Sin datos,Sin datos,1,MiniSplit 2.5 ton,MINISPLIT,Aire Acondicionado,2927
1220,Correctivo,MONTAÑA,HOSPITAL COMUNITARIO DE OLINALÁ,YORK,Sin datos,Sin datos,1,MiniSplit 2.5 ton,MINISPLIT,Aire Acondicionado,2928
1221,Preventivo,MONTAÑA,HOSPITAL COMUNITARIO DE OLINALÁ,YORK,Sin datos,Sin datos,1,MiniSplit 2.5 ton,MINISPLIT,Aire Acondicionado,2929
1222,Correctivo,MONTAÑA,HOSPITAL COMUNITARIO DE OLINALÁ,YORK,Sin datos,Sin datos,1,MiniSplit 2.5 ton,MINISPLIT,Aire Acondicionado,2930
1223,Preventivo,MONTAÑA,HOSPITAL COMUNITARIO DE OLINALÁ,YORK,Sin datos,Sin datos,1,MiniSplit 2.5 ton,MINISPLIT,Aire Acondicionado,2931
1224,Correctivo,MONTAÑA,HOSPITAL COMUNITARIO DE OLINALÁ,YORK,Sin datos,Sin datos,1,MiniSplit 2.5 ton,MINISPLIT,Aire Acondicionado,2932
1225,Preventivo,MONTAÑA,HOSPITAL COMUNITARIO DE OLINALÁ,YORK,Sin datos,Sin datos,1,MiniSplit 1.5 ton,MINISPLIT,Aire Acondicionado,2933
1226,Correctivo,MONTAÑA,HOSPITAL COMUNITARIO DE OLINALÁ,YORK,Sin datos,Sin datos,1,MiniSplit 1.5 ton,MINISPLIT,Aire Acondicionado,2934
1227,Preventivo,MONTAÑA,HOSPITAL COMUNITARIO DE OLINALÁ,YORK,Sin datos,Sin datos,1,MiniSplit 1.5 ton,MINISPLIT,Aire Acondicionado,2935
1228,Correctivo,MONTAÑA,HOSPITAL COMUNITARIO DE OLINALÁ,YORK,Sin datos,Sin datos,1,MiniSplit 1.5 ton,MINISPLIT,Aire Acondicionado,2936
1229,Preventivo,MONTAÑA,HOSPITAL COMUNITARIO DE OLINALÁ,YORK,Sin datos,Sin datos,1,MiniSplit 1.5 ton,MINISPLIT,Aire Acondicionado,2937
1230,Correctivo,MONTAÑA,HOSPITAL COMUNITARIO DE OLINALÁ,YORK,Sin datos,Sin datos,1,MiniSplit 1.5 ton,MINISPLIT,Aire Acondicionado,2938
1231,Preventivo,MONTAÑA,HOSPITAL COMUNITARIO DE OLINALÁ,YORK,Sin datos,Sin datos,1,MiniSplit 1.5 ton,MINISPLIT,Aire Acondicionado,2939
1232,Correctivo,MONTAÑA,HOSPITAL COMUNITARIO DE OLINALÁ,YORK,Sin datos,Sin datos,1,MiniSplit 1.5 ton,MINISPLIT,Aire Acondicionado,2940
1233,Preventivo,MONTAÑA,HOSPITAL COMUNITARIO DE OLINALÁ,YORK,Sin datos,Sin datos,1,MiniSplit 1.5 ton,MINISPLIT,Aire Acondicionado,2941
1234,Correctivo,MONTAÑA,HOSPITAL COMUNITARIO DE OLINALÁ,YORK,Sin datos,Sin datos,1,MiniSplit 1.5 ton,MINISPLIT,Aire Acondicionado,2942
1235,Preventivo,MONTAÑA,HOSPITAL COMUNITARIO DE OLINALÁ,YORK,Sin datos,Sin datos,1,MiniSplit 1.5 ton,MINISPLIT,Aire Acondicionado,2943
1236,Correctivo,MONTAÑA,HOSPITAL COMUNITARIO DE OLINALÁ,YORK,Sin datos,Sin datos,1,MiniSplit 1.5 ton,MINISPLIT,Aire Acondicionado,2944
1237,Preventivo,MONTAÑA,HOSPITAL COMUNITARIO DE OLINALÁ,YORK,Sin datos,Sin datos,1,MiniSplit 1.5 ton,MINISPLIT,Aire Acondicionado,2945
1238,Correctivo,MONTAÑA,HOSPITAL COMUNITARIO DE OLINALÁ,YORK,Sin datos,Sin datos,1,MiniSplit 1.5 ton,MINISPLIT,Aire Acondicionado,2946
1239,Preventivo,MONTAÑA,HOSPITAL COMUNITARIO DE OLINALÁ,YORK,Sin datos,Sin datos,1,MiniSplit 1.5 ton,MINISPLIT,Aire Acondicionado,2947
1240,Correctivo,MONTAÑA,HOSPITAL COMUNITARIO DE OLINALÁ,YORK,Sin datos,Sin datos,1,MiniSplit 1.5 ton,MINISPLIT,Aire Acondicionado,2948
1241,Preventivo,MONTAÑA,HOSPITAL COMUNITARIO DE OLINALÁ,YORK,Sin datos,Sin datos,1,MiniSplit 1.5 ton,MINISPLIT,Aire Acondicionado,2949
1242,Correctivo,MONTAÑA,HOSPITAL COMUNITARIO DE OLINALÁ,YORK,Sin datos,Sin datos,1,MiniSplit 1.5 ton,MINISPLIT,Aire Acondicionado,2950
1243,Preventivo,MONTAÑA,HOSPITAL COMUNITARIO DE OLINALÁ,YORK,Sin datos,Sin datos,1,MiniSplit 1.5 ton,MINISPLIT,Aire Acondicionado,2951
1244,Correctivo,MONTAÑA,HOSPITAL COMUNITARIO DE OLINALÁ,YORK,Sin datos,Sin datos,1,MiniSplit 1.5 ton,MINISPLIT,Aire Acondicionado,2952
1245,Preventivo,MONTAÑA,HOSPITAL COMUNITARIO DE OLINALÁ,YORK,Sin datos,Sin datos,1,MiniSplit 1.5 ton,MINISPLIT,Aire Acondicionado,2953
1246,Correctivo,MONTAÑA,HOSPITAL COMUNITARIO DE OLINALÁ,YORK,Sin datos,Sin datos,1,MiniSplit 1.5 ton,MINISPLIT,Aire Acondicionado,2954
1247,Preventivo,MONTAÑA,HOSPITAL COMUNITARIO DE OLINALÁ,YORK,Sin datos,Sin datos,1,MiniSplit 1.5 ton,MINISPLIT,Aire Acondicionado,2955
1248,Correctivo,MONTAÑA,HOSPITAL COMUNITARIO DE OLINALÁ,YORK,Sin datos,Sin datos,1,MiniSplit 1.5 ton,MINISPLIT,Aire Acondicionado,2956
1249,Preventivo,MONTAÑA,HOSPITAL COMUNITARIO DE OLINALÁ,YORK,Sin datos,Sin datos,1,MiniSplit 1.5 ton,MINISPLIT,Aire Acondicionado,2957
1250,Correctivo,MONTAÑA,HOSPITAL COMUNITARIO DE OLINALÁ,YORK,Sin datos,Sin datos,1,MiniSplit 1.5 ton,MINISPLIT,Aire Acondicionado,2958
1251,Preventivo,MONTAÑA,HOSPITAL COMUNITARIO DE OLINALÁ,YORK,Sin datos,Sin datos,1,MiniSplit 1.5 ton,MINISPLIT,Aire Acondicionado,2959
1252,Correctivo,MONTAÑA,HOSPITAL COMUNITARIO DE OLINALÁ,YORK,Sin datos,Sin datos,1,MiniSplit 1.5 ton,MINISPLIT,Aire Acondicionado,2960
1253,Preventivo,MONTAÑA,HOSPITAL COMUNITARIO DE OLINALÁ,YORK,Sin datos,Sin datos,1,MiniSplit 1.5 ton,MINISPLIT,Aire Acondicionado,2961
1254,Correctivo,MONTAÑA,HOSPITAL COMUNITARIO DE OLINALÁ,YORK,Sin datos,Sin datos,1,MiniSplit 1.5 ton,MINISPLIT,Aire Acondicionado,2962
1255,Preventivo,MONTAÑA,HOSPITAL COMUNITARIO DE OLINALÁ,YORK,Sin datos,Sin datos,1,MiniSplit 1.5 ton,MINISPLIT,Aire Acondicionado,2963
1256,Correctivo,MONTAÑA,HOSPITAL COMUNITARIO DE OLINALÁ,YORK,Sin datos,Sin datos,1,MiniSplit 1.5 ton,MINISPLIT,Aire Acondicionado,2964
1257,Preventivo,MONTAÑA,HOSPITAL COMUNITARIO DE OLINALÁ,YORK,Sin datos,Sin datos,1,MiniSplit 1.5 ton,MINISPLIT,Aire Acondicionado,2965
1258,Correctivo,MONTAÑA,HOSPITAL COMUNITARIO DE OLINALÁ,YORK,Sin datos,Sin datos,1,MiniSplit 1.5 ton,MINISPLIT,Aire Acondicionado,2966
1259,Preventivo,MONTAÑA,HOSPITAL COMUNITARIO DE OLINALÁ,YORK,Sin datos,Sin datos,1,MiniSplit 1.5 ton,MINISPLIT,Aire Acondicionado,2967
1260,Correctivo,MONTAÑA,HOSPITAL COMUNITARIO DE OLINALÁ,YORK,Sin datos,Sin datos,1,MiniSplit 1.5 ton,MINISPLIT,Aire Acondicionado,2968
1261,Preventivo,MONTAÑA,HOSPITAL COMUNITARIO DE OLINALÁ,YORK,Sin datos,Sin datos,1,MiniSplit 1.5 ton,MINISPLIT,Aire Acondicionado,2969
1262,Correctivo,MONTAÑA,HOSPITAL COMUNITARIO DE OLINALÁ,YORK,Sin datos,Sin datos,1,MiniSplit 1.5 ton,MINISPLIT,Aire Acondicionado,2970
1263,Preventivo,MONTAÑA,HOSPITAL COMUNITARIO DE OLINALÁ,YORK,Sin datos,Sin datos,1,MiniSplit 1.5 ton,MINISPLIT,Aire Acondicionado,2971
1264,Correctivo,MONTAÑA,HOSPITAL COMUNITARIO DE OLINALÁ,YORK,Sin datos,Sin datos,1,MiniSplit 1.5 ton,MINISPLIT,Aire Acondicionado,2972
1265,Preventivo,MONTAÑA,HOSPITAL COMUNITARIO DE OLINALÁ,YORK,Sin datos,Sin datos,1,MiniSplit 1.5 ton,MINISPLIT,Aire Acondicionado,2973
1266,Correctivo,MONTAÑA,HOSPITAL COMUNITARIO DE OLINALÁ,YORK,Sin datos,Sin datos,1,MiniSplit 1.5 ton,MINISPLIT,Aire Acondicionado,2974
1267,Preventivo,MONTAÑA,HOSPITAL COMUNITARIO DE OLINALÁ,TRANE,UNIDAD MANEJADORA,JSDKHUEF454SEF,POR DUCTOS,UMA 15 TON,UMA,Aire Acondicionado,2975
1268,Correctivo,MONTAÑA,HOSPITAL COMUNITARIO DE OLINALÁ,TRANE,UNIDAD MANEJADORA,JSDKHUEF454SEF,POR DUCTOS,UMA 15 TON,UMA,Aire Acondicionado,2976
1269,Preventivo,MONTAÑA,HOSPITAL COMUNITARIO DE OLINALÁ,TRANE,UNIDAD MANEJADORA,GGJG654HJ4GD,POR DUCTOS,UMA 10 TON,UMA,Aire Acondicionado,2977
1270,Correctivo,MONTAÑA,HOSPITAL COMUNITARIO DE OLINALÁ,TRANE,UNIDAD MANEJADORA,GGJG654HJ4GD,POR DUCTOS,UMA 10 TON,UMA,Aire Acondicionado,2978
1271,Preventivo,MONTAÑA,HOSPITAL COMUNITARIO DE OLINALÁ,TRANE,UNIDAD MANEJADORA,GLAS61565ÑLKDG,POR DUCTOS,UMA 10 TON,UMA,Aire Acondicionado,2979
1272,Correctivo,MONTAÑA,HOSPITAL COMUNITARIO DE OLINALÁ,TRANE,UNIDAD MANEJADORA,GLAS61565ÑLKDG,POR DUCTOS,UMA 10 TON,UMA,Aire Acondicionado,2980
1273,Preventivo,MONTAÑA,HOSPITAL COMUNITARIO DE OLINALÁ,FREYVEN EVAPORADOR,40FVC123B-E,S/D,HCIMBO/AA/01,MiniSplit 1 TON,MINISPLIT,Aire Acondicionado,2981
1274,Correctivo,MONTAÑA,HOSPITAL COMUNITARIO DE OLINALÁ,FREYVEN EVAPORADOR,40FVC123B-E,S/D,HCIMBO/AA/01,MiniSplit 1 TON,MINISPLIT,Aire Acondicionado,2982
1275,Preventivo,MONTAÑA,HOSPITAL COMUNITARIO DE OLINALÁ,FREYVEN CONDESADOR,38FVC123B-C,1G373WM7002M71700956,HCIMBO/AA/01,MiniSplit 1 TON,MINISPLIT,Aire Acondicionado,2983
1276,Correctivo,MONTAÑA,HOSPITAL COMUNITARIO DE OLINALÁ,FREYVEN CONDESADOR,38FVC123B-C,1G373WM7002M71700956,HCIMBO/AA/01,MiniSplit 1 TON,MINISPLIT,Aire Acondicionado,2984
1277,Preventivo,MONTAÑA,HOSPITAL COMUNITARIO DE OLINALÁ,FREYVEN EVAPORADOR,40FVC123B-E,S/D,HCIMBO/AA/02,MiniSplit 1 TON,MINISPLIT,Aire Acondicionado,2985
1278,Correctivo,MONTAÑA,HOSPITAL COMUNITARIO DE OLINALÁ,FREYVEN EVAPORADOR,40FVC123B-E,S/D,HCIMBO/AA/02,MiniSplit 1 TON,MINISPLIT,Aire Acondicionado,2986
1279,Preventivo,MONTAÑA,HOSPITAL COMUNITARIO DE OLINALÁ,FREYVEN CONDESADOR,38FVC123B-C,1G373WM7002M71700693,HCIMBO/AA/02,MiniSplit 1 TON,MINISPLIT,Aire Acondicionado,2987
1280,Correctivo,MONTAÑA,HOSPITAL COMUNITARIO DE OLINALÁ,FREYVEN CONDESADOR,38FVC123B-C,1G373WM7002M71700693,HCIMBO/AA/02,MiniSplit 1 TON,MINISPLIT,Aire Acondicionado,2988
1281,Preventivo,MONTAÑA,HOSPITAL COMUNITARIO DE OLINALÁ,YORK EVAPORADOR,YHFE12XJMAXA-RX,S/D,HCIMBO/AA/03,MiniSplit 1 TON,MINISPLIT,Aire Acondicionado,2989
1282,Correctivo,MONTAÑA,HOSPITAL COMUNITARIO DE OLINALÁ,YORK EVAPORADOR,YHFE12XJMAXA-RX,S/D,HCIMBO/AA/03,MiniSplit 1 TON,MINISPLIT,Aire Acondicionado,2990
1283,Preventivo,MONTAÑA,HOSPITAL COMUNITARIO DE OLINALÁ,YORK CONDENSADOR,YHFE12YJMAXAO-X,S/D,HCIMBO/AA/03,MiniSplit 1 TON,MINISPLIT,Aire Acondicionado,2991
1284,Correctivo,MONTAÑA,HOSPITAL COMUNITARIO DE OLINALÁ,YORK CONDENSADOR,YHFE12YJMAXAO-X,S/D,HCIMBO/AA/03,MiniSplit 1 TON,MINISPLIT,Aire Acondicionado,2992
1285,Preventivo,MONTAÑA,HOSPITAL COMUNITARIO DE OLINALÁ,YORK EVAPORADOR,YHFE12XJMAXA-RX,020201343200400781,HCIMBO/AA/04,MiniSplit 1 TON,MINISPLIT,Aire Acondicionado,2993
1286,Correctivo,MONTAÑA,HOSPITAL COMUNITARIO DE OLINALÁ,YORK EVAPORADOR,YHFE12XJMAXA-RX,020201343200400781,HCIMBO/AA/04,MiniSplit 1 TON,MINISPLIT,Aire Acondicionado,2994
1287,Preventivo,MONTAÑA,HOSPITAL COMUNITARIO DE OLINALÁ,YORK CONDENSADOR,YHFE12YJMAXAO-X,S/D,HCIMBO/AA/04,MiniSplit 1 TON,MINISPLIT,Aire Acondicionado,2995
1288,Correctivo,MONTAÑA,HOSPITAL COMUNITARIO DE OLINALÁ,YORK CONDENSADOR,YHFE12YJMAXAO-X,S/D,HCIMBO/AA/04,MiniSplit 1 TON,MINISPLIT,Aire Acondicionado,2996
1289,Preventivo,MONTAÑA,HOSPITAL COMUNITARIO DE OLINALÁ,TRANE EVAPORADOR,4MCW1518A1000AA,X2115TO182IC1086,HCIMBO/AA/05,MiniSplit 1.5 TON,MINISPLIT,Aire Acondicionado,2997
1290,Correctivo,MONTAÑA,HOSPITAL COMUNITARIO DE OLINALÁ,TRANE EVAPORADOR,4MCW1518A1000AA,X2115TO182IC1086,HCIMBO/AA/05,MiniSplit 1.5 TON,MINISPLIT,Aire Acondicionado,2998
1291,Preventivo,MONTAÑA,HOSPITAL COMUNITARIO DE OLINALÁ,YORK CONDENSADOR,4TTK1518A1L00AA,X2125TO182OC0092,HCIMBO/AA/05,MiniSplit 1.5 TON,MINISPLIT,Aire Acondicionado,2999
1292,Correctivo,MONTAÑA,HOSPITAL COMUNITARIO DE OLINALÁ,YORK CONDENSADOR,4TTK1518A1L00AA,X2125TO182OC0092,HCIMBO/AA/05,MiniSplit 1.5 TON,MINISPLIT,Aire Acondicionado,3000
1293,Preventivo,MONTAÑA,HOSPITAL COMUNITARIO DE OLINALÁ,YORK EVAPORADOR,YHFE12XJMAXA-RX,020201343200400776,HCIMBO/AA/06,MiniSplit 1 TON,MINISPLIT,Aire Acondicionado,3001
1294,Correctivo,MONTAÑA,HOSPITAL COMUNITARIO DE OLINALÁ,YORK EVAPORADOR,YHFE12XJMAXA-RX,020201343200400776,HCIMBO/AA/06,MiniSplit 1 TON,MINISPLIT,Aire Acondicionado,3002
1295,Preventivo,MONTAÑA,HOSPITAL COMUNITARIO DE OLINALÁ,YORK CONDENSADOR,YHFE12YJMAXAO-X,S/D,HCIMBO/AA/06,MiniSplit 1 TON,MINISPLIT,Aire Acondicionado,3003
1296,Correctivo,MONTAÑA,HOSPITAL COMUNITARIO DE OLINALÁ,YORK CONDENSADOR,YHFE12YJMAXAO-X,S/D,HCIMBO/AA/06,MiniSplit 1 TON,MINISPLIT,Aire Acondicionado,3004
1297,Preventivo,MONTAÑA,HOSPITAL COMUNITARIO DE OLINALÁ,YORK EVAPORADOR,YHFE12XJMAXA-RX,020201150210200473,HCIMBO/AA/07,MiniSplit 1 TON,MINISPLIT,Aire Acondicionado,3005
1298,Correctivo,MONTAÑA,HOSPITAL COMUNITARIO DE OLINALÁ,YORK EVAPORADOR,YHFE12XJMAXA-RX,020201150210200473,HCIMBO/AA/07,MiniSplit 1 TON,MINISPLIT,Aire Acondicionado,3006
1299,Preventivo,MONTAÑA,HOSPITAL COMUNITARIO DE OLINALÁ,YORK CONDENSADOR,YHFE12YJMAXAO-X,S/D,HCIMBO/AA/07,MiniSplit 1 TON,MINISPLIT,Aire Acondicionado,3007
1300,Correctivo,MONTAÑA,HOSPITAL COMUNITARIO DE OLINALÁ,YORK CONDENSADOR,YHFE12YJMAXAO-X,S/D,HCIMBO/AA/07,MiniSplit 1 TON,MINISPLIT,Aire Acondicionado,3008
1301,Preventivo,MONTAÑA,HOSPITAL COMUNITARIO DE OLINALÁ,YORK EVAPORADOR,YHFE12XJMAXA-RX,020201150210200579,HCIMBO/AA/08,MiniSplit 1 TON,MINISPLIT,Aire Acondicionado,3009
1302,Correctivo,MONTAÑA,HOSPITAL COMUNITARIO DE OLINALÁ,YORK EVAPORADOR,YHFE12XJMAXA-RX,020201150210200579,HCIMBO/AA/08,MiniSplit 1 TON,MINISPLIT,Aire Acondicionado,3010
1303,Preventivo,MONTAÑA,HOSPITAL COMUNITARIO DE OLINALÁ,YORK CONDENSADOR,YHFE12YJMAXAO-X,S/D,HCIMBO/AA/08,MiniSplit 1 TON,MINISPLIT,Aire Acondicionado,3011
1304,Correctivo,MONTAÑA,HOSPITAL COMUNITARIO DE OLINALÁ,YORK CONDENSADOR,YHFE12YJMAXAO-X,S/D,HCIMBO/AA/08,MiniSplit 1 TON,MINISPLIT,Aire Acondicionado,3012
1305,Preventivo,MONTAÑA,HOSPITAL COMUNITARIO DE OLINALÁ,YORK EVAPORADOR,YHFE12XJMAXA-RX,020201123210100442,HCIMBO/AA/09,MiniSplit 1 TON,MINISPLIT,Aire Acondicionado,3013
1306,Correctivo,MONTAÑA,HOSPITAL COMUNITARIO DE OLINALÁ,YORK EVAPORADOR,YHFE12XJMAXA-RX,020201123210100442,HCIMBO/AA/09,MiniSplit 1 TON,MINISPLIT,Aire Acondicionado,3014
1307,Preventivo,MONTAÑA,HOSPITAL COMUNITARIO DE OLINALÁ,YORK CONDENSADOR,YHFE12YJMAXAO-X,S/D,HCIMBO/AA/09,MiniSplit 1 TON,MINISPLIT,Aire Acondicionado,3015
1308,Correctivo,MONTAÑA,HOSPITAL COMUNITARIO DE OLINALÁ,YORK CONDENSADOR,YHFE12YJMAXAO-X,S/D,HCIMBO/AA/09,MiniSplit 1 TON,MINISPLIT,Aire Acondicionado,3016
1309,Preventivo,MONTAÑA,HOSPITAL COMUNITARIO DE OLINALÁ,YORK EVAPORADOR,YHFE12XJMAXA-RX,020201123210100371,HCIMBO/AA/10,MiniSplit 1 TON,MINISPLIT,Aire Acondicionado,3017
1310,Correctivo,MONTAÑA,HOSPITAL COMUNITARIO DE OLINALÁ,YORK EVAPORADOR,YHFE12XJMAXA-RX,020201123210100371,HCIMBO/AA/10,MiniSplit 1 TON,MINISPLIT,Aire Acondicionado,3018
1311,Preventivo,MONTAÑA,HOSPITAL COMUNITARIO DE OLINALÁ,YORK CONDENSADOR,YHFE12YJMAXAO-X,S/D,HCIMBO/AA/10,MiniSplit 1 TON,MINISPLIT,Aire Acondicionado,3019
1312,Correctivo,MONTAÑA,HOSPITAL COMUNITARIO DE OLINALÁ,YORK CONDENSADOR,YHFE12YJMAXAO-X,S/D,HCIMBO/AA/10,MiniSplit 1 TON,MINISPLIT,Aire Acondicionado,3020
1313,Preventivo,MONTAÑA,HOSPITAL COMUNITARIO DE OLINALÁ,YORK EVAPORADOR,YHFE12XJMAXA-RX,020201123210100793,HCIMBO/AA/11,MiniSplit 1 TON,MINISPLIT,Aire Acondicionado,3021
1314,Correctivo,MONTAÑA,HOSPITAL COMUNITARIO DE OLINALÁ,YORK EVAPORADOR,YHFE12XJMAXA-RX,020201123210100793,HCIMBO/AA/11,MiniSplit 1 TON,MINISPLIT,Aire Acondicionado,3022
1315,Preventivo,MONTAÑA,HOSPITAL COMUNITARIO DE OLINALÁ,YORK CONDENSADOR,YHFE12YJMAXAO-X,S/D,HCIMBO/AA/11,MiniSplit 1 TON,MINISPLIT,Aire Acondicionado,3023
1316,Correctivo,MONTAÑA,HOSPITAL COMUNITARIO DE OLINALÁ,YORK CONDENSADOR,YHFE12YJMAXAO-X,S/D,HCIMBO/AA/11,MiniSplit 1 TON,MINISPLIT,Aire Acondicionado,3024
1317,Preventivo,MONTAÑA,HOSPITAL COMUNITARIO DE OLINALÁ,TRANE EVAPORADOR,4MCW1518A100AA,X21115TO182IC1113,HCIMBO/AA/12,MiniSplit 1.5 TON,MINISPLIT,Aire Acondicionado,3025
1318,Correctivo,MONTAÑA,HOSPITAL COMUNITARIO DE OLINALÁ,TRANE EVAPORADOR,4MCW1518A100AA,X21115TO182IC1113,HCIMBO/AA/12,MiniSplit 1.5 TON,MINISPLIT,Aire Acondicionado,3026
1319,Preventivo,MONTAÑA,HOSPITAL COMUNITARIO DE OLINALÁ,YORK CONDENSADOR,4TTK1512A1L00AA,X2125TO182OC0370,HCIMBO/AA/12,MiniSplit 1.5 TON,MINISPLIT,Aire Acondicionado,3027
1320,Correctivo,MONTAÑA,HOSPITAL COMUNITARIO DE OLINALÁ,YORK CONDENSADOR,4TTK1512A1L00AA,X2125TO182OC0370,HCIMBO/AA/12,MiniSplit 1.5 TON,MINISPLIT,Aire Acondicionado,3028
1321,Preventivo,MONTAÑA,HOSPITAL COMUNITARIO DE OLINALÁ,FREYVEN EVAPORADOR,40FVC123B-E,S/D,HCIMBO/AA/13,MiniSplit 1 TON,MINISPLIT,Aire Acondicionado,3029
1322,Correctivo,MONTAÑA,HOSPITAL COMUNITARIO DE OLINALÁ,FREYVEN EVAPORADOR,40FVC123B-E,S/D,HCIMBO/AA/13,MiniSplit 1 TON,MINISPLIT,Aire Acondicionado,3030
1323,Preventivo,MONTAÑA,HOSPITAL COMUNITARIO DE OLINALÁ,YORK CONDENSADOR,38FVC123B-C,1G373WM7002M71700965,HCIMBO/AA/13,MiniSplit 1 TON,MINISPLIT,Aire Acondicionado,3031
1324,Correctivo,MONTAÑA,HOSPITAL COMUNITARIO DE OLINALÁ,YORK CONDENSADOR,38FVC123B-C,1G373WM7002M71700965,HCIMBO/AA/13,MiniSplit 1 TON,MINISPLIT,Aire Acondicionado,3032
1325,Preventivo,MONTAÑA,HOSPITAL COMUNITARIO DE OLINALÁ,FREYVEN EVAPORADOR,40FVC123B-E,S/D,HCIMBO/AA/14,MiniSplit 1 TON,MINISPLIT,Aire Acondicionado,3033
1326,Correctivo,MONTAÑA,HOSPITAL COMUNITARIO DE OLINALÁ,FREYVEN EVAPORADOR,40FVC123B-E,S/D,HCIMBO/AA/14,MiniSplit 1 TON,MINISPLIT,Aire Acondicionado,3034
1327,Preventivo,MONTAÑA,HOSPITAL COMUNITARIO DE OLINALÁ,FREYVEN CONDESADOR,38FVC123B-C,1G373WM7002M71700706,HCIMBO/AA/14,MiniSplit 1 TON,MINISPLIT,Aire Acondicionado,3035
1328,Correctivo,MONTAÑA,HOSPITAL COMUNITARIO DE OLINALÁ,FREYVEN CONDESADOR,38FVC123B-C,1G373WM7002M71700706,HCIMBO/AA/14,MiniSplit 1 TON,MINISPLIT,Aire Acondicionado,3036
1329,Preventivo,MONTAÑA,HOSPITAL COMUNITARIO DE OLINALÁ,FREYVEN EVAPORADOR,40FVC123B-E,S/D,HCIMBO/AA/15,MiniSplit 1 TON,MINISPLIT,Aire Acondicionado,3037
1330,Correctivo,MONTAÑA,HOSPITAL COMUNITARIO DE OLINALÁ,FREYVEN EVAPORADOR,40FVC123B-E,S/D,HCIMBO/AA/15,MiniSplit 1 TON,MINISPLIT,Aire Acondicionado,3038
1331,Preventivo,MONTAÑA,HOSPITAL COMUNITARIO DE OLINALÁ,FREYVEN CONDESADOR,38FVC123B-C,1G373WM7002M71700683,HCIMBO/AA/15,MiniSplit 1 TON,MINISPLIT,Aire Acondicionado,3039
1332,Correctivo,MONTAÑA,HOSPITAL COMUNITARIO DE OLINALÁ,FREYVEN CONDESADOR,38FVC123B-C,1G373WM7002M71700683,HCIMBO/AA/15,MiniSplit 1 TON,MINISPLIT,Aire Acondicionado,3040
1333,Preventivo,MONTAÑA,HOSPITAL COMUNITARIO DE OLINALÁ,FREYVEN EVAPORADOR,40FVC123B-E,S/D,HCIMBO/AA/16,MiniSplit 1 TON,MINISPLIT,Aire Acondicionado,3041
1334,Correctivo,MONTAÑA,HOSPITAL COMUNITARIO DE OLINALÁ,FREYVEN EVAPORADOR,40FVC123B-E,S/D,HCIMBO/AA/16,MiniSplit 1 TON,MINISPLIT,Aire Acondicionado,3042
1335,Preventivo,MONTAÑA,HOSPITAL COMUNITARIO DE OLINALÁ,FREYVEN CONDESADOR,38FVC123B-C,1G373WM7002M71700663,HCIMBO/AA/16,MiniSplit 1 TON,MINISPLIT,Aire Acondicionado,3043
1336,Correctivo,MONTAÑA,HOSPITAL COMUNITARIO DE OLINALÁ,FREYVEN CONDESADOR,38FVC123B-C,1G373WM7002M71700663,HCIMBO/AA/16,MiniSplit 1 TON,MINISPLIT,Aire Acondicionado,3044
1337,Preventivo,MONTAÑA,HOSPITAL COMUNITARIO DE OLINALÁ,FREYVEN EVAPORADOR,40FVC123B-E,S/D,HCIMBO/AA/17,MiniSplit 1 TON,MINISPLIT,Aire Acondicionado,3045
1338,Correctivo,MONTAÑA,HOSPITAL COMUNITARIO DE OLINALÁ,FREYVEN EVAPORADOR,40FVC123B-E,S/D,HCIMBO/AA/17,MiniSplit 1 TON,MINISPLIT,Aire Acondicionado,3046
1339,Preventivo,MONTAÑA,HOSPITAL COMUNITARIO DE OLINALÁ,FREYVEN CONDESADOR,38FVC123B-C,1G373WM7002M71700698,HCIMBO/AA/17,MiniSplit 1 TON,MINISPLIT,Aire Acondicionado,3047
1340,Correctivo,MONTAÑA,HOSPITAL COMUNITARIO DE OLINALÁ,FREYVEN CONDESADOR,38FVC123B-C,1G373WM7002M71700698,HCIMBO/AA/17,MiniSplit 1 TON,MINISPLIT,Aire Acondicionado,3048
1341,Preventivo,MONTAÑA,HOSPITAL COMUNITARIO DE OLINALÁ,YORK EVAPORADOR,YHFE12XJMAXA-RX,020201123211100419,HCIMBO/AA/18,MiniSplit 1 TON,MINISPLIT,Aire Acondicionado,3049
1342,Correctivo,MONTAÑA,HOSPITAL COMUNITARIO DE OLINALÁ,YORK EVAPORADOR,YHFE12XJMAXA-RX,020201123211100419,HCIMBO/AA/18,MiniSplit 1 TON,MINISPLIT,Aire Acondicionado,3050
1343,Preventivo,MONTAÑA,HOSPITAL COMUNITARIO DE OLINALÁ,YORK CONDENSADOR,YHFE12YJMAXAO-X,S/D,HCIMBO/AA/18,MiniSplit 1 TON,MINISPLIT,Aire Acondicionado,3051
1344,Correctivo,MONTAÑA,HOSPITAL COMUNITARIO DE OLINALÁ,YORK CONDENSADOR,YHFE12YJMAXAO-X,S/D,HCIMBO/AA/18,MiniSplit 1 TON,MINISPLIT,Aire Acondicionado,3052
1345,Preventivo,MONTAÑA,HOSPITAL COMUNITARIO DE OLINALÁ,TRANE EVAPORADOR,4MCW1512A1000AA,X2142TO122IC0246,HCIMBO/AA/19,MiniSplit 1 TON,MINISPLIT,Aire Acondicionado,3053
1346,Correctivo,MONTAÑA,HOSPITAL COMUNITARIO DE OLINALÁ,TRANE EVAPORADOR,4MCW1512A1000AA,X2142TO122IC0246,HCIMBO/AA/19,MiniSplit 1 TON,MINISPLIT,Aire Acondicionado,3054
1347,Preventivo,MONTAÑA,HOSPITAL COMUNITARIO DE OLINALÁ,TRANE CONDENSADOR,4TTK1512A1L00AA,X2142TO0122OC0279,HCIMBO/AA/19,MiniSplit 1 TON,MINISPLIT,Aire Acondicionado,3055
1348,Correctivo,MONTAÑA,HOSPITAL COMUNITARIO DE OLINALÁ,TRANE CONDENSADOR,4TTK1512A1L00AA,X2142TO0122OC0279,HCIMBO/AA/19,MiniSplit 1 TON,MINISPLIT,Aire Acondicionado,3056
1349,Preventivo,MONTAÑA,HOSPITAL COMUNITARIO DE OLINALÁ,YORK EVAPORADOR,YHFE12XJMAXA-RX,020201123210100391,HCIMBO/AA/20,MiniSplit 1 TON,MINISPLIT,Aire Acondicionado,3057
1350,Correctivo,MONTAÑA,HOSPITAL COMUNITARIO DE OLINALÁ,YORK EVAPORADOR,YHFE12XJMAXA-RX,020201123210100391,HCIMBO/AA/20,MiniSplit 1 TON,MINISPLIT,Aire Acondicionado,3058
1351,Preventivo,MONTAÑA,HOSPITAL COMUNITARIO DE OLINALÁ,YORK CONDENSADOR,YHFE12YJMAXAO-X,S/D,HCIMBO/AA/20,MiniSplit 1 TON,MINISPLIT,Aire Acondicionado,3059
1352,Correctivo,MONTAÑA,HOSPITAL COMUNITARIO DE OLINALÁ,YORK CONDENSADOR,YHFE12YJMAXAO-X,S/D,HCIMBO/AA/20,MiniSplit 1 TON,MINISPLIT,Aire Acondicionado,3060
1353,Preventivo,MONTAÑA,HOSPITAL COMUNITARIO DE OLINALÁ,YORK EVAPORADOR,YHFE12XJMAXA-RX,020201123210100312,HCIMBO/AA/21,MiniSplit 1 TON,MINISPLIT,Aire Acondicionado,3061
1354,Correctivo,MONTAÑA,HOSPITAL COMUNITARIO DE OLINALÁ,YORK EVAPORADOR,YHFE12XJMAXA-RX,020201123210100312,HCIMBO/AA/21,MiniSplit 1 TON,MINISPLIT,Aire Acondicionado,3062
1355,Preventivo,MONTAÑA,HOSPITAL COMUNITARIO DE OLINALÁ,YORK CONDENSADOR,YHFE12YJMAXAO-X,S/D,HCIMBO/AA/21,MiniSplit 1 TON,MINISPLIT,Aire Acondicionado,3063
1356,Correctivo,MONTAÑA,HOSPITAL COMUNITARIO DE OLINALÁ,YORK CONDENSADOR,YHFE12YJMAXAO-X,S/D,HCIMBO/AA/21,MiniSplit 1 TON,MINISPLIT,Aire Acondicionado,3064
1357,Preventivo,MONTAÑA,HOSPITAL COMUNITARIO DE OLINALÁ,YORK EVAPORADOR,YHFE12XJMAXA-RX,020201150210200409,HCIMBO/AA/22,MiniSplit 1 TON,MINISPLIT,Aire Acondicionado,3065
1358,Correctivo,MONTAÑA,HOSPITAL COMUNITARIO DE OLINALÁ,YORK EVAPORADOR,YHFE12XJMAXA-RX,020201150210200409,HCIMBO/AA/22,MiniSplit 1 TON,MINISPLIT,Aire Acondicionado,3066
1359,Preventivo,MONTAÑA,HOSPITAL COMUNITARIO DE OLINALÁ,YORK CONDENSADOR,YHFE12YJMAXAO-X,S/D,HCIMBO/AA/22,MiniSplit 1 TON,MINISPLIT,Aire Acondicionado,3067
1360,Correctivo,MONTAÑA,HOSPITAL COMUNITARIO DE OLINALÁ,YORK CONDENSADOR,YHFE12YJMAXAO-X,S/D,HCIMBO/AA/22,MiniSplit 1 TON,MINISPLIT,Aire Acondicionado,3068
1361,Preventivo,MONTAÑA,HOSPITAL COMUNITARIO DE OLINALÁ,YORK EVAPORADOR,YHFE12XJMAXA-RX,020201123210100425,HCIMBO/AA/23,MiniSplit 1 TON,MINISPLIT,Aire Acondicionado,3069
1362,Correctivo,MONTAÑA,HOSPITAL COMUNITARIO DE OLINALÁ,YORK EVAPORADOR,YHFE12XJMAXA-RX,020201123210100425,HCIMBO/AA/23,MiniSplit 1 TON,MINISPLIT,Aire Acondicionado,3070
1363,Preventivo,MONTAÑA,HOSPITAL COMUNITARIO DE OLINALÁ,YORK CONDENSADOR,YHFE12YJMAXAO-X,S/D,HCIMBO/AA/23,MiniSplit 1 TON,MINISPLIT,Aire Acondicionado,3071
1364,Correctivo,MONTAÑA,HOSPITAL COMUNITARIO DE OLINALÁ,YORK CONDENSADOR,YHFE12YJMAXAO-X,S/D,HCIMBO/AA/23,MiniSplit 1 TON,MINISPLIT,Aire Acondicionado,3072
1365,Preventivo,MONTAÑA,HOSPITAL COMUNITARIO DE OLINALÁ,YORK EVAPORADOR,YHFE12XJMAXA-RX,020201150210200545,HCIMBO/AA/24,MiniSplit 1 TON,MINISPLIT,Aire Acondicionado,3073
1366,Correctivo,MONTAÑA,HOSPITAL COMUNITARIO DE OLINALÁ,YORK EVAPORADOR,YHFE12XJMAXA-RX,020201150210200545,HCIMBO/AA/24,MiniSplit 1 TON,MINISPLIT,Aire Acondicionado,3074
1367,Preventivo,MONTAÑA,HOSPITAL COMUNITARIO DE OLINALÁ,YORK CONDENSADOR,YHFE12YJMAXAO-X,S/D,HCIMBO/AA/24,MiniSplit 1 TON,MINISPLIT,Aire Acondicionado,3075
1368,Correctivo,MONTAÑA,HOSPITAL COMUNITARIO DE OLINALÁ,YORK CONDENSADOR,YHFE12YJMAXAO-X,S/D,HCIMBO/AA/24,MiniSplit 1 TON,MINISPLIT,Aire Acondicionado,3076
1369,Preventivo,MONTAÑA,HOSPITAL COMUNITARIO DE OLINALÁ,YORK EVAPORADOR,YHFE12XJMAXA-RX,020201460200100141,HCIMBO/AA/25,MiniSplit 1 TON,MINISPLIT,Aire Acondicionado,3077
1370,Correctivo,MONTAÑA,HOSPITAL COMUNITARIO DE OLINALÁ,YORK EVAPORADOR,YHFE12XJMAXA-RX,020201460200100141,HCIMBO/AA/25,MiniSplit 1 TON,MINISPLIT,Aire Acondicionado,3078
1371,Preventivo,MONTAÑA,HOSPITAL COMUNITARIO DE OLINALÁ,YORK CONDENSADOR,YHFE12YJMAXAO-X,S/D,HCIMBO/AA/25,MiniSplit 1 TON,MINISPLIT,Aire Acondicionado,3079
1372,Correctivo,MONTAÑA,HOSPITAL COMUNITARIO DE OLINALÁ,YORK CONDENSADOR,YHFE12YJMAXAO-X,S/D,HCIMBO/AA/25,MiniSplit 1 TON,MINISPLIT,Aire Acondicionado,3080
1373,Preventivo,MONTAÑA,HOSPITAL COMUNITARIO DE OLINALÁ,YORK EVAPORADOR,YHFE12XJMAXA-RX,20201123210100381,HCIMBO/AA/26,MiniSplit 1 TON,MINISPLIT,Aire Acondicionado,3081
1374,Correctivo,MONTAÑA,HOSPITAL COMUNITARIO DE OLINALÁ,YORK EVAPORADOR,YHFE12XJMAXA-RX,20201123210100381,HCIMBO/AA/26,MiniSplit 1 TON,MINISPLIT,Aire Acondicionado,3082
1375,Preventivo,MONTAÑA,HOSPITAL COMUNITARIO DE OLINALÁ,YORK CONDENSADOR,YHFE12YJMAXAO-X,S/D,HCIMBO/AA/26,MiniSplit 1 TON,MINISPLIT,Aire Acondicionado,3083
1376,Correctivo,MONTAÑA,HOSPITAL COMUNITARIO DE OLINALÁ,YORK CONDENSADOR,YHFE12YJMAXAO-X,S/D,HCIMBO/AA/26,MiniSplit 1 TON,MINISPLIT,Aire Acondicionado,3084
1377,Preventivo,MONTAÑA,HOSPITAL COMUNITARIO DE OLINALÁ,YORK EVAPORADOR,YHFE12XJMAXA-RX,20201150210200544,HCIMBO/AA/27,MiniSplit 1 TON,MINISPLIT,Aire Acondicionado,3085
1378,Correctivo,MONTAÑA,HOSPITAL COMUNITARIO DE OLINALÁ,YORK EVAPORADOR,YHFE12XJMAXA-RX,20201150210200544,HCIMBO/AA/27,MiniSplit 1 TON,MINISPLIT,Aire Acondicionado,3086
1379,Preventivo,MONTAÑA,HOSPITAL COMUNITARIO DE OLINALÁ,YORK CONDENSADOR,YHFE12YJMAXAO-X,S/D,HCIMBO/AA/27,MiniSplit 1 TON,MINISPLIT,Aire Acondicionado,3087
1380,Correctivo,MONTAÑA,HOSPITAL COMUNITARIO DE OLINALÁ,YORK CONDENSADOR,YHFE12YJMAXAO-X,S/D,HCIMBO/AA/27,MiniSplit 1 TON,MINISPLIT,Aire Acondicionado,3088
1381,Preventivo,MONTAÑA,HOSPITAL COMUNITARIO DE OLINALÁ,TRANE EVAPORADOR,4MCW1518A1000AA,X2115TO182IC1111,HCIMBO/AA/28,MiniSplit 1.5 TON,MINISPLIT,Aire Acondicionado,3089
1382,Correctivo,MONTAÑA,HOSPITAL COMUNITARIO DE OLINALÁ,TRANE EVAPORADOR,4MCW1518A1000AA,X2115TO182IC1111,HCIMBO/AA/28,MiniSplit 1.5 TON,MINISPLIT,Aire Acondicionado,3090
1383,Preventivo,MONTAÑA,HOSPITAL COMUNITARIO DE OLINALÁ,YORK CONDENSADOR,4TTK1518A1L00AA,X2125TO182OC0391,HCIMBO/AA/28,MiniSplit 1.5 TON,MINISPLIT,Aire Acondicionado,3091
1384,Correctivo,MONTAÑA,HOSPITAL COMUNITARIO DE OLINALÁ,YORK CONDENSADOR,4TTK1518A1L00AA,X2125TO182OC0391,HCIMBO/AA/28,MiniSplit 1.5 TON,MINISPLIT,Aire Acondicionado,3092
1385,Preventivo,MONTAÑA,HOSPITAL COMUNITARIO DE OLINALÁ,YORK EVAPORADOR,YHFE12XJMAXA-RX,020201123210100754,HCIMBO/AA/29,MiniSplit 1 TON,MINISPLIT,Aire Acondicionado,3093
1386,Correctivo,MONTAÑA,HOSPITAL COMUNITARIO DE OLINALÁ,YORK EVAPORADOR,YHFE12XJMAXA-RX,020201123210100754,HCIMBO/AA/29,MiniSplit 1 TON,MINISPLIT,Aire Acondicionado,3094
1387,Preventivo,MONTAÑA,HOSPITAL COMUNITARIO DE OLINALÁ,YORK CONDENSADOR,YHFE12YJMAXAO-X,S/D,HCIMBO/AA/29,MiniSplit 1 TON,MINISPLIT,Aire Acondicionado,3095
1388,Correctivo,MONTAÑA,HOSPITAL COMUNITARIO DE OLINALÁ,YORK CONDENSADOR,YHFE12YJMAXAO-X,S/D,HCIMBO/AA/29,MiniSplit 1 TON,MINISPLIT,Aire Acondicionado,3096
1389,Preventivo,MONTAÑA,HOSPITAL COMUNITARIO DE OLINALÁ,FREYVEN EVAPORADOR,40FVC123B-E,S/D,HCIMBO/AA/30,MiniSplit 1 TON,MINISPLIT,Aire Acondicionado,3097
1390,Correctivo,MONTAÑA,HOSPITAL COMUNITARIO DE OLINALÁ,FREYVEN EVAPORADOR,40FVC123B-E,S/D,HCIMBO/AA/30,MiniSplit 1 TON,MINISPLIT,Aire Acondicionado,3098
1391,Preventivo,MONTAÑA,HOSPITAL COMUNITARIO DE OLINALÁ,FREYVEN CONDESADOR,38FVC123B-C,1G373WM700ZM71700671,HCIMBO/AA/30,MiniSplit 1 TON,MINISPLIT,Aire Acondicionado,3099
1392,Correctivo,MONTAÑA,HOSPITAL COMUNITARIO DE OLINALÁ,FREYVEN CONDESADOR,38FVC123B-C,1G373WM700ZM71700671,HCIMBO/AA/30,MiniSplit 1 TON,MINISPLIT,Aire Acondicionado,3100
1393,Preventivo,MONTAÑA,HOSPITAL COMUNITARIO DE OLINALÁ,FREYVEN EVAPORADOR,40FVC123B-E,S/D,HCIMBO/AA/31,MiniSplit 1 TON,MINISPLIT,Aire Acondicionado,3101
1394,Correctivo,MONTAÑA,HOSPITAL COMUNITARIO DE OLINALÁ,FREYVEN EVAPORADOR,40FVC123B-E,S/D,HCIMBO/AA/31,MiniSplit 1 TON,MINISPLIT,Aire Acondicionado,3102
1395,Preventivo,MONTAÑA,HOSPITAL COMUNITARIO DE OLINALÁ,FREYVEN CONDESADOR,38FVC123B-C,1G373WM700ZM71700700,HCIMBO/AA/31,MiniSplit 1 TON,MINISPLIT,Aire Acondicionado,3103
1396,Correctivo,MONTAÑA,HOSPITAL COMUNITARIO DE OLINALÁ,FREYVEN CONDESADOR,38FVC123B-C,1G373WM700ZM71700700,HCIMBO/AA/31,MiniSplit 1 TON,MINISPLIT,Aire Acondicionado,3104
1397,Preventivo,MONTAÑA,HOSPITAL COMUNITARIO DE OLINALÁ,YORK EVAPORADOR,YHFE12XJMAXA-RX,020201150210200596,HCIMBO/AA/32,MiniSplit 1 TON,MINISPLIT,Aire Acondicionado,3105
1398,Correctivo,MONTAÑA,HOSPITAL COMUNITARIO DE OLINALÁ,YORK EVAPORADOR,YHFE12XJMAXA-RX,020201150210200596,HCIMBO/AA/32,MiniSplit 1 TON,MINISPLIT,Aire Acondicionado,3106
1399,Preventivo,MONTAÑA,HOSPITAL COMUNITARIO DE OLINALÁ,YORK CONDENSADOR,YHFE12YJMAXAO-X,S/D,HCIMBO/AA/32,MiniSplit 1 TON,MINISPLIT,Aire Acondicionado,3107
1400,Correctivo,MONTAÑA,HOSPITAL COMUNITARIO DE OLINALÁ,YORK CONDENSADOR,YHFE12YJMAXAO-X,S/D,HCIMBO/AA/32,MiniSplit 1 TON,MINISPLIT,Aire Acondicionado,3108
1401,Preventivo,MONTAÑA,HOSPITAL COMUNITARIO DE OLINALÁ,FREYVEN EVAPORADOR,40FVC123B-E,S/D,HCIMBO/AA/33,MiniSplit 1 TON,MINISPLIT,Aire Acondicionado,3109
1402,Correctivo,MONTAÑA,HOSPITAL COMUNITARIO DE OLINALÁ,FREYVEN EVAPORADOR,40FVC123B-E,S/D,HCIMBO/AA/33,MiniSplit 1 TON,MINISPLIT,Aire Acondicionado,3110
1403,Preventivo,MONTAÑA,HOSPITAL COMUNITARIO DE OLINALÁ,FREYVEN CONDESADOR,38FVC123B-C,1G373WM700ZM71700819,HCIMBO/AA/33,MiniSplit 1 TON,MINISPLIT,Aire Acondicionado,3111
1404,Correctivo,MONTAÑA,HOSPITAL COMUNITARIO DE OLINALÁ,FREYVEN CONDESADOR,38FVC123B-C,1G373WM700ZM71700819,HCIMBO/AA/33,MiniSplit 1 TON,MINISPLIT,Aire Acondicionado,3112
1405,Preventivo,MONTAÑA,HOSPITAL COMUNITARIO DE OLINALÁ,FREYVEN EVAPORADOR,40FVC123B-E,S/D,HCIMBO/AA/34,MiniSplit 1 TON,MINISPLIT,Aire Acondicionado,3113
1406,Correctivo,MONTAÑA,HOSPITAL COMUNITARIO DE OLINALÁ,FREYVEN EVAPORADOR,40FVC123B-E,S/D,HCIMBO/AA/34,MiniSplit 1 TON,MINISPLIT,Aire Acondicionado,3114
1407,Preventivo,MONTAÑA,HOSPITAL COMUNITARIO DE OLINALÁ,FREYVEN CONDESADOR,38FVC123B-C,1G373WM700ZM71700682,HCIMBO/AA/34,MiniSplit 1 TON,MINISPLIT,Aire Acondicionado,3115
1408,Correctivo,MONTAÑA,HOSPITAL COMUNITARIO DE OLINALÁ,FREYVEN CONDESADOR,38FVC123B-C,1G373WM700ZM71700682,HCIMBO/AA/34,MiniSplit 1 TON,MINISPLIT,Aire Acondicionado,3116
1409,Preventivo,MONTAÑA,HOSPITAL COMUNITARIO DE OLINALÁ,FREYVEN EVAPORADOR,40FVC123B-E,S/D,HCIMBO/AA/35,MiniSplit 1 TON,MINISPLIT,Aire Acondicionado,3117
1410,Correctivo,MONTAÑA,HOSPITAL COMUNITARIO DE OLINALÁ,FREYVEN EVAPORADOR,40FVC123B-E,S/D,HCIMBO/AA/35,MiniSplit 1 TON,MINISPLIT,Aire Acondicionado,3118
1411,Preventivo,MONTAÑA,HOSPITAL COMUNITARIO DE OLINALÁ,FREYVEN CONDESADOR,38FVC123B-C,1G373WM700ZM71700680,HCIMBO/AA/35,MiniSplit 1 TON,MINISPLIT,Aire Acondicionado,3119
1412,Correctivo,MONTAÑA,HOSPITAL COMUNITARIO DE OLINALÁ,FREYVEN CONDESADOR,38FVC123B-C,1G373WM700ZM71700680,HCIMBO/AA/35,MiniSplit 1 TON,MINISPLIT,Aire Acondicionado,3120
1413,Preventivo,MONTAÑA,HOSPITAL COMUNITARIO DE OLINALÁ,YORK EVAPORADOR,YHFE18XJMAXA-RX,S/D,HCIMBO/AA/36,MiniSplit 1.5 TON,MINISPLIT,Aire Acondicionado,3121
1414,Correctivo,MONTAÑA,HOSPITAL COMUNITARIO DE OLINALÁ,YORK EVAPORADOR,YHFE18XJMAXA-RX,S/D,HCIMBO/AA/36,MiniSplit 1.5 TON,MINISPLIT,Aire Acondicionado,3122
1415,Preventivo,MONTAÑA,HOSPITAL COMUNITARIO DE OLINALÁ,YORK CONDENSADOR,YHFE18YJMAXAO-X,S/D,HCIMBO/AA/36,MiniSplit 1.5 TON,MINISPLIT,Aire Acondicionado,3123
1416,Correctivo,MONTAÑA,HOSPITAL COMUNITARIO DE OLINALÁ,YORK CONDENSADOR,YHFE18YJMAXAO-X,S/D,HCIMBO/AA/36,MiniSplit 1.5 TON,MINISPLIT,Aire Acondicionado,3124
1417,Preventivo,MONTAÑA,HOSPITAL COMUNITARIO DE OLINALÁ,TRANE EVAPORADOR,4MCW1518A1000AA,X2115TO182IC1081,HCIMBO/AA/37,MiniSplit 1.5 TON,MINISPLIT,Aire Acondicionado,3125
1418,Correctivo,MONTAÑA,HOSPITAL COMUNITARIO DE OLINALÁ,TRANE EVAPORADOR,4MCW1518A1000AA,X2115TO182IC1081,HCIMBO/AA/37,MiniSplit 1.5 TON,MINISPLIT,Aire Acondicionado,3126
1419,Preventivo,MONTAÑA,HOSPITAL COMUNITARIO DE OLINALÁ,TRANE CONDENSADOR,4TTK1518A1L00AA,X2125TO182OC0379,HCIMBO/AA/37,MiniSplit 1.5 TON,MINISPLIT,Aire Acondicionado,3127
1420,Correctivo,MONTAÑA,HOSPITAL COMUNITARIO DE OLINALÁ,TRANE CONDENSADOR,4TTK1518A1L00AA,X2125TO182OC0379,HCIMBO/AA/37,MiniSplit 1.5 TON,MINISPLIT,Aire Acondicionado,3128
1421,Preventivo,MONTAÑA,HOSPITAL COMUNITARIO DE OLINALÁ,TRANE EVAPORADOR,4MCW1518A1000AA,X2115TO182IC1057,HCIMBO/AA/38,MiniSplit 1.5 TON,MINISPLIT,Aire Acondicionado,3129
1422,Correctivo,MONTAÑA,HOSPITAL COMUNITARIO DE OLINALÁ,TRANE EVAPORADOR,4MCW1518A1000AA,X2115TO182IC1057,HCIMBO/AA/38,MiniSplit 1.5 TON,MINISPLIT,Aire Acondicionado,3130
1423,Preventivo,MONTAÑA,HOSPITAL COMUNITARIO DE OLINALÁ,TRANE CONDENSADOR,4TTK1518A1L00AA,X2125TO182OC0387,HCIMBO/AA/38,MiniSplit 1.5 TON,MINISPLIT,Aire Acondicionado,3131
1424,Correctivo,MONTAÑA,HOSPITAL COMUNITARIO DE OLINALÁ,TRANE CONDENSADOR,4TTK1518A1L00AA,X2125TO182OC0387,HCIMBO/AA/38,MiniSplit 1.5 TON,MINISPLIT,Aire Acondicionado,3132
1425,Preventivo,MONTAÑA,HOSPITAL COMUNITARIO DE OLINALÁ,TRANE EVAPORADOR,4MCW1512A1000AA,X2142TO122IC0228,HCIMBO/AA/39,MiniSplit 1 TON,MINISPLIT,Aire Acondicionado,3133
1426,Correctivo,MONTAÑA,HOSPITAL COMUNITARIO DE OLINALÁ,TRANE EVAPORADOR,4MCW1512A1000AA,X2142TO122IC0228,HCIMBO/AA/39,MiniSplit 1 TON,MINISPLIT,Aire Acondicionado,3134
1427,Preventivo,MONTAÑA,HOSPITAL COMUNITARIO DE OLINALÁ,TRANE CONDENSADOR,4TTK1512A1L00AA,X2142TO0122OC0247,HCIMBO/AA/39,MiniSplit 1 TON,MINISPLIT,Aire Acondicionado,3135
1428,Correctivo,MONTAÑA,HOSPITAL COMUNITARIO DE OLINALÁ,TRANE CONDENSADOR,4TTK1512A1L00AA,X2142TO0122OC0247,HCIMBO/AA/39,MiniSplit 1 TON,MINISPLIT,Aire Acondicionado,3136
1429,Preventivo,MONTAÑA,HOSPITAL COMUNITARIO DE OLINALÁ,TRANE EVAPORADOR,4MCW1518A1000AA,X2115TO182IC1071,HCIMBO/AA/40,MiniSplit 1.5 TON,MINISPLIT,Aire Acondicionado,3137
1430,Correctivo,MONTAÑA,HOSPITAL COMUNITARIO DE OLINALÁ,TRANE EVAPORADOR,4MCW1518A1000AA,X2115TO182IC1071,HCIMBO/AA/40,MiniSplit 1.5 TON,MINISPLIT,Aire Acondicionado,3138
1431,Preventivo,MONTAÑA,HOSPITAL COMUNITARIO DE OLINALÁ,TRANE CONDENSADOR,4TTK1518A1L00AA,X2125TO182OC0334,HCIMBO/AA/40,MiniSplit 1.5 TON,MINISPLIT,Aire Acondicionado,3139
1432,Correctivo,MONTAÑA,HOSPITAL COMUNITARIO DE OLINALÁ,TRANE CONDENSADOR,4TTK1518A1L00AA,X2125TO182OC0334,HCIMBO/AA/40,MiniSplit 1.5 TON,MINISPLIT,Aire Acondicionado,3140
1433,Preventivo,MONTAÑA,HOSPITAL COMUNITARIO DE OLINALÁ,TRANE EVAPORADOR,4MCW1512A1000AA,X2142TO122IC0236,HCIMBO/AA/41,MiniSplit 1 TON,MINISPLIT,Aire Acondicionado,3141
1434,Correctivo,MONTAÑA,HOSPITAL COMUNITARIO DE OLINALÁ,TRANE EVAPORADOR,4MCW1512A1000AA,X2142TO122IC0236,HCIMBO/AA/41,MiniSplit 1 TON,MINISPLIT,Aire Acondicionado,3142
1435,Preventivo,MONTAÑA,HOSPITAL COMUNITARIO DE OLINALÁ,TRANE CONDENSADOR,4TTK1512A1L00AA,X2142TO0122OC0256,HCIMBO/AA/41,MiniSplit 1 TON,MINISPLIT,Aire Acondicionado,3143
1436,Correctivo,MONTAÑA,HOSPITAL COMUNITARIO DE OLINALÁ,TRANE CONDENSADOR,4TTK1512A1L00AA,X2142TO0122OC0256,HCIMBO/AA/41,MiniSplit 1 TON,MINISPLIT,Aire Acondicionado,3144
1437,Preventivo,MONTAÑA,HOSPITAL COMUNITARIO DE OLINALÁ,TRANE EVAPORADOR,4MCW1524A1000AA,X2211TO242IC0105,HCIMBO/AA/42,MiniSplit 2 TON,MINISPLIT,Aire Acondicionado,3145
1438,Correctivo,MONTAÑA,HOSPITAL COMUNITARIO DE OLINALÁ,TRANE EVAPORADOR,4MCW1524A1000AA,X2211TO242IC0105,HCIMBO/AA/42,MiniSplit 2 TON,MINISPLIT,Aire Acondicionado,3146
1439,Preventivo,MONTAÑA,HOSPITAL COMUNITARIO DE OLINALÁ,TRANE CONDENSADOR,4TTK1524A1L00AA,X2211TO242OC0380,HCIMBO/AA/42,MiniSplit 2 TON,MINISPLIT,Aire Acondicionado,3147
1440,Correctivo,MONTAÑA,HOSPITAL COMUNITARIO DE OLINALÁ,TRANE CONDENSADOR,4TTK1524A1L00AA,X2211TO242OC0380,HCIMBO/AA/42,MiniSplit 2 TON,MINISPLIT,Aire Acondicionado,3148
1441,Preventivo,MONTAÑA,HOSPITAL COMUNITARIO DE OLINALÁ,TRANE EVAPORADOR,4MCW1524A1000AA,X2211TO242IC0013,HCIMBO/AA/43,MiniSplit 2 TON,MINISPLIT,Aire Acondicionado,3149
1442,Correctivo,MONTAÑA,HOSPITAL COMUNITARIO DE OLINALÁ,TRANE EVAPORADOR,4MCW1524A1000AA,X2211TO242IC0013,HCIMBO/AA/43,MiniSplit 2 TON,MINISPLIT,Aire Acondicionado,3150
1443,Preventivo,MONTAÑA,HOSPITAL COMUNITARIO DE OLINALÁ,TRANE CONDENSADOR,4TTK1524A1L00AA,X2211TO242OC0169,HCIMBO/AA/43,MiniSplit 2 TON,MINISPLIT,Aire Acondicionado,3151
1444,Correctivo,MONTAÑA,HOSPITAL COMUNITARIO DE OLINALÁ,TRANE CONDENSADOR,4TTK1524A1L00AA,X2211TO242OC0169,HCIMBO/AA/43,MiniSplit 2 TON,MINISPLIT,Aire Acondicionado,3152
1445,Preventivo,MONTAÑA,HOSPITAL COMUNITARIO DE OLINALÁ,TRANE EVAPORADOR,4MCW1518A1000AA,X2115TO182IC1001,HCIMBO/AA/44,MiniSplit 1.5 TON,MINISPLIT,Aire Acondicionado,3153
1446,Correctivo,MONTAÑA,HOSPITAL COMUNITARIO DE OLINALÁ,TRANE EVAPORADOR,4MCW1518A1000AA,X2115TO182IC1001,HCIMBO/AA/44,MiniSplit 1.5 TON,MINISPLIT,Aire Acondicionado,3154
1447,Preventivo,MONTAÑA,HOSPITAL COMUNITARIO DE OLINALÁ,TRANE CONDENSADOR,4TTK1518A1L00AA,X2125TO182OC0103,HCIMBO/AA/44,MiniSplit 1.5 TON,MINISPLIT,Aire Acondicionado,3155
1448,Correctivo,MONTAÑA,HOSPITAL COMUNITARIO DE OLINALÁ,TRANE CONDENSADOR,4TTK1518A1L00AA,X2125TO182OC0103,HCIMBO/AA/44,MiniSplit 1.5 TON,MINISPLIT,Aire Acondicionado,3156
1449,Preventivo,MONTAÑA,HOSPITAL COMUNITARIO DE OLINALÁ,MIRAGE EVAPORADOR,ELF120H,ELF120H44042325419,HCIMBO/AA/45,MiniSplit 1 TON,MINISPLIT,Aire Acondicionado,3157
1450,Correctivo,MONTAÑA,HOSPITAL COMUNITARIO DE OLINALÁ,MIRAGE EVAPORADOR,ELF120H,ELF120H44042325419,HCIMBO/AA/45,MiniSplit 1 TON,MINISPLIT,Aire Acondicionado,3158
1451,Preventivo,MONTAÑA,HOSPITAL COMUNITARIO DE OLINALÁ,MIRAGE CONDENSADOR,CLF120H,CLF120H44042325332,HCIMBO/AA/45,MiniSplit 1 TON,MINISPLIT,Aire Acondicionado,3159
1452,Correctivo,MONTAÑA,HOSPITAL COMUNITARIO DE OLINALÁ,MIRAGE CONDENSADOR,CLF120H,CLF120H44042325332,HCIMBO/AA/45,MiniSplit 1 TON,MINISPLIT,Aire Acondicionado,3160
1453,Preventivo,MONTAÑA,HOSPITAL COMUNITARIO DE OLINALÁ,TRANE ODYSSEY EVAPORADOR,TTA12043CAA02BS01,23104386YA,HCIMBO/AA/46,UMA 10 TON,UMA,Aire Acondicionado,3161
1454,Correctivo,MONTAÑA,HOSPITAL COMUNITARIO DE OLINALÁ,TRANE ODYSSEY EVAPORADOR,TTA12043CAA02BS01,23104386YA,HCIMBO/AA/46,UMA 10 TON,UMA,Aire Acondicionado,3162
1455,Preventivo,MONTAÑA,HOSPITAL COMUNITARIO DE OLINALÁ,TRANE ODYSSEY CONDENSADOR,40RUAA08A2A6A0A0A0,4713U41844,HCIMBO/AA/46,UMA 10 TON,UMA,Aire Acondicionado,3163
1456,Correctivo,MONTAÑA,HOSPITAL COMUNITARIO DE OLINALÁ,TRANE ODYSSEY CONDENSADOR,40RUAA08A2A6A0A0A0,4713U41844,HCIMBO/AA/46,UMA 10 TON,UMA,Aire Acondicionado,3164
1457,Preventivo,MONTAÑA,HOSPITAL COMUNITARIO DE OLINALÁ,TRANE ODYSSEY EVAPORADOR,TTA18043DAA02BS01,23252796TA,HCIMBO/AA/47,UMA 15 TON,UMA,Aire Acondicionado,3165
1458,Correctivo,MONTAÑA,HOSPITAL COMUNITARIO DE OLINALÁ,TRANE ODYSSEY EVAPORADOR,TTA18043DAA02BS01,23252796TA,HCIMBO/AA/47,UMA 15 TON,UMA,Aire Acondicionado,3166
1459,Preventivo,MONTAÑA,HOSPITAL COMUNITARIO DE OLINALÁ,TRANE ODYSSEY CONDENSADOR,TWE18043BAA07BD00,23061415WA,HCIMBO/AA/47,UMA 15 TON,UMA,Aire Acondicionado,3167
1460,Correctivo,MONTAÑA,HOSPITAL COMUNITARIO DE OLINALÁ,TRANE ODYSSEY CONDENSADOR,TWE18043BAA07BD00,23061415WA,HCIMBO/AA/47,UMA 15 TON,UMA,Aire Acondicionado,3168
1461,Preventivo,MONTAÑA,HOSPITAL COMUNITARIO DE OLINALÁ,TRANE ODYSSEY EVAPORADOR,TTA12043CAA02AS00,22432873YA,HCIMBO/AA/48,UMA 10 TON,UMA,Aire Acondicionado,3169
1462,Correctivo,MONTAÑA,HOSPITAL COMUNITARIO DE OLINALÁ,TRANE ODYSSEY EVAPORADOR,TTA12043CAA02AS00,22432873YA,HCIMBO/AA/48,UMA 10 TON,UMA,Aire Acondicionado,3170
1463,Preventivo,MONTAÑA,HOSPITAL COMUNITARIO DE OLINALÁ,TRANE ODYSSEY CONDENSADOR,TWE120A300EL,5092RFHBD,HCIMBO/AA/48,UMA 10 TON,UMA,Aire Acondicionado,3171
1464,Correctivo,MONTAÑA,HOSPITAL COMUNITARIO DE OLINALÁ,TRANE ODYSSEY CONDENSADOR,TWE120A300EL,5092RFHBD,HCIMBO/AA/48,UMA 10 TON,UMA,Aire Acondicionado,3172
1465,Preventivo,MONTAÑA,HOSPITAL COMUNITARIO DE OLINALÁ,TRANE ODYSSEY EVAPORADOR,TTA18043DAA02BS01,23252789TA,HCIMBO/AA/49,UMA 15 TON,UMA,Aire Acondicionado,3173
1466,Correctivo,MONTAÑA,HOSPITAL COMUNITARIO DE OLINALÁ,TRANE ODYSSEY EVAPORADOR,TTA18043DAA02BS01,23252789TA,HCIMBO/AA/49,UMA 15 TON,UMA,Aire Acondicionado,3174
1467,Preventivo,MONTAÑA,HOSPITAL COMUNITARIO DE OLINALÁ,TRANE ODYSSEY CONDENSADOR,TWE18043BAA07BD00,23171208WA,HCIMBO/AA/49,UMA 15 TON,UMA,Aire Acondicionado,3175
1468,Correctivo,MONTAÑA,HOSPITAL COMUNITARIO DE OLINALÁ,TRANE ODYSSEY CONDENSADOR,TWE18043BAA07BD00,23171208WA,HCIMBO/AA/49,UMA 15 TON,UMA,Aire Acondicionado,3176
1469,Preventivo,MONTAÑA,HOSPITAL COMUNITARIO DE OLINALÁ,FREYVEN EVAPORADOR,40FVC123B-E,S/D,HCIMBO/AA/01,MiniSplit 1 TON,MINISPLIT,Aire Acondicionado,3177
1470,Correctivo,MONTAÑA,HOSPITAL COMUNITARIO DE OLINALÁ,FREYVEN EVAPORADOR,40FVC123B-E,S/D,HCIMBO/AA/01,MiniSplit 1 TON,MINISPLIT,Aire Acondicionado,3178
1471,Preventivo,MONTAÑA,HOSPITAL COMUNITARIO DE OLINALÁ,FREYVEN EVAPORADOR,40FVC123B-E,S/D,HCIMBO/AA/02,MiniSplit 1 TON,MINISPLIT,Aire Acondicionado,3179
1472,Correctivo,MONTAÑA,HOSPITAL COMUNITARIO DE OLINALÁ,FREYVEN EVAPORADOR,40FVC123B-E,S/D,HCIMBO/AA/02,MiniSplit 1 TON,MINISPLIT,Aire Acondicionado,3180
1473,Preventivo,MONTAÑA,HOSPITAL COMUNITARIO DE OLINALÁ,YORK EVAPORADOR,YHFE12XJMAXA-RX,S/D,HCIMBO/AA/03,MiniSplit 1 TON,MINISPLIT,Aire Acondicionado,3181
1474,Correctivo,MONTAÑA,HOSPITAL COMUNITARIO DE OLINALÁ,YORK EVAPORADOR,YHFE12XJMAXA-RX,S/D,HCIMBO/AA/03,MiniSplit 1 TON,MINISPLIT,Aire Acondicionado,3182
1475,Preventivo,MONTAÑA,HOSPITAL COMUNITARIO DE OLINALÁ,YORK EVAPORADOR,YHFE12XJMAXA-RX,020201343200400781,HCIMBO/AA/04,MiniSplit 1 TON,MINISPLIT,Aire Acondicionado,3183
1476,Correctivo,MONTAÑA,HOSPITAL COMUNITARIO DE OLINALÁ,YORK EVAPORADOR,YHFE12XJMAXA-RX,020201343200400781,HCIMBO/AA/04,MiniSplit 1 TON,MINISPLIT,Aire Acondicionado,3184
1477,Preventivo,MONTAÑA,HOSPITAL COMUNITARIO DE OLINALÁ,TRANE EVAPORADOR,4MCW1518A1000AA,X2115TO182IC1086,HCIMBO/AA/05,MiniSplit 1.5 TON,MINISPLIT,Aire Acondicionado,3185
1478,Correctivo,MONTAÑA,HOSPITAL COMUNITARIO DE OLINALÁ,TRANE EVAPORADOR,4MCW1518A1000AA,X2115TO182IC1086,HCIMBO/AA/05,MiniSplit 1.5 TON,MINISPLIT,Aire Acondicionado,3186
1479,Preventivo,MONTAÑA,HOSPITAL COMUNITARIO DE OLINALÁ,YORK EVAPORADOR,YHFE12XJMAXA-RX,020201343200400776,HCIMBO/AA/06,MiniSplit 1 TON,MINISPLIT,Aire Acondicionado,3187
1480,Correctivo,MONTAÑA,HOSPITAL COMUNITARIO DE OLINALÁ,YORK EVAPORADOR,YHFE12XJMAXA-RX,020201343200400776,HCIMBO/AA/06,MiniSplit 1 TON,MINISPLIT,Aire Acondicionado,3188
1481,Preventivo,MONTAÑA,HOSPITAL COMUNITARIO DE OLINALÁ,YORK EVAPORADOR,YHFE12XJMAXA-RX,020201150210200473,HCIMBO/AA/07,MiniSplit 1 TON,MINISPLIT,Aire Acondicionado,3189
1482,Correctivo,MONTAÑA,HOSPITAL COMUNITARIO DE OLINALÁ,YORK EVAPORADOR,YHFE12XJMAXA-RX,020201150210200473,HCIMBO/AA/07,MiniSplit 1 TON,MINISPLIT,Aire Acondicionado,3190
1483,Preventivo,MONTAÑA,HOSPITAL COMUNITARIO DE OLINALÁ,YORK EVAPORADOR,YHFE12XJMAXA-RX,020201150210200579,HCIMBO/AA/08,MiniSplit 1 TON,MINISPLIT,Aire Acondicionado,3191
1484,Correctivo,MONTAÑA,HOSPITAL COMUNITARIO DE OLINALÁ,YORK EVAPORADOR,YHFE12XJMAXA-RX,020201150210200579,HCIMBO/AA/08,MiniSplit 1 TON,MINISPLIT,Aire Acondicionado,3192
1485,Preventivo,MONTAÑA,HOSPITAL COMUNITARIO DE OLINALÁ,YORK EVAPORADOR,YHFE12XJMAXA-RX,020201123210100442,HCIMBO/AA/09,MiniSplit 1 TON,MINISPLIT,Aire Acondicionado,3193
1486,Correctivo,MONTAÑA,HOSPITAL COMUNITARIO DE OLINALÁ,YORK EVAPORADOR,YHFE12XJMAXA-RX,020201123210100442,HCIMBO/AA/09,MiniSplit 1 TON,MINISPLIT,Aire Acondicionado,3194
1487,Preventivo,MONTAÑA,HOSPITAL COMUNITARIO DE OLINALÁ,YORK EVAPORADOR,YHFE12XJMAXA-RX,020201123210100371,HCIMBO/AA/10,MiniSplit 1 TON,MINISPLIT,Aire Acondicionado,3195
1488,Correctivo,MONTAÑA,HOSPITAL COMUNITARIO DE OLINALÁ,YORK EVAPORADOR,YHFE12XJMAXA-RX,020201123210100371,HCIMBO/AA/10,MiniSplit 1 TON,MINISPLIT,Aire Acondicionado,3196
1489,Preventivo,MONTAÑA,HOSPITAL COMUNITARIO DE OLINALÁ,YORK EVAPORADOR,YHFE12XJMAXA-RX,020201123210100793,HCIMBO/AA/11,MiniSplit 1 TON,MINISPLIT,Aire Acondicionado,3197
1490,Correctivo,MONTAÑA,HOSPITAL COMUNITARIO DE OLINALÁ,YORK EVAPORADOR,YHFE12XJMAXA-RX,020201123210100793,HCIMBO/AA/11,MiniSplit 1 TON,MINISPLIT,Aire Acondicionado,3198
1491,Preventivo,MONTAÑA,HOSPITAL COMUNITARIO DE OLINALÁ,TRANE EVAPORADOR,4MCW1518A100AA,X21115TO182IC1113,HCIMBO/AA/12,MiniSplit 1.5 TON,MINISPLIT,Aire Acondicionado,3199
1492,Correctivo,MONTAÑA,HOSPITAL COMUNITARIO DE OLINALÁ,TRANE EVAPORADOR,4MCW1518A100AA,X21115TO182IC1113,HCIMBO/AA/12,MiniSplit 1.5 TON,MINISPLIT,Aire Acondicionado,3200
1493,Preventivo,MONTAÑA,HOSPITAL COMUNITARIO DE OLINALÁ,FREYVEN EVAPORADOR,40FVC123B-E,S/D,HCIMBO/AA/13,MiniSplit 1 TON,MINISPLIT,Aire Acondicionado,3201
1494,Correctivo,MONTAÑA,HOSPITAL COMUNITARIO DE OLINALÁ,FREYVEN EVAPORADOR,40FVC123B-E,S/D,HCIMBO/AA/13,MiniSplit 1 TON,MINISPLIT,Aire Acondicionado,3202
1495,Preventivo,MONTAÑA,HOSPITAL COMUNITARIO DE OLINALÁ,FREYVEN EVAPORADOR,40FVC123B-E,S/D,HCIMBO/AA/14,MiniSplit 1 TON,MINISPLIT,Aire Acondicionado,3203
1496,Correctivo,MONTAÑA,HOSPITAL COMUNITARIO DE OLINALÁ,FREYVEN EVAPORADOR,40FVC123B-E,S/D,HCIMBO/AA/14,MiniSplit 1 TON,MINISPLIT,Aire Acondicionado,3204
1497,Preventivo,MONTAÑA,HOSPITAL COMUNITARIO DE OLINALÁ,FREYVEN EVAPORADOR,40FVC123B-E,S/D,HCIMBO/AA/15,MiniSplit 1 TON,MINISPLIT,Aire Acondicionado,3205
1498,Correctivo,MONTAÑA,HOSPITAL COMUNITARIO DE OLINALÁ,FREYVEN EVAPORADOR,40FVC123B-E,S/D,HCIMBO/AA/15,MiniSplit 1 TON,MINISPLIT,Aire Acondicionado,3206
1499,Preventivo,MONTAÑA,HOSPITAL COMUNITARIO DE OLINALÁ,FREYVEN EVAPORADOR,40FVC123B-E,S/D,HCIMBO/AA/16,MiniSplit 1 TON,MINISPLIT,Aire Acondicionado,3207
1500,Correctivo,MONTAÑA,HOSPITAL COMUNITARIO DE OLINALÁ,FREYVEN EVAPORADOR,40FVC123B-E,S/D,HCIMBO/AA/16,MiniSplit 1 TON,MINISPLIT,Aire Acondicionado,3208
1501,Preventivo,MONTAÑA,HOSPITAL COMUNITARIO DE OLINALÁ,FREYVEN EVAPORADOR,40FVC123B-E,S/D,HCIMBO/AA/17,MiniSplit 1 TON,MINISPLIT,Aire Acondicionado,3209
1502,Correctivo,MONTAÑA,HOSPITAL COMUNITARIO DE OLINALÁ,FREYVEN EVAPORADOR,40FVC123B-E,S/D,HCIMBO/AA/17,MiniSplit 1 TON,MINISPLIT,Aire Acondicionado,3210
1503,Preventivo,MONTAÑA,HOSPITAL COMUNITARIO DE OLINALÁ,YORK EVAPORADOR,YHFE12XJMAXA-RX,020201123211100419,HCIMBO/AA/18,MiniSplit 1 TON,MINISPLIT,Aire Acondicionado,3211
1504,Correctivo,MONTAÑA,HOSPITAL COMUNITARIO DE OLINALÁ,YORK EVAPORADOR,YHFE12XJMAXA-RX,020201123211100419,HCIMBO/AA/18,MiniSplit 1 TON,MINISPLIT,Aire Acondicionado,3212
1505,Preventivo,MONTAÑA,HOSPITAL COMUNITARIO DE OLINALÁ,TRANE EVAPORADOR,4MCW1512A1000AA,X2142TO122IC0246,HCIMBO/AA/19,MiniSplit 1 TON,MINISPLIT,Aire Acondicionado,3213
1506,Correctivo,MONTAÑA,HOSPITAL COMUNITARIO DE OLINALÁ,TRANE EVAPORADOR,4MCW1512A1000AA,X2142TO122IC0246,HCIMBO/AA/19,MiniSplit 1 TON,MINISPLIT,Aire Acondicionado,3214
1507,Preventivo,MONTAÑA,HOSPITAL COMUNITARIO DE OLINALÁ,YORK EVAPORADOR,YHFE12XJMAXA-RX,020201123210100391,HCIMBO/AA/20,MiniSplit 1 TON,MINISPLIT,Aire Acondicionado,3215
1508,Correctivo,MONTAÑA,HOSPITAL COMUNITARIO DE OLINALÁ,YORK EVAPORADOR,YHFE12XJMAXA-RX,020201123210100391,HCIMBO/AA/20,MiniSplit 1 TON,MINISPLIT,Aire Acondicionado,3216
1509,Preventivo,MONTAÑA,HOSPITAL COMUNITARIO DE OLINALÁ,YORK EVAPORADOR,YHFE12XJMAXA-RX,020201123210100312,HCIMBO/AA/21,MiniSplit 1 TON,MINISPLIT,Aire Acondicionado,3217
1510,Correctivo,MONTAÑA,HOSPITAL COMUNITARIO DE OLINALÁ,YORK EVAPORADOR,YHFE12XJMAXA-RX,020201123210100312,HCIMBO/AA/21,MiniSplit 1 TON,MINISPLIT,Aire Acondicionado,3218
1511,Preventivo,MONTAÑA,HOSPITAL COMUNITARIO DE OLINALÁ,YORK EVAPORADOR,YHFE12XJMAXA-RX,020201150210200409,HCIMBO/AA/22,MiniSplit 1 TON,MINISPLIT,Aire Acondicionado,3219
1512,Correctivo,MONTAÑA,HOSPITAL COMUNITARIO DE OLINALÁ,YORK EVAPORADOR,YHFE12XJMAXA-RX,020201150210200409,HCIMBO/AA/22,MiniSplit 1 TON,MINISPLIT,Aire Acondicionado,3220
1513,Preventivo,MONTAÑA,HOSPITAL COMUNITARIO DE OLINALÁ,YORK EVAPORADOR,YHFE12XJMAXA-RX,020201123210100425,HCIMBO/AA/23,MiniSplit 1 TON,MINISPLIT,Aire Acondicionado,3221
1514,Correctivo,MONTAÑA,HOSPITAL COMUNITARIO DE OLINALÁ,YORK EVAPORADOR,YHFE12XJMAXA-RX,020201123210100425,HCIMBO/AA/23,MiniSplit 1 TON,MINISPLIT,Aire Acondicionado,3222
1515,Preventivo,MONTAÑA,HOSPITAL COMUNITARIO DE OLINALÁ,YORK EVAPORADOR,YHFE12XJMAXA-RX,020201150210200545,HCIMBO/AA/24,MiniSplit 1 TON,MINISPLIT,Aire Acondicionado,3223
1516,Correctivo,MONTAÑA,HOSPITAL COMUNITARIO DE OLINALÁ,YORK EVAPORADOR,YHFE12XJMAXA-RX,020201150210200545,HCIMBO/AA/24,MiniSplit 1 TON,MINISPLIT,Aire Acondicionado,3224
1517,Preventivo,MONTAÑA,HOSPITAL COMUNITARIO DE OLINALÁ,YORK EVAPORADOR,YHFE12XJMAXA-RX,020201460200100141,HCIMBO/AA/25,MiniSplit 1 TON,MINISPLIT,Aire Acondicionado,3225
1518,Correctivo,MONTAÑA,HOSPITAL COMUNITARIO DE OLINALÁ,YORK EVAPORADOR,YHFE12XJMAXA-RX,020201460200100141,HCIMBO/AA/25,MiniSplit 1 TON,MINISPLIT,Aire Acondicionado,3226
1519,Preventivo,MONTAÑA,HOSPITAL COMUNITARIO DE OLINALÁ,YORK EVAPORADOR,YHFE12XJMAXA-RX,20201123210100381,HCIMBO/AA/26,MiniSplit 1 TON,MINISPLIT,Aire Acondicionado,3227
1520,Correctivo,MONTAÑA,HOSPITAL COMUNITARIO DE OLINALÁ,YORK EVAPORADOR,YHFE12XJMAXA-RX,20201123210100381,HCIMBO/AA/26,MiniSplit 1 TON,MINISPLIT,Aire Acondicionado,3228
1521,Preventivo,MONTAÑA,HOSPITAL COMUNITARIO DE OLINALÁ,YORK EVAPORADOR,YHFE12XJMAXA-RX,20201150210200544,HCIMBO/AA/27,MiniSplit 1 TON,MINISPLIT,Aire Acondicionado,3229
1522,Correctivo,MONTAÑA,HOSPITAL COMUNITARIO DE OLINALÁ,YORK EVAPORADOR,YHFE12XJMAXA-RX,20201150210200544,HCIMBO/AA/27,MiniSplit 1 TON,MINISPLIT,Aire Acondicionado,3230
1523,Preventivo,MONTAÑA,HOSPITAL COMUNITARIO DE OLINALÁ,TRANE EVAPORADOR,4MCW1518A1000AA,X2115TO182IC1111,HCIMBO/AA/28,MiniSplit 1.5 TON,MINISPLIT,Aire Acondicionado,3231
1524,Correctivo,MONTAÑA,HOSPITAL COMUNITARIO DE OLINALÁ,TRANE EVAPORADOR,4MCW1518A1000AA,X2115TO182IC1111,HCIMBO/AA/28,MiniSplit 1.5 TON,MINISPLIT,Aire Acondicionado,3232
1525,Preventivo,MONTAÑA,HOSPITAL COMUNITARIO DE OLINALÁ,YORK EVAPORADOR,YHFE12XJMAXA-RX,020201123210100754,HCIMBO/AA/29,MiniSplit 1 TON,MINISPLIT,Aire Acondicionado,3233
1526,Correctivo,MONTAÑA,HOSPITAL COMUNITARIO DE OLINALÁ,YORK EVAPORADOR,YHFE12XJMAXA-RX,020201123210100754,HCIMBO/AA/29,MiniSplit 1 TON,MINISPLIT,Aire Acondicionado,3234
1527,Preventivo,MONTAÑA,HOSPITAL COMUNITARIO DE OLINALÁ,FREYVEN EVAPORADOR,40FVC123B-E,S/D,HCIMBO/AA/30,MiniSplit 1 TON,MINISPLIT,Aire Acondicionado,3235
1528,Correctivo,MONTAÑA,HOSPITAL COMUNITARIO DE OLINALÁ,FREYVEN EVAPORADOR,40FVC123B-E,S/D,HCIMBO/AA/30,MiniSplit 1 TON,MINISPLIT,Aire Acondicionado,3236
1529,Preventivo,MONTAÑA,HOSPITAL COMUNITARIO DE OLINALÁ,FREYVEN EVAPORADOR,40FVC123B-E,S/D,HCIMBO/AA/31,MiniSplit 1 TON,MINISPLIT,Aire Acondicionado,3237
1530,Correctivo,MONTAÑA,HOSPITAL COMUNITARIO DE OLINALÁ,FREYVEN EVAPORADOR,40FVC123B-E,S/D,HCIMBO/AA/31,MiniSplit 1 TON,MINISPLIT,Aire Acondicionado,3238
1531,Preventivo,MONTAÑA,HOSPITAL COMUNITARIO DE OLINALÁ,YORK EVAPORADOR,YHFE12XJMAXA-RX,020201150210200596,HCIMBO/AA/32,MiniSplit 1 TON,MINISPLIT,Aire Acondicionado,3239
1532,Correctivo,MONTAÑA,HOSPITAL COMUNITARIO DE OLINALÁ,YORK EVAPORADOR,YHFE12XJMAXA-RX,020201150210200596,HCIMBO/AA/32,MiniSplit 1 TON,MINISPLIT,Aire Acondicionado,3240
1533,Preventivo,MONTAÑA,HOSPITAL COMUNITARIO DE OLINALÁ,FREYVEN EVAPORADOR,40FVC123B-E,S/D,HCIMBO/AA/33,MiniSplit 1 TON,MINISPLIT,Aire Acondicionado,3241
1534,Correctivo,MONTAÑA,HOSPITAL COMUNITARIO DE OLINALÁ,FREYVEN EVAPORADOR,40FVC123B-E,S/D,HCIMBO/AA/33,MiniSplit 1 TON,MINISPLIT,Aire Acondicionado,3242
1535,Preventivo,MONTAÑA,HOSPITAL COMUNITARIO DE OLINALÁ,FREYVEN EVAPORADOR,40FVC123B-E,S/D,HCIMBO/AA/34,MiniSplit 1 TON,MINISPLIT,Aire Acondicionado,3243
1536,Correctivo,MONTAÑA,HOSPITAL COMUNITARIO DE OLINALÁ,FREYVEN EVAPORADOR,40FVC123B-E,S/D,HCIMBO/AA/34,MiniSplit 1 TON,MINISPLIT,Aire Acondicionado,3244
1537,Preventivo,MONTAÑA,HOSPITAL COMUNITARIO DE OLINALÁ,FREYVEN EVAPORADOR,40FVC123B-E,S/D,HCIMBO/AA/35,MiniSplit 1 TON,MINISPLIT,Aire Acondicionado,3245
1538,Correctivo,MONTAÑA,HOSPITAL COMUNITARIO DE OLINALÁ,FREYVEN EVAPORADOR,40FVC123B-E,S/D,HCIMBO/AA/35,MiniSplit 1 TON,MINISPLIT,Aire Acondicionado,3246
1539,Preventivo,MONTAÑA,HOSPITAL COMUNITARIO DE OLINALÁ,YORK EVAPORADOR,YHFE18XJMAXA-RX,S/D,HCIMBO/AA/36,MiniSplit 1.5 TON,MINISPLIT,Aire Acondicionado,3247
1540,Correctivo,MONTAÑA,HOSPITAL COMUNITARIO DE OLINALÁ,YORK EVAPORADOR,YHFE18XJMAXA-RX,S/D,HCIMBO/AA/36,MiniSplit 1.5 TON,MINISPLIT,Aire Acondicionado,3248
1541,Preventivo,MONTAÑA,HOSPITAL COMUNITARIO DE OLINALÁ,TRANE EVAPORADOR,4MCW1518A1000AA,X2115TO182IC1081,HCIMBO/AA/37,MiniSplit 1.5 TON,MINISPLIT,Aire Acondicionado,3249
1542,Correctivo,MONTAÑA,HOSPITAL COMUNITARIO DE OLINALÁ,TRANE EVAPORADOR,4MCW1518A1000AA,X2115TO182IC1081,HCIMBO/AA/37,MiniSplit 1.5 TON,MINISPLIT,Aire Acondicionado,3250
1543,Preventivo,MONTAÑA,HOSPITAL COMUNITARIO DE OLINALÁ,TRANE EVAPORADOR,4MCW1518A1000AA,X2115TO182IC1057,HCIMBO/AA/38,MiniSplit 1.5 TON,MINISPLIT,Aire Acondicionado,3251
1544,Correctivo,MONTAÑA,HOSPITAL COMUNITARIO DE OLINALÁ,TRANE EVAPORADOR,4MCW1518A1000AA,X2115TO182IC1057,HCIMBO/AA/38,MiniSplit 1.5 TON,MINISPLIT,Aire Acondicionado,3252
1545,Preventivo,MONTAÑA,HOSPITAL COMUNITARIO DE OLINALÁ,TRANE EVAPORADOR,4MCW1512A1000AA,X2142TO122IC0228,HCIMBO/AA/39,MiniSplit 1 TON,MINISPLIT,Aire Acondicionado,3253
1546,Correctivo,MONTAÑA,HOSPITAL COMUNITARIO DE OLINALÁ,TRANE EVAPORADOR,4MCW1512A1000AA,X2142TO122IC0228,HCIMBO/AA/39,MiniSplit 1 TON,MINISPLIT,Aire Acondicionado,3254
1547,Preventivo,MONTAÑA,HOSPITAL COMUNITARIO DE OLINALÁ,TRANE EVAPORADOR,4MCW1518A1000AA,X2115TO182IC1071,HCIMBO/AA/40,MiniSplit 1.5 TON,MINISPLIT,Aire Acondicionado,3255
1548,Correctivo,MONTAÑA,HOSPITAL COMUNITARIO DE OLINALÁ,TRANE EVAPORADOR,4MCW1518A1000AA,X2115TO182IC1071,HCIMBO/AA/40,MiniSplit 1.5 TON,MINISPLIT,Aire Acondicionado,3256
1549,Preventivo,MONTAÑA,HOSPITAL COMUNITARIO DE OLINALÁ,TRANE EVAPORADOR,4MCW1512A1000AA,X2142TO122IC0236,HCIMBO/AA/41,MiniSplit 1 TON,MINISPLIT,Aire Acondicionado,3257
1550,Correctivo,MONTAÑA,HOSPITAL COMUNITARIO DE OLINALÁ,TRANE EVAPORADOR,4MCW1512A1000AA,X2142TO122IC0236,HCIMBO/AA/41,MiniSplit 1 TON,MINISPLIT,Aire Acondicionado,3258
1551,Preventivo,MONTAÑA,HOSPITAL COMUNITARIO DE OLINALÁ,TRANE EVAPORADOR,4MCW1524A1000AA,X2211TO242IC0105,HCIMBO/AA/42,MiniSplit 2 TON,MINISPLIT,Aire Acondicionado,3259
1552,Correctivo,MONTAÑA,HOSPITAL COMUNITARIO DE OLINALÁ,TRANE EVAPORADOR,4MCW1524A1000AA,X2211TO242IC0105,HCIMBO/AA/42,MiniSplit 2 TON,MINISPLIT,Aire Acondicionado,3260
1553,Preventivo,MONTAÑA,HOSPITAL COMUNITARIO DE OLINALÁ,TRANE EVAPORADOR,4MCW1524A1000AA,X2211TO242IC0013,HCIMBO/AA/43,MiniSplit 2 TON,MINISPLIT,Aire Acondicionado,3261
1554,Correctivo,MONTAÑA,HOSPITAL COMUNITARIO DE OLINALÁ,TRANE EVAPORADOR,4MCW1524A1000AA,X2211TO242IC0013,HCIMBO/AA/43,MiniSplit 2 TON,MINISPLIT,Aire Acondicionado,3262
1555,Preventivo,MONTAÑA,HOSPITAL COMUNITARIO DE OLINALÁ,TRANE EVAPORADOR,4MCW1518A1000AA,X2115TO182IC1001,HCIMBO/AA/44,MiniSplit 1.5 TON,MINISPLIT,Aire Acondicionado,3263
1556,Correctivo,MONTAÑA,HOSPITAL COMUNITARIO DE OLINALÁ,TRANE EVAPORADOR,4MCW1518A1000AA,X2115TO182IC1001,HCIMBO/AA/44,MiniSplit 1.5 TON,MINISPLIT,Aire Acondicionado,3264
1557,Preventivo,MONTAÑA,HOSPITAL COMUNITARIO DE OLINALÁ,MIRAGE EVAPORADOR,ELF120H,ELF120H44042325419,HCIMBO/AA/45,MiniSplit 1 TON,MINISPLIT,Aire Acondicionado,3265
1558,Correctivo,MONTAÑA,HOSPITAL COMUNITARIO DE OLINALÁ,MIRAGE EVAPORADOR,ELF120H,ELF120H44042325419,HCIMBO/AA/45,MiniSplit 1 TON,MINISPLIT,Aire Acondicionado,3266
1559,Preventivo,MONTAÑA,HOSPITAL COMUNITARIO DE OLINALÁ,TRANE ODYSSEY EVAPORADOR,TTA12043CAA02BS01,23104386YA,HCIMBO/AA/46,UMA 10 TON,UMA,Aire Acondicionado,3267
1560,Correctivo,MONTAÑA,HOSPITAL COMUNITARIO DE OLINALÁ,TRANE ODYSSEY EVAPORADOR,TTA12043CAA02BS01,23104386YA,HCIMBO/AA/46,UMA 10 TON,UMA,Aire Acondicionado,3268
1561,Preventivo,MONTAÑA,HOSPITAL COMUNITARIO DE OLINALÁ,TRANE ODYSSEY EVAPORADOR,TTA18043DAA02BS01,23252796TA,HCIMBO/AA/47,UMA 15 TON,UMA,Aire Acondicionado,3269
1562,Correctivo,MONTAÑA,HOSPITAL COMUNITARIO DE OLINALÁ,TRANE ODYSSEY EVAPORADOR,TTA18043DAA02BS01,23252796TA,HCIMBO/AA/47,UMA 15 TON,UMA,Aire Acondicionado,3270
1563,Preventivo,MONTAÑA,HOSPITAL COMUNITARIO DE OLINALÁ,TRANE ODYSSEY EVAPORADOR,TTA12043CAA02AS00,22432873YA,HCIMBO/AA/48,UMA 10 TON,UMA,Aire Acondicionado,3271
1564,Correctivo,MONTAÑA,HOSPITAL COMUNITARIO DE OLINALÁ,TRANE ODYSSEY EVAPORADOR,TTA12043CAA02AS00,22432873YA,HCIMBO/AA/48,UMA 10 TON,UMA,Aire Acondicionado,3272
1565,Preventivo,MONTAÑA,HOSPITAL COMUNITARIO DE OLINALÁ,TRANE ODYSSEY EVAPORADOR,TTA18043DAA02BS01,23252789TA,HCIMBO/AA/49,UMA 15 TON,UMA,Aire Acondicionado,3273
1566,Correctivo,MONTAÑA,HOSPITAL COMUNITARIO DE OLINALÁ,TRANE ODYSSEY EVAPORADOR,TTA18043DAA02BS01,23252789TA,HCIMBO/AA/49,UMA 15 TON,UMA,Aire Acondicionado,3274
1567,Preventivo,MONTAÑA,HOSPITAL COMUNITARIO DE OLINALÁ,TRANE ODYSSEY CONDENSADOR,TWE18043BAA07BD00,23171208WA,HCIMBO/AA/49,UMA 15 TON,UMA,Aire Acondicionado,3275
1568,Correctivo,MONTAÑA,HOSPITAL COMUNITARIO DE OLINALÁ,TRANE ODYSSEY CONDENSADOR,TWE18043BAA07BD00,23171208WA,HCIMBO/AA/49,UMA 15 TON,UMA,Aire Acondicionado,3276
3897,Preventivo,MONTAÑA,HOSPITAL BÁSICO COMUNITARIO MALINALTEPEC,MIRAGE,ELF121T,NO PROPORCIONADO,1,MINISPLIT 1.5 TON,MINISPLIT,Aire Acondicionado,3277
3898,Correctivo,MONTAÑA,HOSPITAL BÁSICO COMUNITARIO MALINALTEPEC,MIRAGE,ELF121T,NO PROPORCIONADO,1,MINISPLIT 1.5 TON,MINISPLIT,Aire Acondicionado,3278
3899,Preventivo,MONTAÑA,HOSPITAL BÁSICO COMUNITARIO MALINALTEPEC,MIRAGE,ELF121T,NO PROPORCIONADO,4,UNIDAD PAQUETE 5.5 TON,PAQUETE,Aire Acondicionado,3279
3900,Correctivo,MONTAÑA,HOSPITAL BÁSICO COMUNITARIO MALINALTEPEC,MIRAGE,ELF121T,NO PROPORCIONADO,4,UNIDAD PAQUETE 5.5 TON,PAQUETE,Aire Acondicionado,3280
3901,Preventivo,MONTAÑA,HOSPITAL BÁSICO COMUNITARIO MALINALTEPEC,MIRAGE,ELF121T,NO PROPORCIONADO,2,MINISPLIT 1.5 TON,MINISPLIT,Aire Acondicionado,3281
3902,Correctivo,MONTAÑA,HOSPITAL BÁSICO COMUNITARIO MALINALTEPEC,MIRAGE,ELF121T,NO PROPORCIONADO,2,MINISPLIT 1.5 TON,MINISPLIT,Aire Acondicionado,3282
3903,Preventivo,MONTAÑA,HOSPITAL BÁSICO COMUNITARIO MALINALTEPEC,MIRAGE,ELF121T,NO PROPORCIONADO,3,MINISPLIT 1.5 TON,MINISPLIT,Aire Acondicionado,3283
3904,Correctivo,MONTAÑA,HOSPITAL BÁSICO COMUNITARIO MALINALTEPEC,MIRAGE,ELF121T,NO PROPORCIONADO,3,MINISPLIT 1.5 TON,MINISPLIT,Aire Acondicionado,3284
795,Preventivo,NORTE,DR. JORGE SOBERON ACEVEDO,CARRIER,39MN12CO11KHT11XGS,4509U24139,1,UMA 20 TON,UMA,Aire Acondicionado,3285
796,Correctivo,NORTE,DR. JORGE SOBERON ACEVEDO,CARRIER,39MN12CO11KHT11XGS,4509U24139,1,UMA 20 TON,UMA,Aire Acondicionado,3286
797,Preventivo,NORTE,DR. JORGE SOBERON ACEVEDO,CARRIER,39MN1OC011KH511XGS,4509U24138,2,UMA 15 TON,UMA,Aire Acondicionado,3287
798,Correctivo,NORTE,DR. JORGE SOBERON ACEVEDO,CARRIER,39MN1OC011KH511XGS,4509U24138,2,UMA 15 TON,UMA,Aire Acondicionado,3288
799,Preventivo,NORTE,DR. JORGE SOBERON ACEVEDO,CARRIER,38AKS028-501,4309029431,3,UMA 20 TON,UMA,Aire Acondicionado,3289
800,Correctivo,NORTE,DR. JORGE SOBERON ACEVEDO,CARRIER,38AKS028-501,4309029431,3,UMA 20 TON,UMA,Aire Acondicionado,3290
801,Preventivo,NORTE,DR. JORGE SOBERON ACEVEDO,CARRIER,38AKS016-521,4509G40047,4,UMA 15 TON,UMA,Aire Acondicionado,3291
802,Correctivo,NORTE,DR. JORGE SOBERON ACEVEDO,CARRIER,38AKS016-521,4509G40047,4,UMA 15 TON,UMA,Aire Acondicionado,3292
803,Preventivo,NORTE,DR. JORGE SOBERON ACEVEDO,TRANE,4TWA3060B3000AA,16346VRV4F,5,UNIDAD PAQUETE 5.5 TON,PAQUETE,Aire Acondicionado,3293
804,Correctivo,NORTE,DR. JORGE SOBERON ACEVEDO,TRANE,4TWA3060B3000AA,16346VRV4F,5,UNIDAD PAQUETE 5.5 TON,PAQUETE,Aire Acondicionado,3294
805,Preventivo,NORTE,DR. JORGE SOBERON ACEVEDO,TRANE,4TTR4060L1000BA,193731PY5F,6,UNIDAD PAQUETE 7.0 TON,PAQUETE,Aire Acondicionado,3295
806,Correctivo,NORTE,DR. JORGE SOBERON ACEVEDO,TRANE,4TTR4060L1000BA,193731PY5F,6,UNIDAD PAQUETE 7.0 TON,PAQUETE,Aire Acondicionado,3296
807,Preventivo,NORTE,DR. JORGE SOBERON ACEVEDO,TRANE,4TTR4060L1000BA,193731NE5F,7,UNIDAD PAQUETE 6.0 TON,PAQUETE,Aire Acondicionado,3297
808,Correctivo,NORTE,DR. JORGE SOBERON ACEVEDO,TRANE,4TTR4060L1000BA,193731NE5F,7,UNIDAD PAQUETE 6.0 TON,PAQUETE,Aire Acondicionado,3298
809,Preventivo,NORTE,DR. JORGE SOBERON ACEVEDO,TRANE,T5C120H3R0A020000000000,193512074L,8,UNIDAD PAQUETE 7.0 TON,PAQUETE,Aire Acondicionado,3299
810,Correctivo,NORTE,DR. JORGE SOBERON ACEVEDO,TRANE,T5C120H3R0A020000000000,193512074L,8,UNIDAD PAQUETE 7.0 TON,PAQUETE,Aire Acondicionado,3300
811,Preventivo,NORTE,DR. JORGE SOBERON ACEVEDO,YORK,XT1-042X069,AAJMXT0092,9,UMA 30 TON,UMA,Aire Acondicionado,3301
812,Correctivo,NORTE,DR. JORGE SOBERON ACEVEDO,YORK,XT1-042X069,AAJMXT0092,9,UMA 30 TON,UMA,Aire Acondicionado,3302
813,Preventivo,NORTE,DR. JORGE SOBERON ACEVEDO,YORK,XT1-042X090,AAJMXT0093,10,UMA 30 TON,UMA,Aire Acondicionado,3303
814,Correctivo,NORTE,DR. JORGE SOBERON ACEVEDO,YORK,XT1-042X090,AAJMXT0093,10,UMA 30 TON,UMA,Aire Acondicionado,3304
815,Preventivo,NORTE,DR. JORGE SOBERON ACEVEDO,YORK,YD360C00A2AAA2,N2M0359510,11,UMA 30 TON,UMA,Aire Acondicionado,3305
816,Correctivo,NORTE,DR. JORGE SOBERON ACEVEDO,YORK,YD360C00A2AAA2,N2M0359510,11,UMA 30 TON,UMA,Aire Acondicionado,3306
817,Preventivo,NORTE,DR. JORGE SOBERON ACEVEDO,YORK,YD360C00A2AAA2,N2H0130623,12,UMA 30 TON,UMA,Aire Acondicionado,3307
818,Correctivo,NORTE,DR. JORGE SOBERON ACEVEDO,YORK,YD360C00A2AAA2,N2H0130623,12,UMA 30 TON,UMA,Aire Acondicionado,3308
819,Preventivo,NORTE,DR. JORGE SOBERON ACEVEDO,MIRAGE,CHF261P,S/NUMERO,13,MINISPLIT 2.0 TON,MINISPLIT,Aire Acondicionado,3309
820,Correctivo,NORTE,DR. JORGE SOBERON ACEVEDO,MIRAGE,CHF261P,S/NUMERO,13,MINISPLIT 2.0 TON,MINISPLIT,Aire Acondicionado,3310
821,Preventivo,NORTE,DR. JORGE SOBERON ACEVEDO,MIRAGE,CHF261P,S/NUMERO,14,MINISPLIT 2.0 TON,MINISPLIT,Aire Acondicionado,3311
822,Correctivo,NORTE,DR. JORGE SOBERON ACEVEDO,MIRAGE,CHF261P,S/NUMERO,14,MINISPLIT 2.0 TON,MINISPLIT,Aire Acondicionado,3312
823,Preventivo,NORTE,DR. JORGE SOBERON ACEVEDO,TRANE,2MCW0536G1000CA,63229951623,15,MINISPLIT 2.0 TON,MINISPLIT,Aire Acondicionado,3313
824,Correctivo,NORTE,DR. JORGE SOBERON ACEVEDO,TRANE,2MCW0536G1000CA,63229951623,15,MINISPLIT 2.0 TON,MINISPLIT,Aire Acondicionado,3314
825,Preventivo,NORTE,DR. JORGE SOBERON ACEVEDO,TRANE,2MCW0512G1000CA,S/NUMERO,16,MINISPLIT 1.5 TON,MINISPLIT,Aire Acondicionado,3315
826,Correctivo,NORTE,DR. JORGE SOBERON ACEVEDO,TRANE,2MCW0512G1000CA,S/NUMERO,16,MINISPLIT 1.5 TON,MINISPLIT,Aire Acondicionado,3316
827,Preventivo,NORTE,DR. JORGE SOBERON ACEVEDO,PRIME,GMPG121C,GMPRT124,17,MINISPLIT 1.5 TON,MINISPLIT,Aire Acondicionado,3317
828,Correctivo,NORTE,DR. JORGE SOBERON ACEVEDO,PRIME,GMPG121C,GMPRT124,17,MINISPLIT 1.5 TON,MINISPLIT,Aire Acondicionado,3318
829,Preventivo,NORTE,DR. JORGE SOBERON ACEVEDO,HORNET,KF51GW,S/NUMERO,18,MINISPLIT 1.5 TON,MINISPLIT,Aire Acondicionado,3319
830,Correctivo,NORTE,DR. JORGE SOBERON ACEVEDO,HORNET,KF51GW,S/NUMERO,18,MINISPLIT 1.5 TON,MINISPLIT,Aire Acondicionado,3320
831,Preventivo,NORTE,DR. JORGE SOBERON ACEVEDO,PRIME,CMPRC122E2,S/NUMERO,19,MINISPLIT 1.5 TON,MINISPLIT,Aire Acondicionado,3321
832,Correctivo,NORTE,DR. JORGE SOBERON ACEVEDO,PRIME,CMPRC122E2,S/NUMERO,19,MINISPLIT 1.5 TON,MINISPLIT,Aire Acondicionado,3322
833,Preventivo,NORTE,DR. JORGE SOBERON ACEVEDO,MIRAGE,CLF261H,CLF261H44022205428,20,MINISPLIT 2.0 TON,MINISPLIT,Aire Acondicionado,3323
834,Correctivo,NORTE,DR. JORGE SOBERON ACEVEDO,MIRAGE,CLF261H,CLF261H44022205428,20,MINISPLIT 2.0 TON,MINISPLIT,Aire Acondicionado,3324
835,Preventivo,NORTE,DR. JORGE SOBERON ACEVEDO,RHEEM,STEL-12C2,STEL-CW12C2,21,MINISPLIT 1.5 TON,MINISPLIT,Aire Acondicionado,3325
836,Correctivo,NORTE,DR. JORGE SOBERON ACEVEDO,RHEEM,STEL-12C2,STEL-CW12C2,21,MINISPLIT 1.5 TON,MINISPLIT,Aire Acondicionado,3326
837,Preventivo,NORTE,DR. JORGE SOBERON ACEVEDO,RHEEM,STEL-12C2,STEL-CW,22,MINISPLIT 1.5 TON,MINISPLIT,Aire Acondicionado,3327
838,Correctivo,NORTE,DR. JORGE SOBERON ACEVEDO,RHEEM,STEL-12C2,STEL-CW,22,MINISPLIT 1.5 TON,MINISPLIT,Aire Acondicionado,3328
839,Preventivo,NORTE,DR. JORGE SOBERON ACEVEDO,MIRAGE,CXF261F,EXF261F7041701336,23,MINISPLIT 2.0 TON,MINISPLIT,Aire Acondicionado,3329
840,Correctivo,NORTE,DR. JORGE SOBERON ACEVEDO,MIRAGE,CXF261F,EXF261F7041701336,23,MINISPLIT 2.0 TON,MINISPLIT,Aire Acondicionado,3330
841,Preventivo,NORTE,DR. JORGE SOBERON ACEVEDO,MIRAGE,CHF121P,CHF121PG011705133,24,MINISPLIT 1.5 TON,MINISPLIT,Aire Acondicionado,3331
842,Correctivo,NORTE,DR. JORGE SOBERON ACEVEDO,MIRAGE,CHF121P,CHF121PG011705133,24,MINISPLIT 1.5 TON,MINISPLIT,Aire Acondicionado,3332
843,Preventivo,NORTE,DR. JORGE SOBERON ACEVEDO,PRIME,CMPRC121L,S/NUMERO,25,MINISPLIT 1.5 TON,MINISPLIT,Aire Acondicionado,3333
844,Correctivo,NORTE,DR. JORGE SOBERON ACEVEDO,PRIME,CMPRC121L,S/NUMERO,25,MINISPLIT 1.5 TON,MINISPLIT,Aire Acondicionado,3334
845,Preventivo,NORTE,DR. JORGE SOBERON ACEVEDO,VENTOTECK,AA18K220F,S/NUMERO,26,MINISPLIT 1.5 TON,MINISPLIT,Aire Acondicionado,3335
846,Correctivo,NORTE,DR. JORGE SOBERON ACEVEDO,VENTOTECK,AA18K220F,S/NUMERO,26,MINISPLIT 1.5 TON,MINISPLIT,Aire Acondicionado,3336
847,Preventivo,NORTE,DR. JORGE SOBERON ACEVEDO,MIRAGE,CLF181E,CLF181E7022200885,27,MINISPLIT 1.5 TON,MINISPLIT,Aire Acondicionado,3337
848,Correctivo,NORTE,DR. JORGE SOBERON ACEVEDO,MIRAGE,CLF181E,CLF181E7022200885,27,MINISPLIT 1.5 TON,MINISPLIT,Aire Acondicionado,3338
849,Preventivo,NORTE,DR. JORGE SOBERON ACEVEDO,MIRAGE,CLF181E,CLF181E7012201071,28,MINISPLIT 1.5 TON,MINISPLIT,Aire Acondicionado,3339
850,Correctivo,NORTE,DR. JORGE SOBERON ACEVEDO,MIRAGE,CLF181E,CLF181E7012201071,28,MINISPLIT 1.5 TON,MINISPLIT,Aire Acondicionado,3340
851,Preventivo,NORTE,DR. JORGE SOBERON ACEVEDO,MIRAGE,CLF181E,CLF181E7012220071,29,MINISPLIT 1.5 TON,MINISPLIT,Aire Acondicionado,3341
852,Correctivo,NORTE,DR. JORGE SOBERON ACEVEDO,MIRAGE,CLF181E,CLF181E7012220071,29,MINISPLIT 1.5 TON,MINISPLIT,Aire Acondicionado,3342
853,Preventivo,NORTE,DR. JORGE SOBERON ACEVEDO,RHEEM,STEL-12C2,S/NUMERO,30,MINISPLIT 1.5 TON,MINISPLIT,Aire Acondicionado,3343
854,Correctivo,NORTE,DR. JORGE SOBERON ACEVEDO,RHEEM,STEL-12C2,S/NUMERO,30,MINISPLIT 1.5 TON,MINISPLIT,Aire Acondicionado,3344
855,Preventivo,NORTE,DR. JORGE SOBERON ACEVEDO,RHEEM,RCSW30C2,S/NUMERO,31,MINISPLIT 1.5 TON,MINISPLIT,Aire Acondicionado,3345
856,Correctivo,NORTE,DR. JORGE SOBERON ACEVEDO,RHEEM,RCSW30C2,S/NUMERO,31,MINISPLIT 1.5 TON,MINISPLIT,Aire Acondicionado,3346
857,Preventivo,NORTE,DR. JORGE SOBERON ACEVEDO,PRIME,CMPRC121T1,L20160050D010353,32,MINISPLIT 1.5 TON,MINISPLIT,Aire Acondicionado,3347
858,Correctivo,NORTE,DR. JORGE SOBERON ACEVEDO,PRIME,CMPRC121T1,L20160050D010353,32,MINISPLIT 1.5 TON,MINISPLIT,Aire Acondicionado,3348
859,Preventivo,NORTE,DR. JORGE SOBERON ACEVEDO,DUVENTUS,OVX9M361F001,OVX9M361F001040033,33,MINISPLIT 3.0 TON,MINISPLIT,Aire Acondicionado,3349
860,Correctivo,NORTE,DR. JORGE SOBERON ACEVEDO,DUVENTUS,OVX9M361F001,OVX9M361F001040033,33,MINISPLIT 3.0 TON,MINISPLIT,Aire Acondicionado,3350
861,Preventivo,NORTE,DR. JORGE SOBERON ACEVEDO,DUVENTUS,OVX9M361F001,OVX9M361F001040189,34,MINISPLIT 3.0 TON,MINISPLIT,Aire Acondicionado,3351
862,Correctivo,NORTE,DR. JORGE SOBERON ACEVEDO,DUVENTUS,OVX9M361F001,OVX9M361F001040189,34,MINISPLIT 3.0 TON,MINISPLIT,Aire Acondicionado,3352
863,Preventivo,NORTE,DR. JORGE SOBERON ACEVEDO,MIRAGE,CXF181F,S/NUMERO,35,MINISPLIT 1.5 TON,MINISPLIT,Aire Acondicionado,3353
864,Correctivo,NORTE,DR. JORGE SOBERON ACEVEDO,MIRAGE,CXF181F,S/NUMERO,35,MINISPLIT 1.5 TON,MINISPLIT,Aire Acondicionado,3354
865,Preventivo,NORTE,DR. JORGE SOBERON ACEVEDO,MIRAGE,CLF120Q,CLF120Q7071933716,36,MINISPLIT 1.5 TON,MINISPLIT,Aire Acondicionado,3355
866,Correctivo,NORTE,DR. JORGE SOBERON ACEVEDO,MIRAGE,CLF120Q,CLF120Q7071933716,36,MINISPLIT 1.5 TON,MINISPLIT,Aire Acondicionado,3356
867,Preventivo,NORTE,DR. JORGE SOBERON ACEVEDO,MIRAGE,CLF181E,CLF181E7022200594,37,MINISPLIT 1.5 TON,MINISPLIT,Aire Acondicionado,3357
868,Correctivo,NORTE,DR. JORGE SOBERON ACEVEDO,MIRAGE,CLF181E,CLF181E7022200594,37,MINISPLIT 1.5 TON,MINISPLIT,Aire Acondicionado,3358
869,Preventivo,NORTE,DR. JORGE SOBERON ACEVEDO,MIRAGE,CLF181E,CLF181E7022201105,38,MINISPLIT 1.5 TON,MINISPLIT,Aire Acondicionado,3359
870,Correctivo,NORTE,DR. JORGE SOBERON ACEVEDO,MIRAGE,CLF181E,CLF181E7022201105,38,MINISPLIT 1.5 TON,MINISPLIT,Aire Acondicionado,3360
871,Preventivo,NORTE,DR. JORGE SOBERON ACEVEDO,MIRAGE,CLF181E,CLF181E7022201755,39,MINISPLIT 1.5 TON,MINISPLIT,Aire Acondicionado,3361
872,Correctivo,NORTE,DR. JORGE SOBERON ACEVEDO,MIRAGE,CLF181E,CLF181E7022201755,39,MINISPLIT 1.5 TON,MINISPLIT,Aire Acondicionado,3362
873,Preventivo,NORTE,DR. JORGE SOBERON ACEVEDO,MIRAGE,CLF181E,CLF181E7012201724,40,MINISPLIT 1.5 TON,MINISPLIT,Aire Acondicionado,3363
874,Correctivo,NORTE,DR. JORGE SOBERON ACEVEDO,MIRAGE,CLF181E,CLF181E7012201724,40,MINISPLIT 1.5 TON,MINISPLIT,Aire Acondicionado,3364
875,Preventivo,NORTE,DR. JORGE SOBERON ACEVEDO,MIDEA,M18CDA,S/SERIE,41,MINISPLIT 1.5 TON,MINISPLIT,Aire Acondicionado,3365
876,Correctivo,NORTE,DR. JORGE SOBERON ACEVEDO,MIDEA,M18CDA,S/SERIE,41,MINISPLIT 1.5 TON,MINISPLIT,Aire Acondicionado,3366
877,Preventivo,NORTE,DR. JORGE SOBERON ACEVEDO,PRIMER,CMPRC122-T2,L-219-T-0919-OD-02-1251,42,MINISPLIT 1.5 TON,MINISPLIT,Aire Acondicionado,3367
878,Correctivo,NORTE,DR. JORGE SOBERON ACEVEDO,PRIMER,CMPRC122-T2,L-219-T-0919-OD-02-1251,42,MINISPLIT 1.5 TON,MINISPLIT,Aire Acondicionado,3368
879,Preventivo,NORTE,DR. JORGE SOBERON ACEVEDO,MIRAGE,CLF181E,CLF181E7012201758,43,MINISPLIT 1.5 TON,MINISPLIT,Aire Acondicionado,3369
880,Correctivo,NORTE,DR. JORGE SOBERON ACEVEDO,MIRAGE,CLF181E,CLF181E7012201758,43,MINISPLIT 1.5 TON,MINISPLIT,Aire Acondicionado,3370
881,Preventivo,NORTE,DR. JORGE SOBERON ACEVEDO,MIRAGE,CLF1815,CLF18167012801738,44,MINISPLIT 1.5 TON,MINISPLIT,Aire Acondicionado,3371
882,Correctivo,NORTE,DR. JORGE SOBERON ACEVEDO,MIRAGE,CLF1815,CLF18167012801738,44,MINISPLIT 1.5 TON,MINISPLIT,Aire Acondicionado,3372
883,Preventivo,NORTE,DR. JORGE SOBERON ACEVEDO,MIRAGE,CLF181D,CLF18ID7082100494,45,MINISPLIT 1.5 TON,MINISPLIT,Aire Acondicionado,3373
884,Correctivo,NORTE,DR. JORGE SOBERON ACEVEDO,MIRAGE,CLF181D,CLF18ID7082100494,45,MINISPLIT 1.5 TON,MINISPLIT,Aire Acondicionado,3374
885,Preventivo,NORTE,DR. JORGE SOBERON ACEVEDO,MIRAGE,CLF181E,CLF181E7012201761,46,MINISPLIT 1.5 TON,MINISPLIT,Aire Acondicionado,3375
886,Correctivo,NORTE,DR. JORGE SOBERON ACEVEDO,MIRAGE,CLF181E,CLF181E7012201761,46,MINISPLIT 1.5 TON,MINISPLIT,Aire Acondicionado,3376
887,Preventivo,NORTE,DR. JORGE SOBERON ACEVEDO,MIRAGE,CLF181D,CLF181D70822100454,47,MINISPLIT 1.5 TON,MINISPLIT,Aire Acondicionado,3377
888,Correctivo,NORTE,DR. JORGE SOBERON ACEVEDO,MIRAGE,CLF181D,CLF181D70822100454,47,MINISPLIT 1.5 TON,MINISPLIT,Aire Acondicionado,3378
889,Preventivo,NORTE,DR. JORGE SOBERON ACEVEDO,CARRIER,VENTANA,S/SERIE,48,MINISPLIT 1.5 TON,MINISPLIT,Aire Acondicionado,3379
890,Correctivo,NORTE,DR. JORGE SOBERON ACEVEDO,CARRIER,VENTANA,S/SERIE,48,MINISPLIT 1.5 TON,MINISPLIT,Aire Acondicionado,3380
891,Preventivo,NORTE,DR. JORGE SOBERON ACEVEDO,LG,SJ1220CD,CLF121Q707190741,49,MINISPLIT 1.5 TON,MINISPLIT,Aire Acondicionado,3381
892,Correctivo,NORTE,DR. JORGE SOBERON ACEVEDO,LG,SJ1220CD,CLF121Q707190741,49,MINISPLIT 1.5 TON,MINISPLIT,Aire Acondicionado,3382
893,Preventivo,NORTE,DR. JORGE SOBERON ACEVEDO,MIRAGE,CLF121Q,CLF121Q7071910741,50,MINISPLIT 1.5 TON,MINISPLIT,Aire Acondicionado,3383
894,Correctivo,NORTE,DR. JORGE SOBERON ACEVEDO,MIRAGE,CLF121Q,CLF121Q7071910741,50,MINISPLIT 1.5 TON,MINISPLIT,Aire Acondicionado,3384
895,Preventivo,NORTE,DR. JORGE SOBERON ACEVEDO,MIRAGE,CLF120D,CLF120D7112216216,51,MINISPLIT 1.5 TON,MINISPLIT,Aire Acondicionado,3385
896,Correctivo,NORTE,DR. JORGE SOBERON ACEVEDO,MIRAGE,CLF120D,CLF120D7112216216,51,MINISPLIT 1.5 TON,MINISPLIT,Aire Acondicionado,3386
897,Preventivo,NORTE,DR. JORGE SOBERON ACEVEDO,CARRIER,39M45TW04FHB,4509024141,52,UMA 15 TON,UMA,Aire Acondicionado,3387
898,Correctivo,NORTE,DR. JORGE SOBERON ACEVEDO,CARRIER,39M45TW04FHB,4509024141,52,UMA 15 TON,UMA,Aire Acondicionado,3388
899,Preventivo,NORTE,DR. JORGE SOBERON ACEVEDO,BRYANT,BA13NA060-C,1822X36720,53,UNIDAD PAQUETE 5.5 TON,PAQUETE,Aire Acondicionado,3389
900,Correctivo,NORTE,DR. JORGE SOBERON ACEVEDO,BRYANT,BA13NA060-C,1822X36720,53,UNIDAD PAQUETE 5.5 TON,PAQUETE,Aire Acondicionado,3390
901,Preventivo,NORTE,DR. JORGE SOBERON ACEVEDO,BRYANT,BA13NA060-C,1822X36650,54,UNIDAD PAQUETE 5.5 TON,PAQUETE,Aire Acondicionado,3391
902,Correctivo,NORTE,DR. JORGE SOBERON ACEVEDO,BRYANT,BA13NA060-C,1822X36650,54,UNIDAD PAQUETE 5.5 TON,PAQUETE,Aire Acondicionado,3392
903,Preventivo,NORTE,DR. JORGE SOBERON ACEVEDO,BRYANT,BA13NA060-C,4121X96202,55,UNIDAD PAQUETE 5.5 TON,PAQUETE,Aire Acondicionado,3393
904,Correctivo,NORTE,DR. JORGE SOBERON ACEVEDO,BRYANT,BA13NA060-C,4121X96202,55,UNIDAD PAQUETE 5.5 TON,PAQUETE,Aire Acondicionado,3394
905,Preventivo,NORTE,DR. JORGE SOBERON ACEVEDO,BRYANT,BA13NA060-C,1822X36677,56,UNIDAD PAQUETE 5.5 TON,PAQUETE,Aire Acondicionado,3395
906,Correctivo,NORTE,DR. JORGE SOBERON ACEVEDO,BRYANT,BA13NA060-C,1822X36677,56,UNIDAD PAQUETE 5.5 TON,PAQUETE,Aire Acondicionado,3396
907,Preventivo,NORTE,DR. JORGE SOBERON ACEVEDO,LG,S/MODELO,S/SERIE,57,MINISPLIT 1.5 TON,MINISPLIT,Aire Acondicionado,3397
908,Correctivo,NORTE,DR. JORGE SOBERON ACEVEDO,LG,S/MODELO,S/SERIE,57,MINISPLIT 1.5 TON,MINISPLIT,Aire Acondicionado,3398
909,Preventivo,NORTE,DR. JORGE SOBERON ACEVEDO,MIRAGE,CLF-781-E,CLF181F7062202546,58,MINISPLIT 1.0 TON,MINISPLIT,Aire Acondicionado,3399
910,Correctivo,NORTE,DR. JORGE SOBERON ACEVEDO,MIRAGE,CLF-781-E,CLF181F7062202546,58,MINISPLIT 1.0 TON,MINISPLIT,Aire Acondicionado,3400
911,Preventivo,NORTE,DR. JORGE SOBERON ACEVEDO,MIRAGE,CLF-120D,CLF120T7112212102,59,MINISPLIT 1.0 TON,MINISPLIT,Aire Acondicionado,3401
912,Correctivo,NORTE,DR. JORGE SOBERON ACEVEDO,MIRAGE,CLF-120D,CLF120T7112212102,59,MINISPLIT 1.0 TON,MINISPLIT,Aire Acondicionado,3402
913,Preventivo,NORTE,DR. JORGE SOBERON ACEVEDO,MIRAGE,CLF-781-H,S/SERIE,60,MINISPLIT 1.0 TON,MINISPLIT,Aire Acondicionado,3403
914,Correctivo,NORTE,DR. JORGE SOBERON ACEVEDO,MIRAGE,CLF-781-H,S/SERIE,60,MINISPLIT 1.0 TON,MINISPLIT,Aire Acondicionado,3404
915,Preventivo,NORTE,DR. JORGE SOBERON ACEVEDO,MIRAGE TITAN,S/MODELO,CDI120B5140502129,61,MINISPLIT 1.0 TON,MINISPLIT,Aire Acondicionado,3405
916,Correctivo,NORTE,DR. JORGE SOBERON ACEVEDO,MIRAGE TITAN,S/MODELO,CDI120B5140502129,61,MINISPLIT 1.0 TON,MINISPLIT,Aire Acondicionado,3406
917,Preventivo,NORTE,DR. JORGE SOBERON ACEVEDO,MIRAGE TITAN,S/MODELO,CDF120B51400854,62,MINISPLIT 1.0 TON,MINISPLIT,Aire Acondicionado,3407
918,Correctivo,NORTE,DR. JORGE SOBERON ACEVEDO,MIRAGE TITAN,S/MODELO,CDF120B51400854,62,MINISPLIT 1.0 TON,MINISPLIT,Aire Acondicionado,3408
919,Preventivo,NORTE,DR. JORGE SOBERON ACEVEDO,MIRAGE,CLF181D,CLF181D70822100454,63,MINISPLIT 1.5 TON,MINISPLIT,Aire Acondicionado,3409
920,Correctivo,NORTE,DR. JORGE SOBERON ACEVEDO,MIRAGE,CLF181D,CLF181D70822100454,63,MINISPLIT 1.5 TON,MINISPLIT,Aire Acondicionado,3410
921,Preventivo,NORTE,DR. JORGE SOBERON ACEVEDO,MIRAGE,VLF181E,CLF181E7012200,64,MINISPLIT 1.5 TON,MINISPLIT,Aire Acondicionado,3411
922,Correctivo,NORTE,DR. JORGE SOBERON ACEVEDO,MIRAGE,VLF181E,CLF181E7012200,64,MINISPLIT 1.5 TON,MINISPLIT,Aire Acondicionado,3412
923,Preventivo,NORTE,DR. JORGE SOBERON ACEVEDO,CARRIER,VENTANA,S/SERIE,65,MINISPLIT 1.5 TON,MINISPLIT,Aire Acondicionado,3413
924,Correctivo,NORTE,DR. JORGE SOBERON ACEVEDO,CARRIER,VENTANA,S/SERIE,65,MINISPLIT 1.5 TON,MINISPLIT,Aire Acondicionado,3414
925,Preventivo,NORTE,DR. JORGE SOBERON ACEVEDO,MIDEA,M98CDA,S/SERIE,66,MINISPLIT 1.5 TON,MINISPLIT,Aire Acondicionado,3415
926,Correctivo,NORTE,DR. JORGE SOBERON ACEVEDO,MIDEA,M98CDA,S/SERIE,66,MINISPLIT 1.5 TON,MINISPLIT,Aire Acondicionado,3416
927,Preventivo,NORTE,DR. JORGE SOBERON ACEVEDO,MIRAGE,CLF121Q,CLF120Q7071911433,67,MINISPLIT 1.5 TON,MINISPLIT,Aire Acondicionado,3417
928,Correctivo,NORTE,DR. JORGE SOBERON ACEVEDO,MIRAGE,CLF121Q,CLF120Q7071911433,67,MINISPLIT 1.5 TON,MINISPLIT,Aire Acondicionado,3418
929,Preventivo,NORTE,DR. JORGE SOBERON ACEVEDO,LG,SJ1220CD,CLF121Q707190741,68,MINISPLIT 1.5 TON,MINISPLIT,Aire Acondicionado,3419
930,Correctivo,NORTE,DR. JORGE SOBERON ACEVEDO,LG,SJ1220CD,CLF121Q707190741,68,MINISPLIT 1.5 TON,MINISPLIT,Aire Acondicionado,3420
931,Preventivo,NORTE,DR. JORGE SOBERON ACEVEDO,MIRAGE,CLF121Q,CLF121Q7071910741,69,MINISPLIT 1.5 TON,MINISPLIT,Aire Acondicionado,3421
932,Correctivo,NORTE,DR. JORGE SOBERON ACEVEDO,MIRAGE,CLF121Q,CLF121Q7071910741,69,MINISPLIT 1.5 TON,MINISPLIT,Aire Acondicionado,3422
933,Preventivo,NORTE,DR. JORGE SOBERON ACEVEDO,MIRAGE,CLF120D,CLF120D7112216216,70,MINISPLIT 1.5 TON,MINISPLIT,Aire Acondicionado,3423
934,Correctivo,NORTE,DR. JORGE SOBERON ACEVEDO,MIRAGE,CLF120D,CLF120D7112216216,70,MINISPLIT 1.5 TON,MINISPLIT,Aire Acondicionado,3424
935,Preventivo,NORTE,DR. JORGE SOBERON ACEVEDO,CARRIER,39M45TW04FHB,4509024141,71,UMA 15 TON,UMA,Aire Acondicionado,3425
936,Correctivo,NORTE,DR. JORGE SOBERON ACEVEDO,CARRIER,39M45TW04FHB,4509024141,71,UMA 15 TON,UMA,Aire Acondicionado,3426
937,Preventivo,NORTE,DR. JORGE SOBERON ACEVEDO,CARRIER,38ARZ012,4309G300095,72,UMA 15 TON,UMA,Aire Acondicionado,3427
938,Correctivo,NORTE,DR. JORGE SOBERON ACEVEDO,CARRIER,38ARZ012,4309G300095,72,UMA 15 TON,UMA,Aire Acondicionado,3428
939,Preventivo,NORTE,DR. JORGE SOBERON ACEVEDO,INTENSIVE,IDCES180KF-5,340811783159303,73,UMA 15 TON,UMA,Aire Acondicionado,3429
940,Correctivo,NORTE,DR. JORGE SOBERON ACEVEDO,INTENSIVE,IDCES180KF-5,340811783159303,73,UMA 15 TON,UMA,Aire Acondicionado,3430
941,Preventivo,NORTE,DR. JORGE SOBERON ACEVEDO,INTENSIVE,IDCCS090KF-5,340811783169608,74,UMA 15 TON,UMA,Aire Acondicionado,3431
942,Correctivo,NORTE,DR. JORGE SOBERON ACEVEDO,INTENSIVE,IDCCS090KF-5,340811783169608,74,UMA 15 TON,UMA,Aire Acondicionado,3432
943,Preventivo,NORTE,DR. JORGE SOBERON ACEVEDO,BRYANT,BA13NA060-C,1822X36720,75,UNIDAD PAQUETE 5.5 TON,PAQUETE,Aire Acondicionado,3433
944,Correctivo,NORTE,DR. JORGE SOBERON ACEVEDO,BRYANT,BA13NA060-C,1822X36720,75,UNIDAD PAQUETE 5.5 TON,PAQUETE,Aire Acondicionado,3434
945,Preventivo,NORTE,DR. JORGE SOBERON ACEVEDO,BRYANT,BA13NA060-C,1822X36650,76,UNIDAD PAQUETE 5.5 TON,PAQUETE,Aire Acondicionado,3435
946,Correctivo,NORTE,DR. JORGE SOBERON ACEVEDO,BRYANT,BA13NA060-C,1822X36650,76,UNIDAD PAQUETE 5.5 TON,PAQUETE,Aire Acondicionado,3436
947,Preventivo,NORTE,DR. JORGE SOBERON ACEVEDO,BRYANT,BA13NA060-C,4121X96202,77,UNIDAD PAQUETE 5.5 TON,PAQUETE,Aire Acondicionado,3437
948,Correctivo,NORTE,DR. JORGE SOBERON ACEVEDO,BRYANT,BA13NA060-C,4121X96202,77,UNIDAD PAQUETE 5.5 TON,PAQUETE,Aire Acondicionado,3438
949,Preventivo,NORTE,DR. JORGE SOBERON ACEVEDO,BRYANT,BA13NA060-C,1822X36677,78,UNIDAD PAQUETE 5.5 TON,PAQUETE,Aire Acondicionado,3439
950,Correctivo,NORTE,DR. JORGE SOBERON ACEVEDO,BRYANT,BA13NA060-C,1822X36677,78,UNIDAD PAQUETE 5.5 TON,PAQUETE,Aire Acondicionado,3440
951,Preventivo,NORTE,DR. JORGE SOBERON ACEVEDO,BRYANT,BA13NA060-C,SIN NUMERO DE SERIE,79,UNIDAD PAQUETE 5.5 TON,PAQUETE,Aire Acondicionado,3441
952,Correctivo,NORTE,DR. JORGE SOBERON ACEVEDO,BRYANT,BA13NA060-C,SIN NUMERO DE SERIE,79,UNIDAD PAQUETE 5.5 TON,PAQUETE,Aire Acondicionado,3442
953,Preventivo,NORTE,DR. JORGE SOBERON ACEVEDO,BRYANT,BA13NA060-C,SIN NUMERO DE SERIE,79,UNIDAD PAQUETE 5.5 TON,PAQUETE,Aire Acondicionado,3443
954,Correctivo,NORTE,DR. JORGE SOBERON ACEVEDO,BRYANT,BA13NA060-C,SIN NUMERO DE SERIE,79,UNIDAD PAQUETE 5.5 TON,PAQUETE,Aire Acondicionado,3444
955,Preventivo,NORTE,DR. JORGE SOBERON ACEVEDO,BRYANT,BA13NA060-C,SIN NUMERO DE SERIE,79,UNIDAD PAQUETE 5.5 TON,PAQUETE,Aire Acondicionado,3445
956,Correctivo,NORTE,DR. JORGE SOBERON ACEVEDO,BRYANT,BA13NA060-C,SIN NUMERO DE SERIE,79,UNIDAD PAQUETE 5.5 TON,PAQUETE,Aire Acondicionado,3446
2551,Preventivo,NORTE,UNEME DE ENFERMEDADES CRÓNICAS,MIRAGE,EVF121D,NO PROPORCIONADO,Sin registro,UMA 10 TON,UMA,Aire Acondicionado,3447
2552,Correctivo,NORTE,UNEME DE ENFERMEDADES CRÓNICAS,MIRAGE,EVF121D,NO PROPORCIONADO,Sin registro,UMA 10 TON,UMA,Aire Acondicionado,3448
2553,Preventivo,NORTE,UNEME DE ENFERMEDADES CRÓNICAS,MIRAGE,EVF121D,NO PROPORCIONADO,Sin registro,UNIDAD PAQUETE 7.5 TON,PAQUETE,Aire Acondicionado,3449
2554,Correctivo,NORTE,UNEME DE ENFERMEDADES CRÓNICAS,MIRAGE,EVF121D,NO PROPORCIONADO,Sin registro,UNIDAD PAQUETE 7.5 TON,PAQUETE,Aire Acondicionado,3450
2555,Preventivo,NORTE,UNEME DE ENFERMEDADES CRÓNICAS,MIRAGE,EVF121D,NO PROPORCIONADO,Sin registro,MINISPLIT 2.5 TON,MINISPLIT,Aire Acondicionado,3451
2556,Correctivo,NORTE,UNEME DE ENFERMEDADES CRÓNICAS,MIRAGE,EVF121D,NO PROPORCIONADO,Sin registro,MINISPLIT 2.5 TON,MINISPLIT,Aire Acondicionado,3452
2557,Preventivo,NORTE,UNEME DE ENFERMEDADES CRÓNICAS,MIRAGE,EVF121D,NO PROPORCIONADO,Sin registro,MINISPLIT 2.0 TON,MINISPLIT,Aire Acondicionado,3453
2558,Correctivo,NORTE,UNEME DE ENFERMEDADES CRÓNICAS,MIRAGE,EVF121D,NO PROPORCIONADO,Sin registro,MINISPLIT 2.0 TON,MINISPLIT,Aire Acondicionado,3454
2559,Preventivo,NORTE,UNEME DE ENFERMEDADES CRÓNICAS,MIRAGE,EWF121E,NO PROPORCIONADO,Sin registro,MINISPLIT 1.5 TON,MINISPLIT,Aire Acondicionado,3455
2560,Correctivo,NORTE,UNEME DE ENFERMEDADES CRÓNICAS,MIRAGE,EWF121E,NO PROPORCIONADO,Sin registro,MINISPLIT 1.5 TON,MINISPLIT,Aire Acondicionado,3456
2561,Preventivo,NORTE,UNEME DE ENFERMEDADES CRÓNICAS,MIRAGE,EVF121D,NO PROPORCIONADO,Sin registro,MINISPLIT 1.5 TON,MINISPLIT,Aire Acondicionado,3457
2562,Correctivo,NORTE,UNEME DE ENFERMEDADES CRÓNICAS,MIRAGE,EVF121D,NO PROPORCIONADO,Sin registro,MINISPLIT 1.5 TON,MINISPLIT,Aire Acondicionado,3458
2563,Preventivo,NORTE,UNEME DE ENFERMEDADES CRÓNICAS,MIRAGE,EWC121E,NO PROPORCIONADO,Sin registro,MINISPLIT 1.5 TON,MINISPLIT,Aire Acondicionado,3459
2564,Correctivo,NORTE,UNEME DE ENFERMEDADES CRÓNICAS,MIRAGE,EWC121E,NO PROPORCIONADO,Sin registro,MINISPLIT 1.5 TON,MINISPLIT,Aire Acondicionado,3460
2565,Preventivo,NORTE,UNEME DE ENFERMEDADES CRÓNICAS,MIRAGE,EWF121E,NO PROPORCIONADO,Sin registro,MINISPLIT 1.5 TON,MINISPLIT,Aire Acondicionado,3461
2566,Correctivo,NORTE,UNEME DE ENFERMEDADES CRÓNICAS,MIRAGE,EWF121E,NO PROPORCIONADO,Sin registro,MINISPLIT 1.5 TON,MINISPLIT,Aire Acondicionado,3462
2567,Preventivo,NORTE,UNEME DE ENFERMEDADES CRÓNICAS,MIRAGE,EWF121E,NO PROPORCIONADO,Sin registro,MINISPLIT 1.5 TON,MINISPLIT,Aire Acondicionado,3463
2568,Correctivo,NORTE,UNEME DE ENFERMEDADES CRÓNICAS,MIRAGE,EWF121E,NO PROPORCIONADO,Sin registro,MINISPLIT 1.5 TON,MINISPLIT,Aire Acondicionado,3464
2569,Preventivo,NORTE,UNEME DE ENFERMEDADES CRÓNICAS,MIRAGE,EVF121D,NO PROPORCIONADO,Sin registro,MINISPLIT 1.5 TON,MINISPLIT,Aire Acondicionado,3465
2570,Correctivo,NORTE,UNEME DE ENFERMEDADES CRÓNICAS,MIRAGE,EVF121D,NO PROPORCIONADO,Sin registro,MINISPLIT 1.5 TON,MINISPLIT,Aire Acondicionado,3466
2571,Preventivo,NORTE,UNEME DE ENFERMEDADES CRÓNICAS,MIRAGE,EWF121E,NO PROPORCIONADO,Sin registro,MINISPLIT 1.5 TON,MINISPLIT,Aire Acondicionado,3467
2572,Correctivo,NORTE,UNEME DE ENFERMEDADES CRÓNICAS,MIRAGE,EWF121E,NO PROPORCIONADO,Sin registro,MINISPLIT 1.5 TON,MINISPLIT,Aire Acondicionado,3468
2573,Preventivo,NORTE,UNEME DE ENFERMEDADES CRÓNICAS,MIRAGE,EWF121E,NO PROPORCIONADO,Sin registro,MINISPLIT 1.5 TON,MINISPLIT,Aire Acondicionado,3469
2574,Correctivo,NORTE,UNEME DE ENFERMEDADES CRÓNICAS,MIRAGE,EWF121E,NO PROPORCIONADO,Sin registro,MINISPLIT 1.5 TON,MINISPLIT,Aire Acondicionado,3470
2575,Preventivo,NORTE,CENTRO COMUNITARIO DE SALUD MENTAL Y ADICCIONES IGUALA DE LA INDEPENDENCIA,MIRAGE,EWF121E,EWF121E44082322075,Sin registro,UNIDAD PAQUETE 7.5 TON,PAQUETE,Aire Acondicionado,3471
2576,Correctivo,NORTE,CENTRO COMUNITARIO DE SALUD MENTAL Y ADICCIONES IGUALA DE LA INDEPENDENCIA,MIRAGE,EWF121E,EWF121E44082322075,Sin registro,UNIDAD PAQUETE 7.5 TON,PAQUETE,Aire Acondicionado,3472
2577,Preventivo,NORTE,CENTRO COMUNITARIO DE SALUD MENTAL Y ADICCIONES IGUALA DE LA INDEPENDENCIA,MIRAGE,EWF121E,NO PROPORCIONADO,Sin registro,MINISPLIT 1.5 TON,MINISPLIT,Aire Acondicionado,3473
2578,Correctivo,NORTE,CENTRO COMUNITARIO DE SALUD MENTAL Y ADICCIONES IGUALA DE LA INDEPENDENCIA,MIRAGE,EWF121E,NO PROPORCIONADO,Sin registro,MINISPLIT 1.5 TON,MINISPLIT,Aire Acondicionado,3474
2579,Preventivo,NORTE,CENTRO COMUNITARIO DE SALUD MENTAL Y ADICCIONES IGUALA DE LA INDEPENDENCIA,MIRAGE,EWF121E,NO PROPORCIONADO,Sin registro,MINISPLIT 1.5 TON,MINISPLIT,Aire Acondicionado,3475
2580,Correctivo,NORTE,CENTRO COMUNITARIO DE SALUD MENTAL Y ADICCIONES IGUALA DE LA INDEPENDENCIA,MIRAGE,EWF121E,NO PROPORCIONADO,Sin registro,MINISPLIT 1.5 TON,MINISPLIT,Aire Acondicionado,3476
2581,Preventivo,NORTE,CENTRO COMUNITARIO DE SALUD MENTAL Y ADICCIONES IGUALA DE LA INDEPENDENCIA,MIRAGE,EWF121E,NO PROPORCIONADO,Sin registro,MINISPLIT 1.5 TON,MINISPLIT,Aire Acondicionado,3477
2582,Correctivo,NORTE,CENTRO COMUNITARIO DE SALUD MENTAL Y ADICCIONES IGUALA DE LA INDEPENDENCIA,MIRAGE,EWF121E,NO PROPORCIONADO,Sin registro,MINISPLIT 1.5 TON,MINISPLIT,Aire Acondicionado,3478
4553,Preventivo,NORTE,CESSA - U12 IGUALA,FREYVEN,40FC12A-E,53FVC121A,1341,UNIDAD PAQUETE 5.5 TON,PAQUETE,Aire Acondicionado,3479
4554,Correctivo,NORTE,CESSA - U12 IGUALA,FREYVEN,40FC12A-E,53FVC121A,1341,UNIDAD PAQUETE 5.5 TON,PAQUETE,Aire Acondicionado,3480
4555,Preventivo,NORTE,CESSA - U12 IGUALA,CARRIER,380NC243A-C,NO PROPORCIONADO,000033,MINISPLIT 1.5 TON,MINISPLIT,Aire Acondicionado,3481
4556,Correctivo,NORTE,CESSA - U12 IGUALA,CARRIER,380NC243A-C,NO PROPORCIONADO,000033,MINISPLIT 1.5 TON,MINISPLIT,Aire Acondicionado,3482
4557,Preventivo,NORTE,CESSA - U12 IGUALA,CARRIER,380NC243A-C,NO PROPORCIONADO,000078,MINISPLIT 1.5 TON,MINISPLIT,Aire Acondicionado,3483
4558,Correctivo,NORTE,CESSA - U12 IGUALA,CARRIER,380NC243A-C,NO PROPORCIONADO,000078,MINISPLIT 1.5 TON,MINISPLIT,Aire Acondicionado,3484
4559,Preventivo,NORTE,CESSA - U12 IGUALA,CARRIER,380NC243A-C,NO PROPORCIONADO,000123,MINISPLIT 1.5 TON,MINISPLIT,Aire Acondicionado,3485
4560,Correctivo,NORTE,CESSA - U12 IGUALA,CARRIER,380NC243A-C,NO PROPORCIONADO,000123,MINISPLIT 1.5 TON,MINISPLIT,Aire Acondicionado,3486
4561,Preventivo,NORTE,CESSA - U12 IGUALA,CARRIER,380NC243A-C,NO PROPORCIONADO,000168,MINISPLIT 1.5 TON,MINISPLIT,Aire Acondicionado,3487
4562,Correctivo,NORTE,CESSA - U12 IGUALA,CARRIER,380NC243A-C,NO PROPORCIONADO,000168,MINISPLIT 1.5 TON,MINISPLIT,Aire Acondicionado,3488
4563,Preventivo,NORTE,CESSA - U12 IGUALA,CARRIER,380NC243A-C,NO PROPORCIONADO,000213,MINISPLIT 1.5 TON,MINISPLIT,Aire Acondicionado,3489
4564,Correctivo,NORTE,CESSA - U12 IGUALA,CARRIER,380NC243A-C,NO PROPORCIONADO,000213,MINISPLIT 1.5 TON,MINISPLIT,Aire Acondicionado,3490
4565,Preventivo,NORTE,CESSA - U12 IGUALA,CARRIER,380NC243A-C,NO PROPORCIONADO,000257,MINISPLIT 1.5 TON,MINISPLIT,Aire Acondicionado,3491
4566,Correctivo,NORTE,CESSA - U12 IGUALA,CARRIER,380NC243A-C,NO PROPORCIONADO,000257,MINISPLIT 1.5 TON,MINISPLIT,Aire Acondicionado,3492
4567,Preventivo,NORTE,CESSA - U12 IGUALA,CARRIER,380NC243A-C,NO PROPORCIONADO,000348,MINISPLIT 1.5 TON,MINISPLIT,Aire Acondicionado,3493
4568,Correctivo,NORTE,CESSA - U12 IGUALA,CARRIER,380NC243A-C,NO PROPORCIONADO,000348,MINISPLIT 1.5 TON,MINISPLIT,Aire Acondicionado,3494
4569,Preventivo,NORTE,CESSA - U12 IGUALA,CARRIER,380NC243A-C,NO PROPORCIONADO,000382,MINISPLIT 1.5 TON,MINISPLIT,Aire Acondicionado,3495
4570,Correctivo,NORTE,CESSA - U12 IGUALA,CARRIER,380NC243A-C,NO PROPORCIONADO,000382,MINISPLIT 1.5 TON,MINISPLIT,Aire Acondicionado,3496
4571,Preventivo,NORTE,CESSA - U12 IGUALA,CARRIER,380NC243A-C,NO PROPORCIONADO,000427,MINISPLIT 1.5 TON,MINISPLIT,Aire Acondicionado,3497
4572,Correctivo,NORTE,CESSA - U12 IGUALA,CARRIER,380NC243A-C,NO PROPORCIONADO,000427,MINISPLIT 1.5 TON,MINISPLIT,Aire Acondicionado,3498
4573,Preventivo,NORTE,CESSA - U12 IGUALA,CARRIER,380NC243A-C,NO PROPORCIONADO,000464-A,MINISPLIT 1.5 TON,MINISPLIT,Aire Acondicionado,3499
4574,Correctivo,NORTE,CESSA - U12 IGUALA,CARRIER,380NC243A-C,NO PROPORCIONADO,000464-A,MINISPLIT 1.5 TON,MINISPLIT,Aire Acondicionado,3500
4575,Preventivo,NORTE,CESSA - U12 IGUALA,CARRIER,380NC243A-C,NO PROPORCIONADO,000551,MINISPLIT 1.5 TON,MINISPLIT,Aire Acondicionado,3501
4576,Correctivo,NORTE,CESSA - U12 IGUALA,CARRIER,380NC243A-C,NO PROPORCIONADO,000551,MINISPLIT 1.5 TON,MINISPLIT,Aire Acondicionado,3502
4577,Preventivo,NORTE,CESSA - U12 IGUALA,CARRIER,380NC243A-C,NO PROPORCIONADO,000687,MINISPLIT 1.5 TON,MINISPLIT,Aire Acondicionado,3503
4578,Correctivo,NORTE,CESSA - U12 IGUALA,CARRIER,380NC243A-C,NO PROPORCIONADO,000687,MINISPLIT 1.5 TON,MINISPLIT,Aire Acondicionado,3504
4579,Preventivo,NORTE,CESSA - U12 IGUALA,CARRIER,380NC243A-C,NO PROPORCIONADO,000687-A,MINISPLIT 1.5 TON,MINISPLIT,Aire Acondicionado,3505
4580,Correctivo,NORTE,CESSA - U12 IGUALA,CARRIER,380NC243A-C,NO PROPORCIONADO,000687-A,MINISPLIT 1.5 TON,MINISPLIT,Aire Acondicionado,3506
4581,Preventivo,NORTE,CESSA - U12 IGUALA,CARRIER,380NC243A-C,NO PROPORCIONADO,000577-A,MINISPLIT 1.5 TON,MINISPLIT,Aire Acondicionado,3507
4582,Correctivo,NORTE,CESSA - U12 IGUALA,CARRIER,380NC243A-C,NO PROPORCIONADO,000577-A,MINISPLIT 1.5 TON,MINISPLIT,Aire Acondicionado,3508
4583,Preventivo,NORTE,CESSA - U12 IGUALA,CARRIER,380NC243A-C,NO PROPORCIONADO,000758,MINISPLIT 1.5 TON,MINISPLIT,Aire Acondicionado,3509
4584,Correctivo,NORTE,CESSA - U12 IGUALA,CARRIER,380NC243A-C,NO PROPORCIONADO,000758,MINISPLIT 1.5 TON,MINISPLIT,Aire Acondicionado,3510
4585,Preventivo,NORTE,CESSA - U12 IGUALA,CARRIER,380NC243A-C,NO PROPORCIONADO,000771-A,MINISPLIT 1.5 TON,MINISPLIT,Aire Acondicionado,3511
4586,Correctivo,NORTE,CESSA - U12 IGUALA,CARRIER,380NC243A-C,NO PROPORCIONADO,000771-A,MINISPLIT 1.5 TON,MINISPLIT,Aire Acondicionado,3512
4587,Preventivo,NORTE,CESSA - U12 IGUALA,CARRIER,380NC243A-C,NO PROPORCIONADO,000972,MINISPLIT 1.5 TON,MINISPLIT,Aire Acondicionado,3513
4588,Correctivo,NORTE,CESSA - U12 IGUALA,CARRIER,380NC243A-C,NO PROPORCIONADO,000972,MINISPLIT 1.5 TON,MINISPLIT,Aire Acondicionado,3514
4589,Preventivo,NORTE,CESSA - U12 IGUALA,CARRIER,380NC243A-C,NO PROPORCIONADO,000973,MINISPLIT 1.5 TON,MINISPLIT,Aire Acondicionado,3515
4590,Correctivo,NORTE,CESSA - U12 IGUALA,CARRIER,380NC243A-C,NO PROPORCIONADO,000973,MINISPLIT 1.5 TON,MINISPLIT,Aire Acondicionado,3516
4591,Preventivo,NORTE,CESSA - U12 IGUALA,CARRIER,380NC243A-C,NO PROPORCIONADO,001141,MINISPLIT 1.5 TON,MINISPLIT,Aire Acondicionado,3517
4592,Correctivo,NORTE,CESSA - U12 IGUALA,CARRIER,380NC243A-C,NO PROPORCIONADO,001141,MINISPLIT 1.5 TON,MINISPLIT,Aire Acondicionado,3518
4593,Preventivo,NORTE,CESSA - U12 IGUALA,CARRIER,380NC243A-C,NO PROPORCIONADO,000406,MINISPLIT 1.5 TON,MINISPLIT,Aire Acondicionado,3519
4594,Correctivo,NORTE,CESSA - U12 IGUALA,CARRIER,380NC243A-C,NO PROPORCIONADO,000406,MINISPLIT 1.5 TON,MINISPLIT,Aire Acondicionado,3520
4595,Preventivo,NORTE,CESSA - U12 IGUALA,CARRIER,380NC243A-C,NO PROPORCIONADO,001346,MINISPLIT 1.5 TON,MINISPLIT,Aire Acondicionado,3521
4596,Correctivo,NORTE,CESSA - U12 IGUALA,CARRIER,380NC243A-C,NO PROPORCIONADO,001346,MINISPLIT 1.5 TON,MINISPLIT,Aire Acondicionado,3522
4597,Preventivo,NORTE,CESSA - U12 IGUALA,YORK,EVA:YHFE12XJNAXA-RX,SIST:IHFE12ZJNAXAORX,000303,MINISPLIT 2.0 TON,MINISPLIT,Aire Acondicionado,3523
4598,Correctivo,NORTE,CESSA - U12 IGUALA,YORK,EVA:YHFE12XJNAXA-RX,SIST:IHFE12ZJNAXAORX,000303,MINISPLIT 2.0 TON,MINISPLIT,Aire Acondicionado,3524
4599,Preventivo,NORTE,CESSA - U12 IGUALA,YORK,EVA:YHFE12XJNAXA-RX,NO PROPORCIONADO,000532,MINISPLIT 1.5 TON,MINISPLIT,Aire Acondicionado,3525
4600,Correctivo,NORTE,CESSA - U12 IGUALA,YORK,EVA:YHFE12XJNAXA-RX,NO PROPORCIONADO,000532,MINISPLIT 1.5 TON,MINISPLIT,Aire Acondicionado,3526
4601,Preventivo,NORTE,CESSA - U12 IGUALA,YORK,EVA:YHFE12XJNAXA-RX,NO PROPORCIONADO,000577,MINISPLIT 1.5 TON,MINISPLIT,Aire Acondicionado,3527
4602,Correctivo,NORTE,CESSA - U12 IGUALA,YORK,EVA:YHFE12XJNAXA-RX,NO PROPORCIONADO,000577,MINISPLIT 1.5 TON,MINISPLIT,Aire Acondicionado,3528
4603,Preventivo,NORTE,CESSA - U12 IGUALA,YORK,EVA:YHFE12XJNAXA-RX,NO PROPORCIONADO,000464,MINISPLIT 1.5 TON,MINISPLIT,Aire Acondicionado,3529
4604,Correctivo,NORTE,CESSA - U12 IGUALA,YORK,EVA:YHFE12XJNAXA-RX,NO PROPORCIONADO,000464,MINISPLIT 1.5 TON,MINISPLIT,Aire Acondicionado,3530
4605,Preventivo,NORTE,CESSA - U12 IGUALA,INTENSITY SALES COMPAÑY AIR HANDLER,RGHL-240ZL,F3514M827,SIN NUMERO,MINISPLIT 2.5 TON,MINISPLIT,Aire Acondicionado,3531
4606,Correctivo,NORTE,CESSA - U12 IGUALA,INTENSITY SALES COMPAÑY AIR HANDLER,RGHL-240ZL,F3514M827,SIN NUMERO,MINISPLIT 2.5 TON,MINISPLIT,Aire Acondicionado,3532
4607,Preventivo,NORTE,CESSA - U12 IGUALA,INTENSITY,SIN NUMERO,SIN NUMERO,SIN NUMERO,MINISPLIT 2.0 TON,MINISPLIT,Aire Acondicionado,3533
4608,Correctivo,NORTE,CESSA - U12 IGUALA,INTENSITY,SIN NUMERO,SIN NUMERO,SIN NUMERO,MINISPLIT 2.0 TON,MINISPLIT,Aire Acondicionado,3534
4609,Preventivo,NORTE,CESSA - U12 IGUALA,INTENSITY,SIN NUMERO,SIN NUMERO,SIN NUMERO,MINISPLIT 1.5 TON,MINISPLIT,Aire Acondicionado,3535
4610,Correctivo,NORTE,CESSA - U12 IGUALA,INTENSITY,SIN NUMERO,SIN NUMERO,SIN NUMERO,MINISPLIT 1.5 TON,MINISPLIT,Aire Acondicionado,3536
4611,Preventivo,NORTE,CESSA - U12 IGUALA,INTENSITY,SIN NUMERO,SIN NUMERO,SIN NUMERO,MINISPLIT 1.5 TON,MINISPLIT,Aire Acondicionado,3537
4612,Correctivo,NORTE,CESSA - U12 IGUALA,INTENSITY,SIN NUMERO,SIN NUMERO,SIN NUMERO,MINISPLIT 1.5 TON,MINISPLIT,Aire Acondicionado,3538
4613,Preventivo,NORTE,CESSA - U12 IGUALA,INTENSITY,SIN NUMERO,SIN NUMERO,SIN NUMERO,MINISPLIT 1.5 TON,MINISPLIT,Aire Acondicionado,3539
4614,Correctivo,NORTE,CESSA - U12 IGUALA,INTENSITY,SIN NUMERO,SIN NUMERO,SIN NUMERO,MINISPLIT 1.5 TON,MINISPLIT,Aire Acondicionado,3540
3655,Preventivo,NORTE,HG ADOLFO PRIETO,CARRIER,39MW10C01095S11XHS,0508U03672,SIN NUMERO,UNIDAD MANEJADORA DE AIRE,UMA,Aire Acondicionado,3541
3656,Correctivo,NORTE,HG ADOLFO PRIETO,CARRIER,39MW10C01095S11XHS,0508U03672,SIN NUMERO,UNIDAD MANEJADORA DE AIRE,UMA,Aire Acondicionado,3542
3657,Preventivo,NORTE,HG ADOLFO PRIETO,CARRIER,S/M,S/N,SIN NUMERO,UNIDAD CONDENSADORA 20 TON,,Aire Acondicionado,3543
3658,Correctivo,NORTE,HG ADOLFO PRIETO,CARRIER,S/M,S/N,SIN NUMERO,UNIDAD CONDENSADORA 20 TON,,Aire Acondicionado,3544
3659,Preventivo,NORTE,HG ADOLFO PRIETO,CARRIER,39MDSTP04CHPHBXJGH,0508U03709,SIN NUMERO,UNIDAD MANEJADORA DE AIRE,UMA,Aire Acondicionado,3545
3660,Correctivo,NORTE,HG ADOLFO PRIETO,CARRIER,39MDSTP04CHPHBXJGH,0508U03709,SIN NUMERO,UNIDAD MANEJADORA DE AIRE,UMA,Aire Acondicionado,3546
3661,Preventivo,NORTE,HG ADOLFO PRIETO,CARRIER,SIN DATO,S/SERIE,SIN NUMERO,UNIDAD CONDENSADORA 20 TON,,Aire Acondicionado,3547
3662,Correctivo,NORTE,HG ADOLFO PRIETO,CARRIER,SIN DATO,S/SERIE,SIN NUMERO,UNIDAD CONDENSADORA 20 TON,,Aire Acondicionado,3548
3663,Preventivo,NORTE,HG ADOLFO PRIETO,CARRIER,39MN08C0109H011XKS,1308U08552,SIN NUMERO,UNIDAD MANEJADORA DE AIRE,UMA,Aire Acondicionado,3549
3664,Correctivo,NORTE,HG ADOLFO PRIETO,CARRIER,39MN08C0109H011XKS,1308U08552,SIN NUMERO,UNIDAD MANEJADORA DE AIRE,UMA,Aire Acondicionado,3550
3665,Preventivo,NORTE,HG ADOLFO PRIETO,CARRIER,38AKS016 521,1508G20091,SIN NUMERO,UNIDAD CONDENSADORA 15 TON,,Aire Acondicionado,3551
3666,Correctivo,NORTE,HG ADOLFO PRIETO,CARRIER,38AKS016 521,1508G20091,SIN NUMERO,UNIDAD CONDENSADORA 15 TON,,Aire Acondicionado,3552
3667,Preventivo,NORTE,HG ADOLFO PRIETO,CARRIER,39MN17C01095V33XKS,0508U03712,SIN NUMERO,UNIDAD MANEJADORA DE AIRE,UMA,Aire Acondicionado,3553
3668,Correctivo,NORTE,HG ADOLFO PRIETO,CARRIER,39MN17C01095V33XKS,0508U03712,SIN NUMERO,UNIDAD MANEJADORA DE AIRE,UMA,Aire Acondicionado,3554
3669,Preventivo,NORTE,HG ADOLFO PRIETO,CARRIER,38AKS028 501,5007Q08112,SIN NUMERO,UNIDAD CONDENSADORA 25 TON,,Aire Acondicionado,3555
3670,Correctivo,NORTE,HG ADOLFO PRIETO,CARRIER,38AKS028 501,5007Q08112,SIN NUMERO,UNIDAD CONDENSADORA 25 TON,,Aire Acondicionado,3556
3671,Preventivo,NORTE,HG ADOLFO PRIETO,CARRIER,39MN08C1095W11XKS,0508U03713,SIN NUMERO,UNIDAD MANEJADORA DE AIRE,UMA,Aire Acondicionado,3557
3672,Correctivo,NORTE,HG ADOLFO PRIETO,CARRIER,39MN08C1095W11XKS,0508U03713,SIN NUMERO,UNIDAD MANEJADORA DE AIRE,UMA,Aire Acondicionado,3558
3673,Preventivo,NORTE,HG ADOLFO PRIETO,CARRIER,38AKS016 521,4507G50038,SIN NUMERO,UNIDAD CONDENSADORA. 15 TON,,Aire Acondicionado,3559
3674,Correctivo,NORTE,HG ADOLFO PRIETO,CARRIER,38AKS016 521,4507G50038,SIN NUMERO,UNIDAD CONDENSADORA. 15 TON,,Aire Acondicionado,3560
3675,Preventivo,NORTE,HG ADOLFO PRIETO,CARRIER,39MN10C01095X11XGS,0508U03700,SIN NUMERO,UNIDAD MANEJADORA DE AIRE,UMA,Aire Acondicionado,3561
3676,Correctivo,NORTE,HG ADOLFO PRIETO,CARRIER,39MN10C01095X11XGS,0508U03700,SIN NUMERO,UNIDAD MANEJADORA DE AIRE,UMA,Aire Acondicionado,3562
3677,Preventivo,NORTE,HG ADOLFO PRIETO,CARRIER,38AKS016 521,4507G50037,SIN NUMERO,UNIDAD CONDENSADORA. 15 TON,,Aire Acondicionado,3563
3678,Correctivo,NORTE,HG ADOLFO PRIETO,CARRIER,38AKS016 521,4507G50037,SIN NUMERO,UNIDAD CONDENSADORA. 15 TON,,Aire Acondicionado,3564
3679,Preventivo,NORTE,HG ADOLFO PRIETO,CARRIER,39MW06C01095Y11XHS,0508U03674,SIN NUMERO,UNIDAD MANEJADORA DE AIRE,UMA,Aire Acondicionado,3565
3680,Correctivo,NORTE,HG ADOLFO PRIETO,CARRIER,39MW06C01095Y11XHS,0508U03674,SIN NUMERO,UNIDAD MANEJADORA DE AIRE,UMA,Aire Acondicionado,3566
3681,Preventivo,NORTE,HG ADOLFO PRIETO,CARRIER,38AKS016 521,4507G50031,SIN NUMERO,UNIDAD CONDENSADORA. 15 TON,,Aire Acondicionado,3567
3682,Correctivo,NORTE,HG ADOLFO PRIETO,CARRIER,38AKS016 521,4507G50031,SIN NUMERO,UNIDAD CONDENSADORA. 15 TON,,Aire Acondicionado,3568
3683,Preventivo,NORTE,HG ADOLFO PRIETO,CARRIER,39MN21C01095Z11XKS,1808U12034,SIN NUMERO,UNIDAD MANEJADORA DE AIRE,UMA,Aire Acondicionado,3569
3684,Correctivo,NORTE,HG ADOLFO PRIETO,CARRIER,39MN21C01095Z11XKS,1808U12034,SIN NUMERO,UNIDAD MANEJADORA DE AIRE,UMA,Aire Acondicionado,3570
3685,Preventivo,NORTE,HG ADOLFO PRIETO,CARRIER,38AKS028 501,4507Q07961,SIN NUMERO,UNIDAD CONDENSADORA 25 TON,,Aire Acondicionado,3571
3686,Correctivo,NORTE,HG ADOLFO PRIETO,CARRIER,38AKS028 501,4507Q07961,SIN NUMERO,UNIDAD CONDENSADORA 25 TON,,Aire Acondicionado,3572
3687,Preventivo,NORTE,HG ADOLFO PRIETO,CARRIER,39MN17B1058HQ11XXS,180SF13817,SIN NUMERO,UNIDAD MANEJADORA DE AIRE,UMA,Aire Acondicionado,3573
3688,Correctivo,NORTE,HG ADOLFO PRIETO,CARRIER,39MN17B1058HQ11XXS,180SF13817,SIN NUMERO,UNIDAD MANEJADORA DE AIRE,UMA,Aire Acondicionado,3574
3689,Preventivo,NORTE,HG ADOLFO PRIETO,CARRIER,38AKS028-501-,3704F58321,SIN NUMERO,UNIDAD CONDENSADORA 25 TON,,Aire Acondicionado,3575
3690,Correctivo,NORTE,HG ADOLFO PRIETO,CARRIER,38AKS028-501-,3704F58321,SIN NUMERO,UNIDAD CONDENSADORA 25 TON,,Aire Acondicionado,3576
3691,Preventivo,NORTE,HG ADOLFO PRIETO,CARRIER,39MN08B0058HR11XXS,1805F13702,SIN NUMERO,UNIDAD MANEJADORA DE AIRE,UMA,Aire Acondicionado,3577
3692,Correctivo,NORTE,HG ADOLFO PRIETO,CARRIER,39MN08B0058HR11XXS,1805F13702,SIN NUMERO,UNIDAD MANEJADORA DE AIRE,UMA,Aire Acondicionado,3578
3693,Preventivo,NORTE,HG ADOLFO PRIETO,CARRIER,38ARZ012-501-,0305G50033,SIN NUMERO,UNIDAD CONDENSADORA 5.5. TON,,Aire Acondicionado,3579
3694,Correctivo,NORTE,HG ADOLFO PRIETO,CARRIER,38ARZ012-501-,0305G50033,SIN NUMERO,UNIDAD CONDENSADORA 5.5. TON,,Aire Acondicionado,3580
3695,Preventivo,NORTE,HG ADOLFO PRIETO,CARRIER,48PGDC16-B-50-A0,0508G20032,SIN NUMERO,UNIDAD PAQUETE 7.5 TON,PAQUETE,Aire Acondicionado,3581
3696,Correctivo,NORTE,HG ADOLFO PRIETO,CARRIER,48PGDC16-B-50-A0,0508G20032,SIN NUMERO,UNIDAD PAQUETE 7.5 TON,PAQUETE,Aire Acondicionado,3582
3697,Preventivo,NORTE,HG ADOLFO PRIETO,CARRIER,48PGDC20-B-5-SG,0508G30029,SIN NUMERO,UNIDAD PAQUETE 7.5 TON,PAQUETE,Aire Acondicionado,3583
3698,Correctivo,NORTE,HG ADOLFO PRIETO,CARRIER,48PGDC20-B-5-SG,0508G30029,SIN NUMERO,UNIDAD PAQUETE 7.5 TON,PAQUETE,Aire Acondicionado,3584
3699,Preventivo,NORTE,HG ADOLFO PRIETO,CARRIER,48PGDC-14-D-50,0608G10009,SIN NUMERO,UNIDAD PAQUETE 7.5 TON,PAQUETE,Aire Acondicionado,3585
3700,Correctivo,NORTE,HG ADOLFO PRIETO,CARRIER,48PGDC-14-D-50,0608G10009,SIN NUMERO,UNIDAD PAQUETE 7.5 TON,PAQUETE,Aire Acondicionado,3586
3701,Preventivo,NORTE,HG ADOLFO PRIETO,CARRIER,48PGDC09-A-50,0608G10029,SIN NUMERO,UNIDAD PAQUETE,PAQUETE,Aire Acondicionado,3587
3702,Correctivo,NORTE,HG ADOLFO PRIETO,CARRIER,48PGDC09-A-50,0608G10029,SIN NUMERO,UNIDAD PAQUETE,PAQUETE,Aire Acondicionado,3588
3703,Preventivo,NORTE,HG ADOLFO PRIETO,CARRIER,48PGDC04-A-50,0608G50012,SIN NUMERO,UNIDAD PAQUETE,PAQUETE,Aire Acondicionado,3589
3704,Correctivo,NORTE,HG ADOLFO PRIETO,CARRIER,48PGDC04-A-50,0608G50012,SIN NUMERO,UNIDAD PAQUETE,PAQUETE,Aire Acondicionado,3590
3705,Preventivo,NORTE,HG ADOLFO PRIETO,CARRIER,48PGDC-14-D-50,0608G10010,SIN NUMERO,UNIDAD PAQUETE,PAQUETE,Aire Acondicionado,3591
3706,Correctivo,NORTE,HG ADOLFO PRIETO,CARRIER,48PGDC-14-D-50,0608G10010,SIN NUMERO,UNIDAD PAQUETE,PAQUETE,Aire Acondicionado,3592
3707,Preventivo,NORTE,HG ADOLFO PRIETO,CARRIER,48PGDC12-A-50,0608G10024,SIN NUMERO,UNIDAD PAQUETE,PAQUETE,Aire Acondicionado,3593
3708,Correctivo,NORTE,HG ADOLFO PRIETO,CARRIER,48PGDC12-A-50,0608G10024,SIN NUMERO,UNIDAD PAQUETE,PAQUETE,Aire Acondicionado,3594
3709,Preventivo,NORTE,HG ADOLFO PRIETO,YORK,DM090C00A2AAA2A,NHLM089280,SIN NUMERO,UNIDAD PAQUETE,PAQUETE,Aire Acondicionado,3595
3710,Correctivo,NORTE,HG ADOLFO PRIETO,YORK,DM090C00A2AAA2A,NHLM089280,SIN NUMERO,UNIDAD PAQUETE,PAQUETE,Aire Acondicionado,3596
3711,Preventivo,NORTE,HG ADOLFO PRIETO,MIRAGE,SMEC1821F,SMEC1821F803800578,SIN NUMERO,MINISPLIT 1.5 TON,MINISPLIT,Aire Acondicionado,3597
3712,Correctivo,NORTE,HG ADOLFO PRIETO,MIRAGE,SMEC1821F,SMEC1821F803800578,SIN NUMERO,MINISPLIT 1.5 TON,MINISPLIT,Aire Acondicionado,3598
3713,Preventivo,NORTE,HG ADOLFO PRIETO,DUVENTUS,IVR9M241FOO2,IVR9M241FOO24040152,SIN NUMERO,MINISPLIT 2 TON,MINISPLIT,Aire Acondicionado,3599
3714,Correctivo,NORTE,HG ADOLFO PRIETO,DUVENTUS,IVR9M241FOO2,IVR9M241FOO24040152,SIN NUMERO,MINISPLIT 2 TON,MINISPLIT,Aire Acondicionado,3600
3715,Preventivo,NORTE,HG ADOLFO PRIETO,CARRIER,FKXC183C,1507Y54633,SIN NUMERO,MINISPLIT 1.5 TON,MINISPLIT,Aire Acondicionado,3601
3716,Correctivo,NORTE,HG ADOLFO PRIETO,CARRIER,FKXC183C,1507Y54633,SIN NUMERO,MINISPLIT 1.5 TON,MINISPLIT,Aire Acondicionado,3602
3717,Preventivo,NORTE,HG ADOLFO PRIETO,DUVENTUS,IVX9M361FOO1,IVX9M361FOO1040300,SIN NUMERO,MINISPLIT 3 TON,MINISPLIT,Aire Acondicionado,3603
3718,Correctivo,NORTE,HG ADOLFO PRIETO,DUVENTUS,IVX9M361FOO1,IVX9M361FOO1040300,SIN NUMERO,MINISPLIT 3 TON,MINISPLIT,Aire Acondicionado,3604
2543,Preventivo,NORTE,CENTRO COMUNITARIO DE SALUD MENTAL Y ADICCIONES TAXCO DE ALARCÓN,Mirage X2,EXF120F,NO PROPORCIONADO,SE DESCONOCE,UNIDAD PAQUETE 7.5 TON,PAQUETE,Aire Acondicionado,3605
2544,Correctivo,NORTE,CENTRO COMUNITARIO DE SALUD MENTAL Y ADICCIONES TAXCO DE ALARCÓN,Mirage X2,EXF120F,NO PROPORCIONADO,SE DESCONOCE,UNIDAD PAQUETE 7.5 TON,PAQUETE,Aire Acondicionado,3606
2545,Preventivo,NORTE,CENTRO COMUNITARIO DE SALUD MENTAL Y ADICCIONES TAXCO DE ALARCÓN,Mirage X2,EXF120F,703160496,SE DESCONOCE,MINISPLIT 1.5 TON,MINISPLIT,Aire Acondicionado,3607
2546,Correctivo,NORTE,CENTRO COMUNITARIO DE SALUD MENTAL Y ADICCIONES TAXCO DE ALARCÓN,Mirage X2,EXF120F,703160496,SE DESCONOCE,MINISPLIT 1.5 TON,MINISPLIT,Aire Acondicionado,3608
2547,Preventivo,NORTE,CENTRO COMUNITARIO DE SALUD MENTAL Y ADICCIONES TAXCO DE ALARCÓN,Mirage X2,EXF120F,24686258,SE DESCONOCE,MINISPLIT 1.5 TON,MINISPLIT,Aire Acondicionado,3609
2548,Correctivo,NORTE,CENTRO COMUNITARIO DE SALUD MENTAL Y ADICCIONES TAXCO DE ALARCÓN,Mirage X2,EXF120F,24686258,SE DESCONOCE,MINISPLIT 1.5 TON,MINISPLIT,Aire Acondicionado,3610
2549,Preventivo,NORTE,CENTRO COMUNITARIO DE SALUD MENTAL Y ADICCIONES TAXCO DE ALARCÓN,Mirage X2,EXF120F,824695371,SE DESCONOCE,MINISPLIT 1.5 TON,MINISPLIT,Aire Acondicionado,3611
2550,Correctivo,NORTE,CENTRO COMUNITARIO DE SALUD MENTAL Y ADICCIONES TAXCO DE ALARCÓN,Mirage X2,EXF120F,824695371,SE DESCONOCE,MINISPLIT 1.5 TON,MINISPLIT,Aire Acondicionado,3612
957,Preventivo,NORTE,H.B.C. TELOLOAPAN,DUVENTUS,IVR9M120FOO2,IVR9M120F0024080020,sin numero,MINISPLIT 1.5 TON,MINISPLIT,Aire Acondicionado,3613
958,Correctivo,NORTE,H.B.C. TELOLOAPAN,DUVENTUS,IVR9M120FOO2,IVR9M120F0024080020,sin numero,MINISPLIT 1.5 TON,MINISPLIT,Aire Acondicionado,3614
959,Preventivo,NORTE,H.B.C. TELOLOAPAN,MIRAGE,ENC181B,ENC181B150611100809,sin numero,MINISPLIT 1.5 TON,MINISPLIT,Aire Acondicionado,3615
960,Correctivo,NORTE,H.B.C. TELOLOAPAN,MIRAGE,ENC181B,ENC181B150611100809,sin numero,MINISPLIT 1.5 TON,MINISPLIT,Aire Acondicionado,3616
961,Preventivo,NORTE,H.B.C. TELOLOAPAN,DUVENTUS,IVRM9120FOO2,IVR9M120FOO24080922,sin numero,MINISPLIT 1.5 TON,MINISPLIT,Aire Acondicionado,3617
962,Correctivo,NORTE,H.B.C. TELOLOAPAN,DUVENTUS,IVRM9120FOO2,IVR9M120FOO24080922,sin numero,MINISPLIT 1.5 TON,MINISPLIT,Aire Acondicionado,3618
963,Preventivo,NORTE,H.B.C. TELOLOAPAN,CIAC,53FXQ123T2,SIN NUMERO,sin numero,MINISPLIT 1.5 TON,MINISPLIT,Aire Acondicionado,3619
964,Correctivo,NORTE,H.B.C. TELOLOAPAN,CIAC,53FXQ123T2,SIN NUMERO,sin numero,MINISPLIT 1.5 TON,MINISPLIT,Aire Acondicionado,3620
965,Preventivo,NORTE,H.B.C. TELOLOAPAN,MIRAGE,ELF181T,ELF181T7052302980,sin numero,MINISPLIT 1.5 TON,MINISPLIT,Aire Acondicionado,3621
966,Correctivo,NORTE,H.B.C. TELOLOAPAN,MIRAGE,ELF181T,ELF181T7052302980,sin numero,MINISPLIT 1.5 TON,MINISPLIT,Aire Acondicionado,3622
967,Preventivo,NORTE,H.B.C. TELOLOAPAN,MIDEA,MAS12C1ASR,S/N,sin numero,MINISPLIT 1.5 TON,MINISPLIT,Aire Acondicionado,3623
968,Correctivo,NORTE,H.B.C. TELOLOAPAN,MIDEA,MAS12C1ASR,S/N,sin numero,MINISPLIT 1.5 TON,MINISPLIT,Aire Acondicionado,3624
969,Preventivo,NORTE,H.B.C. TELOLOAPAN,MIRAGE,EVF261E,EVF261E9052402550,sin numero,MINISPLIT 1.5 TON,MINISPLIT,Aire Acondicionado,3625
970,Correctivo,NORTE,H.B.C. TELOLOAPAN,MIRAGE,EVF261E,EVF261E9052402550,sin numero,MINISPLIT 1.5 TON,MINISPLIT,Aire Acondicionado,3626
971,Preventivo,NORTE,H.B.C. TELOLOAPAN,MIRAGE,CMF120J,CMF120J7072405676,sin numero,MINISPLIT 1.5 TON,MINISPLIT,Aire Acondicionado,3627
972,Correctivo,NORTE,H.B.C. TELOLOAPAN,MIRAGE,CMF120J,CMF120J7072405676,sin numero,MINISPLIT 1.5 TON,MINISPLIT,Aire Acondicionado,3628
973,Preventivo,NORTE,H.B.C. TELOLOAPAN,MIRAGE,CMF120J,CMF120J7072410209,sin numero,MINISPLIT 1.5 TON,MINISPLIT,Aire Acondicionado,3629
974,Correctivo,NORTE,H.B.C. TELOLOAPAN,MIRAGE,CMF120J,CMF120J7072410209,sin numero,MINISPLIT 1.5 TON,MINISPLIT,Aire Acondicionado,3630
975,Preventivo,NORTE,H.B.C. TELOLOAPAN,MIRAGE,ELF120H,ELF120H4405240349,sin numero,MINISPLIT 1.5 TON,MINISPLIT,Aire Acondicionado,3631
976,Correctivo,NORTE,H.B.C. TELOLOAPAN,MIRAGE,ELF120H,ELF120H4405240349,sin numero,MINISPLIT 1.5 TON,MINISPLIT,Aire Acondicionado,3632
977,Preventivo,NORTE,H.B.C. TELOLOAPAN,CARRIER,40UPC123A-E,S/N,sin numero,MINISPLIT 1.5 TON,MINISPLIT,Aire Acondicionado,3633
978,Correctivo,NORTE,H.B.C. TELOLOAPAN,CARRIER,40UPC123A-E,S/N,sin numero,MINISPLIT 1.5 TON,MINISPLIT,Aire Acondicionado,3634
979,Preventivo,NORTE,H.B.C. TELOLOAPAN,MIRAGE,ELF120H,ELF120H44052403939,sin numero,MINISPLIT 1.5 TON,MINISPLIT,Aire Acondicionado,3635
980,Correctivo,NORTE,H.B.C. TELOLOAPAN,MIRAGE,ELF120H,ELF120H44052403939,sin numero,MINISPLIT 1.5 TON,MINISPLIT,Aire Acondicionado,3636
981,Preventivo,NORTE,H.B.C. TELOLOAPAN,MIRAGE,EBF120B,EBF120B5140303718,sin numero,MINISPLIT 1.5 TON,MINISPLIT,Aire Acondicionado,3637
982,Correctivo,NORTE,H.B.C. TELOLOAPAN,MIRAGE,EBF120B,EBF120B5140303718,sin numero,MINISPLIT 1.5 TON,MINISPLIT,Aire Acondicionado,3638
983,Preventivo,NORTE,H.B.C. TELOLOAPAN,MIRAGE,EBF120B,EBF120B5140501962,sin numero,MINISPLIT 1.5 TON,MINISPLIT,Aire Acondicionado,3639
984,Correctivo,NORTE,H.B.C. TELOLOAPAN,MIRAGE,EBF120B,EBF120B5140501962,sin numero,MINISPLIT 1.5 TON,MINISPLIT,Aire Acondicionado,3640
985,Preventivo,NORTE,H.B.C. TELOLOAPAN,TRANE XL,4TCY4036B3000AA,181412356L,sin numero,MINISPLIT 7.5 TON,MINISPLIT,Aire Acondicionado,3641
986,Correctivo,NORTE,H.B.C. TELOLOAPAN,TRANE XL,4TCY4036B3000AA,181412356L,sin numero,MINISPLIT 7.5 TON,MINISPLIT,Aire Acondicionado,3642
987,Preventivo,NORTE,H.B.C. TELOLOAPAN,TRANE,TSC120HR0A010000000000000000D0000000000,185015461L,sin numero,UNIDAD PAQUETE 10.o TON,PAQUETE,Aire Acondicionado,3643
988,Correctivo,NORTE,H.B.C. TELOLOAPAN,TRANE,TSC120HR0A010000000000000000D0000000000,185015461L,sin numero,UNIDAD PAQUETE 10.o TON,PAQUETE,Aire Acondicionado,3644
989,Preventivo,NORTE,H.B.C. TELOLOAPAN,TRANE XR,4TTR4060L1000BA,193731RG5F,sin numero,UNIDAD PAQUETE 5.5 TON,PAQUETE,Aire Acondicionado,3645
990,Correctivo,NORTE,H.B.C. TELOLOAPAN,TRANE XR,4TTR4060L1000BA,193731RG5F,sin numero,UNIDAD PAQUETE 5.5 TON,PAQUETE,Aire Acondicionado,3646
991,Preventivo,NORTE,H.B.C. TELOLOAPAN,SIN ETIQUETA,TRANE XL14C,4TCY4036B3000AA,7,UMA 10 TON,UMA,Aire Acondicionado,3647
992,Correctivo,NORTE,H.B.C. TELOLOAPAN,SIN ETIQUETA,TRANE XL14C,4TCY4036B3000AA,7,UMA 10 TON,UMA,Aire Acondicionado,3648
4459,Preventivo,NORTE,CESSA TETIPAC,MIRAGE,V32 Y XMAX,NO PROPORCIONADO,12,MINISPLIT 1.5 TON,MINISPLIT,Aire Acondicionado,3649
4460,Correctivo,NORTE,CESSA TETIPAC,MIRAGE,V32 Y XMAX,NO PROPORCIONADO,12,MINISPLIT 1.5 TON,MINISPLIT,Aire Acondicionado,3650
4461,Preventivo,NORTE,CESSA TETIPAC,MIRAGE,V32 Y XMAX,NO PROPORCIONADO,12,MINISPLIT 1.5 TON,MINISPLIT,Aire Acondicionado,3651
4462,Correctivo,NORTE,CESSA TETIPAC,MIRAGE,V32 Y XMAX,NO PROPORCIONADO,12,MINISPLIT 1.5 TON,MINISPLIT,Aire Acondicionado,3652
4463,Preventivo,NORTE,CESSA TETIPAC,MIRAGE,V32 Y XMAX,NO PROPORCIONADO,12,MINISPLIT 1.5 TON,MINISPLIT,Aire Acondicionado,3653
4464,Correctivo,NORTE,CESSA TETIPAC,MIRAGE,V32 Y XMAX,NO PROPORCIONADO,12,MINISPLIT 1.5 TON,MINISPLIT,Aire Acondicionado,3654
4465,Preventivo,NORTE,CESSA TETIPAC,MIRAGE,V32 Y XMAX,NO PROPORCIONADO,12,MINISPLIT 1.5 TON,MINISPLIT,Aire Acondicionado,3655
4466,Correctivo,NORTE,CESSA TETIPAC,MIRAGE,V32 Y XMAX,NO PROPORCIONADO,12,MINISPLIT 1.5 TON,MINISPLIT,Aire Acondicionado,3656
4467,Preventivo,NORTE,CESSA TETIPAC,MIRAGE,V32 Y XMAX,NO PROPORCIONADO,12,MINISPLIT 1.5 TON,MINISPLIT,Aire Acondicionado,3657
4468,Correctivo,NORTE,CESSA TETIPAC,MIRAGE,V32 Y XMAX,NO PROPORCIONADO,12,MINISPLIT 1.5 TON,MINISPLIT,Aire Acondicionado,3658
4399,Preventivo,NORTE,CESSA BUENA VISTA,AUFIT,CCI-R32-12K-2020,A8096D942004W00727/B8088D942004N0012 0,1,MINISPLIT 1.5 TON,MINISPLIT,Aire Acondicionado,3659
4400,Correctivo,NORTE,CESSA BUENA VISTA,AUFIT,CCI-R32-12K-2020,A8096D942004W00727/B8088D942004N0012 0,1,MINISPLIT 1.5 TON,MINISPLIT,Aire Acondicionado,3660
4401,Preventivo,NORTE,CESSA BUENA VISTA,AUFIT,CCI-R32-12K-2020,A8096D942004W00756/B8088D942004N0018 2,2,MINISPLIT 1.5 TON,MINISPLIT,Aire Acondicionado,3661
4402,Correctivo,NORTE,CESSA BUENA VISTA,AUFIT,CCI-R32-12K-2020,A8096D942004W00756/B8088D942004N0018 2,2,MINISPLIT 1.5 TON,MINISPLIT,Aire Acondicionado,3662
4403,Preventivo,NORTE,CESSA BUENA VISTA,AUFIT,CCI-R32-12K-2020,A8096D942004W00757/B8088D942004N0012 03,3,MINISPLIT 1.5 TON,MINISPLIT,Aire Acondicionado,3663
4404,Correctivo,NORTE,CESSA BUENA VISTA,AUFIT,CCI-R32-12K-2020,A8096D942004W00757/B8088D942004N0012 03,3,MINISPLIT 1.5 TON,MINISPLIT,Aire Acondicionado,3664
4405,Preventivo,NORTE,CESSA BUENA VISTA,AUFIT,CCI-R32-12K-2020,A8096D942004W00760/B8088D942004N0010 36,4,MINISPLIT 1.5 TON,MINISPLIT,Aire Acondicionado,3665
4406,Correctivo,NORTE,CESSA BUENA VISTA,AUFIT,CCI-R32-12K-2020,A8096D942004W00760/B8088D942004N0010 36,4,MINISPLIT 1.5 TON,MINISPLIT,Aire Acondicionado,3666
4407,Preventivo,NORTE,CESSA BUENA VISTA,AUFIT,CCI-R32-12K-2020,A8096D942004W00027/B8088D942004N0068 6,5,MINISPLIT 1.5 TON,MINISPLIT,Aire Acondicionado,3667
4408,Correctivo,NORTE,CESSA BUENA VISTA,AUFIT,CCI-R32-12K-2020,A8096D942004W00027/B8088D942004N0068 6,5,MINISPLIT 1.5 TON,MINISPLIT,Aire Acondicionado,3668
4409,Preventivo,NORTE,CESSA BUENA VISTA,AUFIT,CCI-R32-12K-2020,A8096D942004W00051/B8088D942004N0081 7,6,MINISPLIT 1.5 TON,MINISPLIT,Aire Acondicionado,3669
4410,Correctivo,NORTE,CESSA BUENA VISTA,AUFIT,CCI-R32-12K-2020,A8096D942004W00051/B8088D942004N0081 7,6,MINISPLIT 1.5 TON,MINISPLIT,Aire Acondicionado,3670
4411,Preventivo,NORTE,CESSA BUENA VISTA,AUFIT,CHI-R32-24K-220,B8084D882703N00031/A8089D882703W0063 4,7,MINISPLIT 2.0 TON,MINISPLIT,Aire Acondicionado,3671
4412,Correctivo,NORTE,CESSA BUENA VISTA,AUFIT,CHI-R32-24K-220,B8084D882703N00031/A8089D882703W0063 4,7,MINISPLIT 2.0 TON,MINISPLIT,Aire Acondicionado,3672
4413,Preventivo,NORTE,CESSA BUENA VISTA,AUFIT,CHI-R32-24K-220,B8084D882703N00068/A8089D882703W0063 8,8,MINISPLIT 2.0 TON,MINISPLIT,Aire Acondicionado,3673
4414,Correctivo,NORTE,CESSA BUENA VISTA,AUFIT,CHI-R32-24K-220,B8084D882703N00068/A8089D882703W0063 8,8,MINISPLIT 2.0 TON,MINISPLIT,Aire Acondicionado,3674
4415,Preventivo,NORTE,CESSA BUENA VISTA,AUFIT,CHI-R32-24K-220,B8084D942003N00669/A8089D942003W0006 2,9,MINISPLIT 2.0 TON,MINISPLIT,Aire Acondicionado,3675
4416,Correctivo,NORTE,CESSA BUENA VISTA,AUFIT,CHI-R32-24K-220,B8084D942003N00669/A8089D942003W0006 2,9,MINISPLIT 2.0 TON,MINISPLIT,Aire Acondicionado,3676
4417,Preventivo,NORTE,CESSA BUENA VISTA,carrier,40PRC123A-E,SN-0203506340717411170079,10,MINISPLIT 1.5 TON,MINISPLIT,Aire Acondicionado,3677
4418,Correctivo,NORTE,CESSA BUENA VISTA,carrier,40PRC123A-E,SN-0203506340717411170079,10,MINISPLIT 1.5 TON,MINISPLIT,Aire Acondicionado,3678
4419,Preventivo,NORTE,CESSA BUENA VISTA,carrier,40PRC123A-E,SN-0203506340717411170079,11,MINISPLIT 1.5 TON,MINISPLIT,Aire Acondicionado,3679
4420,Correctivo,NORTE,CESSA BUENA VISTA,carrier,40PRC123A-E,SN-0203506340717411170079,11,MINISPLIT 1.5 TON,MINISPLIT,Aire Acondicionado,3680
4421,Preventivo,NORTE,CESSA BUENA VISTA,carrier,40PRC123A-E,SN-0203506340717411170079,12,MINISPLIT 1.5 TON,MINISPLIT,Aire Acondicionado,3681
4422,Correctivo,NORTE,CESSA BUENA VISTA,carrier,40PRC123A-E,SN-0203506340717411170079,12,MINISPLIT 1.5 TON,MINISPLIT,Aire Acondicionado,3682
4423,Preventivo,NORTE,CESSA BUENA VISTA,carrier,40PCR123A-E,SN-0203506340717411170712,13,MINISPLIT 1.5 TON,MINISPLIT,Aire Acondicionado,3683
4424,Correctivo,NORTE,CESSA BUENA VISTA,carrier,40PCR123A-E,SN-0203506340717411170712,13,MINISPLIT 1.5 TON,MINISPLIT,Aire Acondicionado,3684
4425,Preventivo,NORTE,CESSA BUENA VISTA,TRANE,4MCW1512A1000AA,NO VISIBLE,14,Minisplit 1.0 ton,MINISPLIT,Aire Acondicionado,3685
4426,Correctivo,NORTE,CESSA BUENA VISTA,TRANE,4MCW1512A1000AA,NO VISIBLE,14,Minisplit 1.0 ton,MINISPLIT,Aire Acondicionado,3686
4427,Preventivo,NORTE,CESSA BUENA VISTA,CARRIER,40PCR123A-E,SN-0203506340717411170732,15,UNIDAD PAQUETE 5.5 TON,PAQUETE,Aire Acondicionado,3687
4428,Correctivo,NORTE,CESSA BUENA VISTA,CARRIER,40PCR123A-E,SN-0203506340717411170732,15,UNIDAD PAQUETE 5.5 TON,PAQUETE,Aire Acondicionado,3688
4429,Preventivo,NORTE,CESSA BUENA VISTA,DRUMMOND,MVA-120OWNI-V,SN-020350634071741117073257,16,UNIDAD PAQUETE 5.5 TON,PAQUETE,Aire Acondicionado,3689
4430,Correctivo,NORTE,CESSA BUENA VISTA,DRUMMOND,MVA-120OWNI-V,SN-020350634071741117073257,16,UNIDAD PAQUETE 5.5 TON,PAQUETE,Aire Acondicionado,3690
4761,Preventivo,NORTE,R-01 CHIMALACACINGO,CARRIER,4DK-351C3,SA5131AC35,NO CONTAMOS CON BITACORA,MINISPLIT 1.5 TON,MINISPLIT,Aire Acondicionado,3691
4762,Correctivo,NORTE,R-01 CHIMALACACINGO,CARRIER,4DK-351C3,SA5131AC35,NO CONTAMOS CON BITACORA,MINISPLIT 1.5 TON,MINISPLIT,Aire Acondicionado,3692
4763,Preventivo,NORTE,R-01 CHIMALACACINGO,CARRIER,4DK-351C3,SD354DSC3,NO CONTAMOS CON BITACORA,MINISPLIT 1.5 TON,MINISPLIT,Aire Acondicionado,3693
4764,Correctivo,NORTE,R-01 CHIMALACACINGO,CARRIER,4DK-351C3,SD354DSC3,NO CONTAMOS CON BITACORA,MINISPLIT 1.5 TON,MINISPLIT,Aire Acondicionado,3694
4765,Preventivo,NORTE,R-01 CHIMALACACINGO,CARRIER,4DK-351C3,SAD3541DVS,NO CONTAMOS CON BITACORA,MINISPLIT 1.5 TON,MINISPLIT,Aire Acondicionado,3695
4766,Correctivo,NORTE,R-01 CHIMALACACINGO,CARRIER,4DK-351C3,SAD3541DVS,NO CONTAMOS CON BITACORA,MINISPLIT 1.5 TON,MINISPLIT,Aire Acondicionado,3696
4767,Preventivo,NORTE,R-01 CHIMALACACINGO,CARRIER,4DK-351C3,SD354DC351,NO CONTAMOS CON BITACORA,MINISPLIT 1.5 TON,MINISPLIT,Aire Acondicionado,3697
4768,Correctivo,NORTE,R-01 CHIMALACACINGO,CARRIER,4DK-351C3,SD354DC351,NO CONTAMOS CON BITACORA,MINISPLIT 1.5 TON,MINISPLIT,Aire Acondicionado,3698
4769,Preventivo,NORTE,R-01 CHIMALACACINGO,CARRIER,4DK-351C3,Sdc351cssdc,NO CONTAMOS CON BITACORA,MINISPLIT 1.5 TON,MINISPLIT,Aire Acondicionado,3699
4770,Correctivo,NORTE,R-01 CHIMALACACINGO,CARRIER,4DK-351C3,Sdc351cssdc,NO CONTAMOS CON BITACORA,MINISPLIT 1.5 TON,MINISPLIT,Aire Acondicionado,3700
4771,Preventivo,NORTE,R-01 CHIMALACACINGO,CARRIER,4DK-351C3,sdcdbb351vc,NO CONTAMOS CON BITACORA,MINISPLIT 1.5 TON,MINISPLIT,Aire Acondicionado,3701
4772,Correctivo,NORTE,R-01 CHIMALACACINGO,CARRIER,4DK-351C3,sdcdbb351vc,NO CONTAMOS CON BITACORA,MINISPLIT 1.5 TON,MINISPLIT,Aire Acondicionado,3702
4773,Preventivo,NORTE,R-01 CHIMALACACINGO,CARRIER,4DK-351C3,sdvs351svc351,NO CONTAMOS CON BITACORA,MINISPLIT 1.5 TON,MINISPLIT,Aire Acondicionado,3703
4774,Correctivo,NORTE,R-01 CHIMALACACINGO,CARRIER,4DK-351C3,sdvs351svc351,NO CONTAMOS CON BITACORA,MINISPLIT 1.5 TON,MINISPLIT,Aire Acondicionado,3704
4775,Preventivo,NORTE,R-01 CHIMALACACINGO,FREY VEN GREEM,40FVC123A-3,1J422NL400ZL400104,1,MINISPLIT 1 TON,MINISPLIT,Aire Acondicionado,3705
4776,Correctivo,NORTE,R-01 CHIMALACACINGO,FREY VEN GREEM,40FVC123A-3,1J422NL400ZL400104,1,MINISPLIT 1 TON,MINISPLIT,Aire Acondicionado,3706
4777,Preventivo,NORTE,R-01 CHIMALACACINGO,MIRAGE,ELF121T,ELF121T7042318128,1,MINISPLIT 1 TON,MINISPLIT,Aire Acondicionado,3707
4778,Correctivo,NORTE,R-01 CHIMALACACINGO,MIRAGE,ELF121T,ELF121T7042318128,1,MINISPLIT 1 TON,MINISPLIT,Aire Acondicionado,3708
4779,Preventivo,NORTE,R-01 CHIMALACACINGO,MIDEA,MAS24C2FVR,54122000F103C110170215,1,MINISPLIT 1 TON,MINISPLIT,Aire Acondicionado,3709
4780,Correctivo,NORTE,R-01 CHIMALACACINGO,MIDEA,MAS24C2FVR,54122000F103C110170215,1,MINISPLIT 1 TON,MINISPLIT,Aire Acondicionado,3710
4781,Preventivo,NORTE,R-01 CHIMALACACINGO,MIRAGE,ELF121D,ELF121D7112202060,1,MINISPLIT 1 TON,MINISPLIT,Aire Acondicionado,3711
4782,Correctivo,NORTE,R-01 CHIMALACACINGO,MIRAGE,ELF121D,ELF121D7112202060,1,MINISPLIT 1 TON,MINISPLIT,Aire Acondicionado,3712
4783,Preventivo,NORTE,R-01 CHIMALACACINGO,MIRAGE,ELF121D,ELF121D7112202064,1,MINISPLIT 1 TON,MINISPLIT,Aire Acondicionado,3713
4784,Correctivo,NORTE,R-01 CHIMALACACINGO,MIRAGE,ELF121D,ELF121D7112202064,1,MINISPLIT 1 TON,MINISPLIT,Aire Acondicionado,3714
4785,Preventivo,NORTE,R-01 CHIMALACACINGO,MIRAGE,ELF121D,ELF121D7112201937,1,MINISPLIT 1 TON,MINISPLIT,Aire Acondicionado,3715
4786,Correctivo,NORTE,R-01 CHIMALACACINGO,MIRAGE,ELF121D,ELF121D7112201937,1,MINISPLIT 1 TON,MINISPLIT,Aire Acondicionado,3716
4787,Preventivo,NORTE,R-01 CHIMALACACINGO,MIRAGE,ELF120H,ELF120H44062433374,1,MINISPLIT 1 TON,MINISPLIT,Aire Acondicionado,3717
4788,Correctivo,NORTE,R-01 CHIMALACACINGO,MIRAGE,ELF120H,ELF120H44062433374,1,MINISPLIT 1 TON,MINISPLIT,Aire Acondicionado,3718
4789,Preventivo,NORTE,R-01 CHIMALACACINGO,MIRAGE,ELF121T,ELF121T7042317928,1,MINISPLIT 1 TON,MINISPLIT,Aire Acondicionado,3719
4790,Correctivo,NORTE,R-01 CHIMALACACINGO,MIRAGE,ELF121T,ELF121T7042317928,1,MINISPLIT 1 TON,MINISPLIT,Aire Acondicionado,3720
4791,Preventivo,NORTE,R-01 CHIMALACACINGO,MIRAGE,ELF121H,ELF121H440524066294,1,MINISPLIT 1 TON,MINISPLIT,Aire Acondicionado,3721
4792,Correctivo,NORTE,R-01 CHIMALACACINGO,MIRAGE,ELF121H,ELF121H440524066294,1,MINISPLIT 1 TON,MINISPLIT,Aire Acondicionado,3722
4793,Preventivo,NORTE,R-01 CHIMALACACINGO,FREY VEN GREEM,40FVC123A-E,638574NGF}{ÑR,1,MINISPLIT 1 TON,MINISPLIT,Aire Acondicionado,3723
4794,Correctivo,NORTE,R-01 CHIMALACACINGO,FREY VEN GREEM,40FVC123A-E,638574NGF}{ÑR,1,MINISPLIT 1 TON,MINISPLIT,Aire Acondicionado,3724
4795,Preventivo,NORTE,R-01 CHIMALACACINGO,MIRAGE,ELF120H,ELF120H44062433367,1,MINISPLIT 1 TON,MINISPLIT,Aire Acondicionado,3725
4796,Correctivo,NORTE,R-01 CHIMALACACINGO,MIRAGE,ELF120H,ELF120H44062433367,1,MINISPLIT 1 TON,MINISPLIT,Aire Acondicionado,3726
4797,Preventivo,NORTE,R-01 CHIMALACACINGO,MIDEA,MAS24C2FVR,54122000A2024160170297,1,MINISPLIT 1 TON,MINISPLIT,Aire Acondicionado,3727
4798,Correctivo,NORTE,R-01 CHIMALACACINGO,MIDEA,MAS24C2FVR,54122000A2024160170297,1,MINISPLIT 1 TON,MINISPLIT,Aire Acondicionado,3728
4799,Preventivo,NORTE,R-01 CHIMALACACINGO,MIRAGE,ELF121T,ELF121T7042319365,1,MINISPLIT 1 TON,MINISPLIT,Aire Acondicionado,3729
4800,Correctivo,NORTE,R-01 CHIMALACACINGO,MIRAGE,ELF121T,ELF121T7042319365,1,MINISPLIT 1 TON,MINISPLIT,Aire Acondicionado,3730
4801,Preventivo,NORTE,R-01 CHIMALACACINGO,MIRAGE,ELF121H,ELF121H44052409557,1,MINISPLIT 1 TON,MINISPLIT,Aire Acondicionado,3731
4802,Correctivo,NORTE,R-01 CHIMALACACINGO,MIRAGE,ELF121H,ELF121H44052409557,1,MINISPLIT 1 TON,MINISPLIT,Aire Acondicionado,3732
4803,Preventivo,NORTE,R-01 CHIMALACACINGO,MIRAGE,ELF120H,ELF121H44062433251,1,MINISPLIT 1 TON,MINISPLIT,Aire Acondicionado,3733
4804,Correctivo,NORTE,R-01 CHIMALACACINGO,MIRAGE,ELF120H,ELF121H44062433251,1,MINISPLIT 1 TON,MINISPLIT,Aire Acondicionado,3734
4805,Preventivo,NORTE,R-01 CHIMALACACINGO,FREY VEN GREEM,40FVC123A-E,DGFSS564,1,MINISPLIT 1 TON,MINISPLIT,Aire Acondicionado,3735
4806,Correctivo,NORTE,R-01 CHIMALACACINGO,FREY VEN GREEM,40FVC123A-E,DGFSS564,1,MINISPLIT 1 TON,MINISPLIT,Aire Acondicionado,3736
4807,Preventivo,NORTE,R-01 CHIMALACACINGO,MIRAGE,ELF120H,ELF120H44042403565,1,MINISPLIT 1 TON,MINISPLIT,Aire Acondicionado,3737
4808,Correctivo,NORTE,R-01 CHIMALACACINGO,MIRAGE,ELF120H,ELF120H44042403565,1,MINISPLIT 1 TON,MINISPLIT,Aire Acondicionado,3738
4809,Preventivo,NORTE,R-01 CHIMALACACINGO,BORRADA,NC180C00D6AAA2,N1C8602961,1,MINISPLIT 1 TON,MINISPLIT,Aire Acondicionado,3739
4810,Correctivo,NORTE,R-01 CHIMALACACINGO,BORRADA,NC180C00D6AAA2,N1C8602961,1,MINISPLIT 1 TON,MINISPLIT,Aire Acondicionado,3740
4811,Preventivo,NORTE,R-01 CHIMALACACINGO,MABE,MCL2040PSBB0,RSG634WRE4,1,MINISPLIT 1 TON,MINISPLIT,Aire Acondicionado,3741
4812,Correctivo,NORTE,R-01 CHIMALACACINGO,MABE,MCL2040PSBB0,RSG634WRE4,1,MINISPLIT 1 TON,MINISPLIT,Aire Acondicionado,3742
4813,Preventivo,NORTE,R-01 CHIMALACACINGO,SAMSUNG,RT29K500JS8,54RG46WEF6,1,MINISPLIT 1 TON,MINISPLIT,Aire Acondicionado,3743
4814,Correctivo,NORTE,R-01 CHIMALACACINGO,SAMSUNG,RT29K500JS8,54RG46WEF6,1,MINISPLIT 1 TON,MINISPLIT,Aire Acondicionado,3744
4815,Preventivo,NORTE,R-01 CHIMALACACINGO,SYP,5CM14000000000,654SEWD4,1,MINISPLIT 1 TON,MINISPLIT,Aire Acondicionado,3745
4816,Correctivo,NORTE,R-01 CHIMALACACINGO,SYP,5CM14000000000,654SEWD4,1,MINISPLIT 1 TON,MINISPLIT,Aire Acondicionado,3746
4817,Preventivo,NORTE,R-01 CHIMALACACINGO,ALTAMIRA,TASA2 31230H-S,EO563HJTF,1,MINISPLIT 1 TON,MINISPLIT,Aire Acondicionado,3747
4818,Correctivo,NORTE,R-01 CHIMALACACINGO,ALTAMIRA,TASA2 31230H-S,EO563HJTF,1,MINISPLIT 1 TON,MINISPLIT,Aire Acondicionado,3748
4819,Preventivo,NORTE,R-01 CHIMALACACINGO,LEROY- SONER,TALO44CJ6\4,35517577,1,MINISPLIT 1 TON,MINISPLIT,Aire Acondicionado,3749
4820,Correctivo,NORTE,R-01 CHIMALACACINGO,LEROY- SONER,TALO44CJ6\4,35517577,1,MINISPLIT 1 TON,MINISPLIT,Aire Acondicionado,3750
4821,Preventivo,NORTE,R-01 CHIMALACACINGO,BORRADA,SN,NO VISIBLE,1,MINISPLIT 1 TON,MINISPLIT,Aire Acondicionado,3751
4822,Correctivo,NORTE,R-01 CHIMALACACINGO,BORRADA,SN,NO VISIBLE,1,MINISPLIT 1 TON,MINISPLIT,Aire Acondicionado,3752
3719,Preventivo,NORTE,HOSPITAL GENERAL DE HUITZUCO,Intensity,IPCH300KF-5,1023PO1A042022,1,MINISPLIT 1.5 TON,MINISPLIT,Aire Acondicionado,3753
3720,Correctivo,NORTE,HOSPITAL GENERAL DE HUITZUCO,Intensity,IPCH300KF-5,1023PO1A042022,1,MINISPLIT 1.5 TON,MINISPLIT,Aire Acondicionado,3754
3721,Preventivo,NORTE,HOSPITAL GENERAL DE HUITZUCO,Intensity,IDCS240KF-3,3422PO1A0197831023PO120KF-5,2,MINISPLIT 1.5 TON,MINISPLIT,Aire Acondicionado,3755
3722,Correctivo,NORTE,HOSPITAL GENERAL DE HUITZUCO,Intensity,IDCS240KF-3,3422PO1A0197831023PO120KF-5,2,MINISPLIT 1.5 TON,MINISPLIT,Aire Acondicionado,3756
3723,Preventivo,NORTE,HOSPITAL GENERAL DE HUITZUCO,Intensity,IDCESO90KF-3,0123PO1A0220410123PO1A022077,3,MINISPLIT 1.5 TON,MINISPLIT,Aire Acondicionado,3757
3724,Correctivo,NORTE,HOSPITAL GENERAL DE HUITZUCO,Intensity,IDCESO90KF-3,0123PO1A0220410123PO1A022077,3,MINISPLIT 1.5 TON,MINISPLIT,Aire Acondicionado,3758
3725,Preventivo,NORTE,HOSPITAL GENERAL DE HUITZUCO,MIDEA,541H295,541J208830135250100001,4,UMA 20 TON,UMA,Aire Acondicionado,3759
3726,Correctivo,NORTE,HOSPITAL GENERAL DE HUITZUCO,MIDEA,541H295,541J208830135250100001,4,UMA 20 TON,UMA,Aire Acondicionado,3760
3727,Preventivo,NORTE,HOSPITAL GENERAL DE HUITZUCO,MIDEA,541H295,541H2951601341801,5,UMA 20 TON,UMA,Aire Acondicionado,3761
3728,Correctivo,NORTE,HOSPITAL GENERAL DE HUITZUCO,MIDEA,541H295,541H2951601341801,5,UMA 20 TON,UMA,Aire Acondicionado,3762
3729,Preventivo,NORTE,HOSPITAL GENERAL DE HUITZUCO,MIRAGE MAX,CJF261T,CJF261T7011901632,6,MINISPLIT 2.5 TON,MINISPLIT,Aire Acondicionado,3763
3730,Correctivo,NORTE,HOSPITAL GENERAL DE HUITZUCO,MIRAGE MAX,CJF261T,CJF261T7011901632,6,MINISPLIT 2.5 TON,MINISPLIT,Aire Acondicionado,3764
3731,Preventivo,NORTE,HOSPITAL GENERAL DE HUITZUCO,MIRAGE MAX,CLF181E,CLF181E70222970,7,MINISPLIT 2.5 TON,MINISPLIT,Aire Acondicionado,3765
3732,Correctivo,NORTE,HOSPITAL GENERAL DE HUITZUCO,MIRAGE MAX,CLF181E,CLF181E70222970,7,MINISPLIT 2.5 TON,MINISPLIT,Aire Acondicionado,3766
3733,Preventivo,NORTE,HOSPITAL GENERAL DE HUITZUCO,MIDEA,MRCT-200CWN1-DC),S/SERIE,8,UNIDAD PAQUETE 5.5 TON,PAQUETE,Aire Acondicionado,3767
3734,Correctivo,NORTE,HOSPITAL GENERAL DE HUITZUCO,MIDEA,MRCT-200CWN1-DC),S/SERIE,8,UNIDAD PAQUETE 5.5 TON,PAQUETE,Aire Acondicionado,3768
3735,Preventivo,NORTE,HOSPITAL GENERAL DE HUITZUCO,CARRIER,38PRC183A-C,S/SERIE,9,UNIDAD PAQUETE 5.5 TON,PAQUETE,Aire Acondicionado,3769
3736,Correctivo,NORTE,HOSPITAL GENERAL DE HUITZUCO,CARRIER,38PRC183A-C,S/SERIE,9,UNIDAD PAQUETE 5.5 TON,PAQUETE,Aire Acondicionado,3770
3737,Preventivo,NORTE,HOSPITAL GENERAL DE HUITZUCO,CARRIER,38PRC183A-C,S/SERIE,10,UNIDAD PAQUETE 5.5 TON,PAQUETE,Aire Acondicionado,3771
3738,Correctivo,NORTE,HOSPITAL GENERAL DE HUITZUCO,CARRIER,38PRC183A-C,S/SERIE,10,UNIDAD PAQUETE 5.5 TON,PAQUETE,Aire Acondicionado,3772
3739,Preventivo,NORTE,HOSPITAL GENERAL DE HUITZUCO,KUL,KU-DACO12MX,S/SERIE,11,MINISPLIT 1.5 TON,MINISPLIT,Aire Acondicionado,3773
3740,Correctivo,NORTE,HOSPITAL GENERAL DE HUITZUCO,KUL,KU-DACO12MX,S/SERIE,11,MINISPLIT 1.5 TON,MINISPLIT,Aire Acondicionado,3774
3741,Preventivo,NORTE,HOSPITAL GENERAL DE HUITZUCO,KUL,KU-DACO12MX,S/SERIE,12,MINISPLIT 1.5 TON,MINISPLIT,Aire Acondicionado,3775
3742,Correctivo,NORTE,HOSPITAL GENERAL DE HUITZUCO,KUL,KU-DACO12MX,S/SERIE,12,MINISPLIT 1.5 TON,MINISPLIT,Aire Acondicionado,3776
3743,Preventivo,NORTE,HOSPITAL GENERAL DE HUITZUCO,CARRIER,38UPC183A,S/SERIE,13,UNIDAD PAQUETE 5.5 TON,PAQUETE,Aire Acondicionado,3777
3744,Correctivo,NORTE,HOSPITAL GENERAL DE HUITZUCO,CARRIER,38UPC183A,S/SERIE,13,UNIDAD PAQUETE 5.5 TON,PAQUETE,Aire Acondicionado,3778
3745,Preventivo,NORTE,HOSPITAL GENERAL DE HUITZUCO,KUL,KU-DACO12MX,S/SERIE,14,MINISPLIT 1.5 TON,MINISPLIT,Aire Acondicionado,3779
3746,Correctivo,NORTE,HOSPITAL GENERAL DE HUITZUCO,KUL,KU-DACO12MX,S/SERIE,14,MINISPLIT 1.5 TON,MINISPLIT,Aire Acondicionado,3780
3747,Preventivo,NORTE,HOSPITAL GENERAL DE HUITZUCO,KUL,KU-DACO12MX,S/SERIE,15,MINISPLIT 1.5 TON,MINISPLIT,Aire Acondicionado,3781
3748,Correctivo,NORTE,HOSPITAL GENERAL DE HUITZUCO,KUL,KU-DACO12MX,S/SERIE,15,MINISPLIT 1.5 TON,MINISPLIT,Aire Acondicionado,3782
3749,Preventivo,NORTE,HOSPITAL GENERAL DE HUITZUCO,CARRIER,38UPC183A,53UPC183,16,UNIDAD PAQUETE 5.5 TON,PAQUETE,Aire Acondicionado,3783
3750,Correctivo,NORTE,HOSPITAL GENERAL DE HUITZUCO,CARRIER,38UPC183A,53UPC183,16,UNIDAD PAQUETE 5.5 TON,PAQUETE,Aire Acondicionado,3784
3751,Preventivo,NORTE,HOSPITAL GENERAL DE HUITZUCO,CARRIER,38PRC123A-C,S/SERIE,17,MINISPLIT 1.5 TON,MINISPLIT,Aire Acondicionado,3785
3752,Correctivo,NORTE,HOSPITAL GENERAL DE HUITZUCO,CARRIER,38PRC123A-C,S/SERIE,17,MINISPLIT 1.5 TON,MINISPLIT,Aire Acondicionado,3786
3753,Preventivo,NORTE,HOSPITAL GENERAL DE HUITZUCO,KUL,KU-DACO12MX,S/SERIE,18,MINISPLIT 1.5 TON,MINISPLIT,Aire Acondicionado,3787
3754,Correctivo,NORTE,HOSPITAL GENERAL DE HUITZUCO,KUL,KU-DACO12MX,S/SERIE,18,MINISPLIT 1.5 TON,MINISPLIT,Aire Acondicionado,3788
3755,Preventivo,NORTE,HOSPITAL GENERAL DE HUITZUCO,KUL,KU-DACO12MX,S/SERIE,19,MINISPLIT 1.5 TON,MINISPLIT,Aire Acondicionado,3789
3756,Correctivo,NORTE,HOSPITAL GENERAL DE HUITZUCO,KUL,KU-DACO12MX,S/SERIE,19,MINISPLIT 1.5 TON,MINISPLIT,Aire Acondicionado,3790
3757,Preventivo,NORTE,HOSPITAL GENERAL DE HUITZUCO,CARRIER,38PRC123A-C,S/SERIE,20,MINISPLIT 1.5 TON,MINISPLIT,Aire Acondicionado,3791
3758,Correctivo,NORTE,HOSPITAL GENERAL DE HUITZUCO,CARRIER,38PRC123A-C,S/SERIE,20,MINISPLIT 1.5 TON,MINISPLIT,Aire Acondicionado,3792
3759,Preventivo,NORTE,HOSPITAL GENERAL DE HUITZUCO,CARRIER,38PRC123A-C,S/SERIE,21,MINISPLIT 2.0 TON,MINISPLIT,Aire Acondicionado,3793
3760,Correctivo,NORTE,HOSPITAL GENERAL DE HUITZUCO,CARRIER,38PRC123A-C,S/SERIE,21,MINISPLIT 2.0 TON,MINISPLIT,Aire Acondicionado,3794
3761,Preventivo,NORTE,HOSPITAL GENERAL DE HUITZUCO,CIAC,38FXC123AC,32C4070006090,22,MINISPLIT 1.5 TON,MINISPLIT,Aire Acondicionado,3795
3762,Correctivo,NORTE,HOSPITAL GENERAL DE HUITZUCO,CIAC,38FXC123AC,32C4070006090,22,MINISPLIT 1.5 TON,MINISPLIT,Aire Acondicionado,3796
3763,Preventivo,NORTE,HOSPITAL GENERAL DE HUITZUCO,CIAC,38FXC123AC,32C4070006026,23,MINISPLIT 1.5 TON,MINISPLIT,Aire Acondicionado,3797
3764,Correctivo,NORTE,HOSPITAL GENERAL DE HUITZUCO,CIAC,38FXC123AC,32C4070006026,23,MINISPLIT 1.5 TON,MINISPLIT,Aire Acondicionado,3798
3765,Preventivo,NORTE,HOSPITAL GENERAL DE HUITZUCO,CIAC,38FXC123AC,32C4070006031,24,MINISPLIT 1.5 TON,MINISPLIT,Aire Acondicionado,3799
3766,Correctivo,NORTE,HOSPITAL GENERAL DE HUITZUCO,CIAC,38FXC123AC,32C4070006031,24,MINISPLIT 1.5 TON,MINISPLIT,Aire Acondicionado,3800
3767,Preventivo,NORTE,HOSPITAL GENERAL DE HUITZUCO,CIAC,38FXC123AC,32C4070006140,25,MINISPLIT 1.5 TON,MINISPLIT,Aire Acondicionado,3801
3768,Correctivo,NORTE,HOSPITAL GENERAL DE HUITZUCO,CIAC,38FXC123AC,32C4070006140,25,MINISPLIT 1.5 TON,MINISPLIT,Aire Acondicionado,3802
3769,Preventivo,NORTE,HOSPITAL GENERAL DE HUITZUCO,Mabe,MMTIZCABWCAM2,S/SERIE,26,MINISPLIT 1.5 TON,MINISPLIT,Aire Acondicionado,3803
3770,Correctivo,NORTE,HOSPITAL GENERAL DE HUITZUCO,Mabe,MMTIZCABWCAM2,S/SERIE,26,MINISPLIT 1.5 TON,MINISPLIT,Aire Acondicionado,3804
3771,Preventivo,NORTE,HOSPITAL GENERAL DE HUITZUCO,EFFICIENT,VAWC18-DN3C1,S/SERIE,27,MINISPLIT 1.5 TON,MINISPLIT,Aire Acondicionado,3805
3772,Correctivo,NORTE,HOSPITAL GENERAL DE HUITZUCO,EFFICIENT,VAWC18-DN3C1,S/SERIE,27,MINISPLIT 1.5 TON,MINISPLIT,Aire Acondicionado,3806
3773,Preventivo,NORTE,HOSPITAL GENERAL DE HUITZUCO,MIRAGE,CFB120B,CFB120B51405,28,MINISPLIT 1.5 TON,MINISPLIT,Aire Acondicionado,3807
3774,Correctivo,NORTE,HOSPITAL GENERAL DE HUITZUCO,MIRAGE,CFB120B,CFB120B51405,28,MINISPLIT 1.5 TON,MINISPLIT,Aire Acondicionado,3808
3775,Preventivo,NORTE,HOSPITAL GENERAL DE HUITZUCO,CARRIER,38PRC123A-C,S/SERIE,29,UNIDAD PAQUETE 7.5 TON,PAQUETE,Aire Acondicionado,3809
3776,Correctivo,NORTE,HOSPITAL GENERAL DE HUITZUCO,CARRIER,38PRC123A-C,S/SERIE,29,UNIDAD PAQUETE 7.5 TON,PAQUETE,Aire Acondicionado,3810
3777,Preventivo,NORTE,HOSPITAL GENERAL DE HUITZUCO,KUL,KU-DACO12MX,S/SERIE,30,MINISPLIT 1.5 TON,MINISPLIT,Aire Acondicionado,3811
3778,Correctivo,NORTE,HOSPITAL GENERAL DE HUITZUCO,KUL,KU-DACO12MX,S/SERIE,30,MINISPLIT 1.5 TON,MINISPLIT,Aire Acondicionado,3812
3779,Preventivo,NORTE,HOSPITAL GENERAL DE HUITZUCO,CARRIER,38PRC123A-C,S/SERIE,31,MINISPLIT 2.0 TON,MINISPLIT,Aire Acondicionado,3813
3780,Correctivo,NORTE,HOSPITAL GENERAL DE HUITZUCO,CARRIER,38PRC123A-C,S/SERIE,31,MINISPLIT 2.0 TON,MINISPLIT,Aire Acondicionado,3814
3781,Preventivo,NORTE,HOSPITAL GENERAL DE HUITZUCO,LG,S/M,S/SERIE,32,MINISPLIT 2.0 TON,MINISPLIT,Aire Acondicionado,3815
3782,Correctivo,NORTE,HOSPITAL GENERAL DE HUITZUCO,LG,S/M,S/SERIE,32,MINISPLIT 2.0 TON,MINISPLIT,Aire Acondicionado,3816
3783,Preventivo,NORTE,HOSPITAL GENERAL DE HUITZUCO,MIRAGE,CLF18IE,S/SERIE,33,MINISPLIT 1.5 TON,MINISPLIT,Aire Acondicionado,3817
3784,Correctivo,NORTE,HOSPITAL GENERAL DE HUITZUCO,MIRAGE,CLF18IE,S/SERIE,33,MINISPLIT 1.5 TON,MINISPLIT,Aire Acondicionado,3818
3785,Preventivo,NORTE,HOSPITAL GENERAL DE HUITZUCO,MIRAGE MAX,CJF261T,S/SERIE,34,MINISPLIT 2.5 TON,MINISPLIT,Aire Acondicionado,3819
3786,Correctivo,NORTE,HOSPITAL GENERAL DE HUITZUCO,MIRAGE MAX,CJF261T,S/SERIE,34,MINISPLIT 2.5 TON,MINISPLIT,Aire Acondicionado,3820
3787,Preventivo,NORTE,HOSPITAL GENERAL DE HUITZUCO,MIRAGE,CLF120T,S/SERIE,35,MINISPLIT 1.5 TON,MINISPLIT,Aire Acondicionado,3821
3788,Correctivo,NORTE,HOSPITAL GENERAL DE HUITZUCO,MIRAGE,CLF120T,S/SERIE,35,MINISPLIT 1.5 TON,MINISPLIT,Aire Acondicionado,3822
3789,Preventivo,NORTE,HOSPITAL GENERAL DE HUITZUCO,EFFICIENT,VAWC18-DN3C1,WC180N0010421,36,MINISPLIT 1.5 TON,MINISPLIT,Aire Acondicionado,3823
3790,Correctivo,NORTE,HOSPITAL GENERAL DE HUITZUCO,EFFICIENT,VAWC18-DN3C1,WC180N0010421,36,MINISPLIT 1.5 TON,MINISPLIT,Aire Acondicionado,3824
3791,Preventivo,NORTE,HOSPITAL GENERAL DE HUITZUCO,Mabe,MMTIZCABWCAM2,011511821D,37,MINISPLIT 1.5 TON,MINISPLIT,Aire Acondicionado,3825
3792,Correctivo,NORTE,HOSPITAL GENERAL DE HUITZUCO,Mabe,MMTIZCABWCAM2,011511821D,37,MINISPLIT 1.5 TON,MINISPLIT,Aire Acondicionado,3826
3793,Preventivo,NORTE,HOSPITAL GENERAL DE HUITZUCO,KUL,KU-DACO12MX,S/SERIE,38,MINISPLIT 1.5 TON,MINISPLIT,Aire Acondicionado,3827
3794,Correctivo,NORTE,HOSPITAL GENERAL DE HUITZUCO,KUL,KU-DACO12MX,S/SERIE,38,MINISPLIT 1.5 TON,MINISPLIT,Aire Acondicionado,3828
3795,Preventivo,NORTE,HOSPITAL GENERAL DE HUITZUCO,MIRAGE PLUS,CPF181X,CPF18X7072100154,39,MINISPLIT 1.5 TON,MINISPLIT,Aire Acondicionado,3829
3796,Correctivo,NORTE,HOSPITAL GENERAL DE HUITZUCO,MIRAGE PLUS,CPF181X,CPF18X7072100154,39,MINISPLIT 1.5 TON,MINISPLIT,Aire Acondicionado,3830
3797,Preventivo,NORTE,HOSPITAL GENERAL DE HUITZUCO,MIRAGE PLUS,CPF181X,CPF18X7072100067,40,MINISPLIT 1.5 TON,MINISPLIT,Aire Acondicionado,3831
3798,Correctivo,NORTE,HOSPITAL GENERAL DE HUITZUCO,MIRAGE PLUS,CPF181X,CPF18X7072100067,40,MINISPLIT 1.5 TON,MINISPLIT,Aire Acondicionado,3832
3799,Preventivo,NORTE,HOSPITAL GENERAL DE HUITZUCO,MIRAGE,CLF121D,340D928120219100121326,41,MINISPLIT 1.5 TON,MINISPLIT,Aire Acondicionado,3833
3800,Correctivo,NORTE,HOSPITAL GENERAL DE HUITZUCO,MIRAGE,CLF121D,340D928120219100121326,41,MINISPLIT 1.5 TON,MINISPLIT,Aire Acondicionado,3834
3801,Preventivo,NORTE,HOSPITAL GENERAL DE HUITZUCO,MIRAGE,CLF18IE,CLF181E7022200970,42,MINISPLIT 1.5 TON,MINISPLIT,Aire Acondicionado,3835
3802,Correctivo,NORTE,HOSPITAL GENERAL DE HUITZUCO,MIRAGE,CLF18IE,CLF181E7022200970,42,MINISPLIT 1.5 TON,MINISPLIT,Aire Acondicionado,3836
3803,Preventivo,NORTE,HOSPITAL GENERAL DE HUITZUCO,CARRIER,38PRC243A-C,S/SERIE,43,MINISPLIT 2.0 TON,MINISPLIT,Aire Acondicionado,3837
3804,Correctivo,NORTE,HOSPITAL GENERAL DE HUITZUCO,CARRIER,38PRC243A-C,S/SERIE,43,MINISPLIT 2.0 TON,MINISPLIT,Aire Acondicionado,3838
3805,Preventivo,NORTE,HOSPITAL GENERAL DE HUITZUCO,CARRIER,38PRC243A-C,S/SERIE,44,MINISPLIT 1.5 TON,MINISPLIT,Aire Acondicionado,3839
3806,Correctivo,NORTE,HOSPITAL GENERAL DE HUITZUCO,CARRIER,38PRC243A-C,S/SERIE,44,MINISPLIT 1.5 TON,MINISPLIT,Aire Acondicionado,3840
3807,Preventivo,NORTE,HOSPITAL GENERAL DE HUITZUCO,CARRIER,38PRC243A-C,S/SERIE,45,MINISPLIT 1.5 TON,MINISPLIT,Aire Acondicionado,3841
3808,Correctivo,NORTE,HOSPITAL GENERAL DE HUITZUCO,CARRIER,38PRC243A-C,S/SERIE,45,MINISPLIT 1.5 TON,MINISPLIT,Aire Acondicionado,3842
3809,Preventivo,NORTE,HOSPITAL GENERAL DE HUITZUCO,KUL,KU-DACO12MX,S/SERIE,46,MINISPLIT 1.5 TON,MINISPLIT,Aire Acondicionado,3843
3810,Correctivo,NORTE,HOSPITAL GENERAL DE HUITZUCO,KUL,KU-DACO12MX,S/SERIE,46,MINISPLIT 1.5 TON,MINISPLIT,Aire Acondicionado,3844
3811,Preventivo,NORTE,HOSPITAL GENERAL DE HUITZUCO,CARRIER,38PAC183A-C,S/SERIE,47,MINISPLIT 1.5 TON,MINISPLIT,Aire Acondicionado,3845
3812,Correctivo,NORTE,HOSPITAL GENERAL DE HUITZUCO,CARRIER,38PAC183A-C,S/SERIE,47,MINISPLIT 1.5 TON,MINISPLIT,Aire Acondicionado,3846
3813,Preventivo,NORTE,HOSPITAL GENERAL DE HUITZUCO,MIRAGE,CLF121F,S/SERIE,48,MINISPLIT 1.5 TON,MINISPLIT,Aire Acondicionado,3847
3814,Correctivo,NORTE,HOSPITAL GENERAL DE HUITZUCO,MIRAGE,CLF121F,S/SERIE,48,MINISPLIT 1.5 TON,MINISPLIT,Aire Acondicionado,3848
3815,Preventivo,NORTE,HOSPITAL GENERAL DE HUITZUCO,FAT,S/M,S/SERIE,49,MINISPLIT 1.5 TON,MINISPLIT,Aire Acondicionado,3849
3816,Correctivo,NORTE,HOSPITAL GENERAL DE HUITZUCO,FAT,S/M,S/SERIE,49,MINISPLIT 1.5 TON,MINISPLIT,Aire Acondicionado,3850
3817,Preventivo,NORTE,HOSPITAL GENERAL DE HUITZUCO,LG,W051CM,505TAACFM440,50,MINISPLIT 2.0 TON,MINISPLIT,Aire Acondicionado,3851
3818,Correctivo,NORTE,HOSPITAL GENERAL DE HUITZUCO,LG,W051CM,505TAACFM440,50,MINISPLIT 2.0 TON,MINISPLIT,Aire Acondicionado,3852
1000,Correctivo,NORTE,HOSPITAL BÁSICO COMUNITARIO XALITLA,TRANE,4MCW1512A1000AA,X2021TO122IC0103,CONSULTORIO 1124,Minisplit 1.0 ton,MINISPLIT,Aire Acondicionado,3853
1001,Preventivo,NORTE,HOSPITAL BÁSICO COMUNITARIO XALITLA,TRANE,4MCW1512A1000AA,X2027TO1221C0037,CONSULTORIO 2134,Minisplit 1.0 ton,MINISPLIT,Aire Acondicionado,3854
1002,Correctivo,NORTE,HOSPITAL BÁSICO COMUNITARIO XALITLA,TRANE,4MCW1512A1000AA,X2027TO1221C0037,CONSULTORIO 2134,Minisplit 1.0 ton,MINISPLIT,Aire Acondicionado,3855
1003,Preventivo,NORTE,HOSPITAL BÁSICO COMUNITARIO XALITLA,COMFORT STAR,CSC1012CD-B,S/SERIE,CONSULTORIO 3145,Minisplit 1.0 ton,MINISPLIT,Aire Acondicionado,3856
1004,Correctivo,NORTE,HOSPITAL BÁSICO COMUNITARIO XALITLA,COMFORT STAR,CSC1012CD-B,S/SERIE,CONSULTORIO 3145,Minisplit 1.0 ton,MINISPLIT,Aire Acondicionado,3857
1005,Preventivo,NORTE,HOSPITAL BÁSICO COMUNITARIO XALITLA,FREYVEN GREEN,FREYVEN,53F/C123B,GINECOLOGÍA153,Minisplit 1.0 ton,MINISPLIT,Aire Acondicionado,3858
1006,Correctivo,NORTE,HOSPITAL BÁSICO COMUNITARIO XALITLA,FREYVEN GREEN,FREYVEN,53F/C123B,GINECOLOGÍA153,Minisplit 1.0 ton,MINISPLIT,Aire Acondicionado,3859
1007,Preventivo,NORTE,HOSPITAL BÁSICO COMUNITARIO XALITLA,FREYVEN GREEN,FREYVEN,53FVC183A,ÁREA DE ENFERMERÍA EN CONSULTORIOS161,Minisplit 2.0 ton,MINISPLIT,Aire Acondicionado,3860
1008,Correctivo,NORTE,HOSPITAL BÁSICO COMUNITARIO XALITLA,FREYVEN GREEN,FREYVEN,53FVC183A,ÁREA DE ENFERMERÍA EN CONSULTORIOS161,Minisplit 2.0 ton,MINISPLIT,Aire Acondicionado,3861
1009,Preventivo,NORTE,HOSPITAL BÁSICO COMUNITARIO XALITLA,TRANE,4MCW1512A1000AA,190877T87312XCP0003,HOSPITALIZACIÓN216,Minisplit 1.0 ton,MINISPLIT,Aire Acondicionado,3862
1010,Correctivo,NORTE,HOSPITAL BÁSICO COMUNITARIO XALITLA,TRANE,4MCW1512A1000AA,190877T87312XCP0003,HOSPITALIZACIÓN216,Minisplit 1.0 ton,MINISPLIT,Aire Acondicionado,3863
1011,Preventivo,NORTE,HOSPITAL BÁSICO COMUNITARIO XALITLA,TRANE,4MCW1512A1000AA,190777Z37218XCP0152,HOSPITALIZACIÓN217,Minisplit 1.0 ton,MINISPLIT,Aire Acondicionado,3864
1012,Correctivo,NORTE,HOSPITAL BÁSICO COMUNITARIO XALITLA,TRANE,4MCW1512A1000AA,190777Z37218XCP0152,HOSPITALIZACIÓN217,Minisplit 1.0 ton,MINISPLIT,Aire Acondicionado,3865
1013,Preventivo,NORTE,HOSPITAL BÁSICO COMUNITARIO XALITLA,TRANE,4MCW1512A1000AA,190777Z37624XCP0176,HOSPITALIZACIÓN218,Minisplit 1.0 ton,MINISPLIT,Aire Acondicionado,3866
1014,Correctivo,NORTE,HOSPITAL BÁSICO COMUNITARIO XALITLA,TRANE,4MCW1512A1000AA,190777Z37624XCP0176,HOSPITALIZACIÓN218,Minisplit 1.0 ton,MINISPLIT,Aire Acondicionado,3867
1015,Preventivo,NORTE,HOSPITAL BÁSICO COMUNITARIO XALITLA,TRANE,4MCW1512A1000AA,190577Z33018XCP0006,HOSPITALIZACIÓN219,Minisplit 2.0 ton,MINISPLIT,Aire Acondicionado,3868
1016,Correctivo,NORTE,HOSPITAL BÁSICO COMUNITARIO XALITLA,TRANE,4MCW1512A1000AA,190577Z33018XCP0006,HOSPITALIZACIÓN219,Minisplit 2.0 ton,MINISPLIT,Aire Acondicionado,3869
1017,Preventivo,NORTE,HOSPITAL BÁSICO COMUNITARIO XALITLA,INTENSITY,IDCCS090KF-5,3822P01A020717,ALMACEN324,UNIDAD PAQUETE 7 TON por conductos,PAQUETE,Aire Acondicionado,3870
1018,Correctivo,NORTE,HOSPITAL BÁSICO COMUNITARIO XALITLA,INTENSITY,IDCCS090KF-5,3822P01A020717,ALMACEN324,UNIDAD PAQUETE 7 TON por conductos,PAQUETE,Aire Acondicionado,3871
1019,Preventivo,NORTE,HOSPITAL BÁSICO COMUNITARIO XALITLA,TRANE,4MCW1512A1000AA,190877T93424XCP1215,GOBIERNO347,Minisplit 2.0 ton,MINISPLIT,Aire Acondicionado,3872
1020,Correctivo,NORTE,HOSPITAL BÁSICO COMUNITARIO XALITLA,TRANE,4MCW1512A1000AA,190877T93424XCP1215,GOBIERNO347,Minisplit 2.0 ton,MINISPLIT,Aire Acondicionado,3873
1021,Preventivo,NORTE,HOSPITAL BÁSICO COMUNITARIO XALITLA,FREYVEN GREEN,53FVC243A,S/SERIE,GOBIERNO348,Minisplit 2.0 ton,MINISPLIT,Aire Acondicionado,3874
1022,Correctivo,NORTE,HOSPITAL BÁSICO COMUNITARIO XALITLA,FREYVEN GREEN,53FVC243A,S/SERIE,GOBIERNO348,Minisplit 2.0 ton,MINISPLIT,Aire Acondicionado,3875
1023,Preventivo,NORTE,HOSPITAL BÁSICO COMUNITARIO XALITLA,MIRAGE TITANIUM 5T,EBF120B,EBF120B5140501171,GOBIERNO349,Minisplit 1.0 ton,MINISPLIT,Aire Acondicionado,3876
1024,Correctivo,NORTE,HOSPITAL BÁSICO COMUNITARIO XALITLA,MIRAGE TITANIUM 5T,EBF120B,EBF120B5140501171,GOBIERNO349,Minisplit 1.0 ton,MINISPLIT,Aire Acondicionado,3877
1025,Preventivo,NORTE,HOSPITAL BÁSICO COMUNITARIO XALITLA,TRANE,4MCW1512A1000AA,190877T993424XCP1497,URGENCIAS420,Minisplit 2.0 ton,MINISPLIT,Aire Acondicionado,3878
1026,Correctivo,NORTE,HOSPITAL BÁSICO COMUNITARIO XALITLA,TRANE,4MCW1512A1000AA,190877T993424XCP1497,URGENCIAS420,Minisplit 2.0 ton,MINISPLIT,Aire Acondicionado,3879
1027,Preventivo,NORTE,HOSPITAL BÁSICO COMUNITARIO XALITLA,FREYVEN GREEN,53FVC243A,40FVC183A-E,FARMACIA421,Minisplit 2.0 ton,MINISPLIT,Aire Acondicionado,3880
1028,Correctivo,NORTE,HOSPITAL BÁSICO COMUNITARIO XALITLA,FREYVEN GREEN,53FVC243A,40FVC183A-E,FARMACIA421,Minisplit 2.0 ton,MINISPLIT,Aire Acondicionado,3881
1029,Preventivo,NORTE,HOSPITAL BÁSICO COMUNITARIO XALITLA,INTERTEK,4TCY4060A3000BA,19351299L,CEYE422,UNIDAD PAQUETE 5.5 TON,PAQUETE,Aire Acondicionado,3882
1030,Correctivo,NORTE,HOSPITAL BÁSICO COMUNITARIO XALITLA,INTERTEK,4TCY4060A3000BA,19351299L,CEYE422,UNIDAD PAQUETE 5.5 TON,PAQUETE,Aire Acondicionado,3883
1031,Preventivo,NORTE,HOSPITAL BÁSICO COMUNITARIO XALITLA,TRANE,TEM4A0C60S51SBA,193245TM3V,QUIROFANO423,UNIDAD PAQUETE 5.5 TON,PAQUETE,Aire Acondicionado,3884
1032,Correctivo,NORTE,HOSPITAL BÁSICO COMUNITARIO XALITLA,TRANE,TEM4A0C60S51SBA,193245TM3V,QUIROFANO423,UNIDAD PAQUETE 5.5 TON,PAQUETE,Aire Acondicionado,3885
1033,Preventivo,NORTE,HOSPITAL BÁSICO COMUNITARIO XALITLA,LG,3X122CD,S/S,CASA AME429,Minisplit 1.0 ton,MINISPLIT,Aire Acondicionado,3886
1034,Correctivo,NORTE,HOSPITAL BÁSICO COMUNITARIO XALITLA,LG,3X122CD,S/S,CASA AME429,Minisplit 1.0 ton,MINISPLIT,Aire Acondicionado,3887
1035,Preventivo,NORTE,HOSPITAL BÁSICO COMUNITARIO XALITLA,LG,3X122CD,S/S,CASA AME430,Minisplit 1.0 ton,MINISPLIT,Aire Acondicionado,3888
1036,Correctivo,NORTE,HOSPITAL BÁSICO COMUNITARIO XALITLA,LG,3X122CD,S/S,CASA AME430,Minisplit 1.0 ton,MINISPLIT,Aire Acondicionado,3889
993,Preventivo,NORTE,HOSPITAL BÁSICO COMUNITARIO XALITLA,TRANE,4MCW1512A1000AA,S/SERIE,DENTAL70,Minisplit 1.0 ton,MINISPLIT,Aire Acondicionado,3890
994,Correctivo,NORTE,HOSPITAL BÁSICO COMUNITARIO XALITLA,TRANE,4MCW1512A1000AA,S/SERIE,DENTAL70,Minisplit 1.0 ton,MINISPLIT,Aire Acondicionado,3891
995,Preventivo,NORTE,HOSPITAL BÁSICO COMUNITARIO XALITLA,TRANE,4MCW1512A1000AA,X2021TO122IC0009,LABORATORIO80,Minisplit 1.0 ton,MINISPLIT,Aire Acondicionado,3892
996,Correctivo,NORTE,HOSPITAL BÁSICO COMUNITARIO XALITLA,TRANE,4MCW1512A1000AA,X2021TO122IC0009,LABORATORIO80,Minisplit 1.0 ton,MINISPLIT,Aire Acondicionado,3893
997,Preventivo,NORTE,HOSPITAL BÁSICO COMUNITARIO XALITLA,FREYVEN GREEN,40FVC123B-E,23048594F,PEDIATRÍA101,Minisplit 1.0 ton,MINISPLIT,Aire Acondicionado,3894
998,Correctivo,NORTE,HOSPITAL BÁSICO COMUNITARIO XALITLA,FREYVEN GREEN,40FVC123B-E,23048594F,PEDIATRÍA101,Minisplit 1.0 ton,MINISPLIT,Aire Acondicionado,3895
999,Preventivo,NORTE,HOSPITAL BÁSICO COMUNITARIO XALITLA,TRANE,4MCW1512A1000AA,X2021TO122IC0103,CONSULTORIO 1124,Minisplit 1.0 ton,MINISPLIT,Aire Acondicionado,3896
605,Preventivo,CENTRO,HOSPITAL GENERAL DE CHILPANCINGO,DUNHAM-BUSH,WCFX36ARM1RJ3R,2A92100076,2023,CHILLER # 1,CHILLER,Aire Acondicionado,3897
606,Correctivo,CENTRO,HOSPITAL GENERAL DE CHILPANCINGO,DUNHAM-BUSH,WCFX36ARM1RJ3R,2A92100076,2023,CHILLER # 1,CHILLER,Aire Acondicionado,3898
607,Preventivo,CENTRO,HOSPITAL GENERAL DE CHILPANCINGO,DUNHAM-BUSH,WCFX36ARM1RJ3R,2A92100075,2023,CHILLER # 2,CHILLER,Aire Acondicionado,3899
608,Correctivo,CENTRO,HOSPITAL GENERAL DE CHILPANCINGO,DUNHAM-BUSH,WCFX36ARM1RJ3R,2A92100075,2023,CHILLER # 2,CHILLER,Aire Acondicionado,3900
609,Preventivo,CENTRO,HOSPITAL GENERAL DE CHILPANCINGO,WEG,284T,Z000020753,BACO 1,MiniSplit 2.5 ton,MINISPLIT,Aire Acondicionado,3901
610,Correctivo,CENTRO,HOSPITAL GENERAL DE CHILPANCINGO,WEG,284T,Z000020753,BACO 1,MiniSplit 2.5 ton,MINISPLIT,Aire Acondicionado,3902
611,Preventivo,CENTRO,HOSPITAL GENERAL DE CHILPANCINGO,WEG,284T,Z000020754,BACO 2,MiniSplit 2.5 ton,MINISPLIT,Aire Acondicionado,3903
612,Correctivo,CENTRO,HOSPITAL GENERAL DE CHILPANCINGO,WEG,284T,Z000020754,BACO 2,MiniSplit 2.5 ton,MINISPLIT,Aire Acondicionado,3904
613,Preventivo,CENTRO,HOSPITAL GENERAL DE CHILPANCINGO,WEG,284T,Z000020755,BACO 3,MiniSplit 2.5 ton,MINISPLIT,Aire Acondicionado,3905
614,Correctivo,CENTRO,HOSPITAL GENERAL DE CHILPANCINGO,WEG,284T,Z000020755,BACO 3,MiniSplit 2.5 ton,MINISPLIT,Aire Acondicionado,3906
615,Preventivo,CENTRO,HOSPITAL GENERAL DE CHILPANCINGO,WEG,284T,Z000030309,BAH 1,MiniSplit 2.5 ton,MINISPLIT,Aire Acondicionado,3907
616,Correctivo,CENTRO,HOSPITAL GENERAL DE CHILPANCINGO,WEG,284T,Z000030309,BAH 1,MiniSplit 2.5 ton,MINISPLIT,Aire Acondicionado,3908
617,Preventivo,CENTRO,HOSPITAL GENERAL DE CHILPANCINGO,WEG,284T,Z000030310,BAH 2,MiniSplit 2.5 ton,MINISPLIT,Aire Acondicionado,3909
618,Correctivo,CENTRO,HOSPITAL GENERAL DE CHILPANCINGO,WEG,284T,Z000030310,BAH 2,MiniSplit 2.5 ton,MINISPLIT,Aire Acondicionado,3910
619,Preventivo,CENTRO,HOSPITAL GENERAL DE CHILPANCINGO,WEG,284T,Z000030311,BAH 3,MiniSplit 2.5 ton,MINISPLIT,Aire Acondicionado,3911
620,Correctivo,CENTRO,HOSPITAL GENERAL DE CHILPANCINGO,WEG,284T,Z000030311,BAH 3,MiniSplit 2.5 ton,MINISPLIT,Aire Acondicionado,3912
621,Preventivo,CENTRO,HOSPITAL GENERAL DE CHILPANCINGO,WEG,284T,M08F-32532,BAH 4,MiniSplit 2.5 ton,MINISPLIT,Aire Acondicionado,3913
622,Correctivo,CENTRO,HOSPITAL GENERAL DE CHILPANCINGO,WEG,284T,M08F-32532,BAH 4,MiniSplit 2.5 ton,MINISPLIT,Aire Acondicionado,3914
623,Preventivo,CENTRO,HOSPITAL GENERAL DE CHILPANCINGO,WEG,284T,M08G-39627,BAH 5,MiniSplit 2.5 ton,MINISPLIT,Aire Acondicionado,3915
624,Correctivo,CENTRO,HOSPITAL GENERAL DE CHILPANCINGO,WEG,284T,M08G-39627,BAH 5,MiniSplit 2.5 ton,MINISPLIT,Aire Acondicionado,3916
625,Preventivo,CENTRO,HOSPITAL GENERAL DE CHILPANCINGO,WEG,284T,M08G-39626,BAH 6,MiniSplit 2.5 ton,MINISPLIT,Aire Acondicionado,3917
626,Correctivo,CENTRO,HOSPITAL GENERAL DE CHILPANCINGO,WEG,284T,M08G-39626,BAH 6,MiniSplit 2.5 ton,MINISPLIT,Aire Acondicionado,3918
627,Preventivo,CENTRO,HOSPITAL GENERAL DE CHILPANCINGO,DUNHAM-BUSH,AHD1FS80HM,2A1500273,UMA 1,UMA 15 ton,UMA,Aire Acondicionado,3919
628,Correctivo,CENTRO,HOSPITAL GENERAL DE CHILPANCINGO,DUNHAM-BUSH,AHD1FS80HM,2A1500273,UMA 1,UMA 15 ton,UMA,Aire Acondicionado,3920
629,Preventivo,CENTRO,HOSPITAL GENERAL DE CHILPANCINGO,DUNHAM-BUSH,AHD1FS100HM,2A91500274,UMA 2,UMA 15 ton,UMA,Aire Acondicionado,3921
630,Correctivo,CENTRO,HOSPITAL GENERAL DE CHILPANCINGO,DUNHAM-BUSH,AHD1FS100HM,2A91500274,UMA 2,UMA 15 ton,UMA,Aire Acondicionado,3922
631,Preventivo,CENTRO,HOSPITAL GENERAL DE CHILPANCINGO,DUNHAM-BUSH,AHD1F64HM,2A91500275,UMA 3,UMA 15 ton,UMA,Aire Acondicionado,3923
632,Correctivo,CENTRO,HOSPITAL GENERAL DE CHILPANCINGO,DUNHAM-BUSH,AHD1F64HM,2A91500275,UMA 3,UMA 15 ton,UMA,Aire Acondicionado,3924
633,Preventivo,CENTRO,HOSPITAL GENERAL DE CHILPANCINGO,DUNHAM-BUSH,AHD1AF64HM,2A91500276,UMA 4,UMA 15 ton,UMA,Aire Acondicionado,3925
634,Correctivo,CENTRO,HOSPITAL GENERAL DE CHILPANCINGO,DUNHAM-BUSH,AHD1AF64HM,2A91500276,UMA 4,UMA 15 ton,UMA,Aire Acondicionado,3926
635,Preventivo,CENTRO,HOSPITAL GENERAL DE CHILPANCINGO,DUNHAM-BUSH,AHD1AF64HM,2A91500277,UMA 5,UMA 15 ton,UMA,Aire Acondicionado,3927
636,Correctivo,CENTRO,HOSPITAL GENERAL DE CHILPANCINGO,DUNHAM-BUSH,AHD1AF64HM,2A91500277,UMA 5,UMA 15 ton,UMA,Aire Acondicionado,3928
637,Preventivo,CENTRO,HOSPITAL GENERAL DE CHILPANCINGO,DUNHAM-BUSH,AHD1BF32HM,2A91500278,UMA 6,UMA 15 ton,UMA,Aire Acondicionado,3929
638,Correctivo,CENTRO,HOSPITAL GENERAL DE CHILPANCINGO,DUNHAM-BUSH,AHD1BF32HM,2A91500278,UMA 6,UMA 15 ton,UMA,Aire Acondicionado,3930
639,Preventivo,CENTRO,HOSPITAL GENERAL DE CHILPANCINGO,DUNHAM-BUSH,AHD1AF150HM,2A91500279,UMA 7,UMA 15 ton,UMA,Aire Acondicionado,3931
640,Correctivo,CENTRO,HOSPITAL GENERAL DE CHILPANCINGO,DUNHAM-BUSH,AHD1AF150HM,2A91500279,UMA 7,UMA 15 ton,UMA,Aire Acondicionado,3932
641,Preventivo,CENTRO,HOSPITAL GENERAL DE CHILPANCINGO,DUNHAM-BUSH,AHD1AF100HM,2A91500280,UMA 8,UMA 15 ton,UMA,Aire Acondicionado,3933
642,Correctivo,CENTRO,HOSPITAL GENERAL DE CHILPANCINGO,DUNHAM-BUSH,AHD1AF100HM,2A91500280,UMA 8,UMA 15 ton,UMA,Aire Acondicionado,3934
643,Preventivo,CENTRO,HOSPITAL GENERAL DE CHILPANCINGO,DUNHAM-BUSH,AHD1AF48HM,2A91500281,UMA 9,UMA 15 ton,UMA,Aire Acondicionado,3935
644,Correctivo,CENTRO,HOSPITAL GENERAL DE CHILPANCINGO,DUNHAM-BUSH,AHD1AF48HM,2A91500281,UMA 9,UMA 15 ton,UMA,Aire Acondicionado,3936
645,Preventivo,CENTRO,HOSPITAL GENERAL DE CHILPANCINGO,DUNHAM-BUSH,AHD1AFS64HM,2A91500282,UMA 10,UMA 15 ton,UMA,Aire Acondicionado,3937
646,Correctivo,CENTRO,HOSPITAL GENERAL DE CHILPANCINGO,DUNHAM-BUSH,AHD1AFS64HM,2A91500282,UMA 10,UMA 15 ton,UMA,Aire Acondicionado,3938
647,Preventivo,CENTRO,HOSPITAL GENERAL DE CHILPANCINGO,DUNHAM-BUSH,AHD1FS40HM,2A91500283,UMA 11,UMA 10 ton,UMA,Aire Acondicionado,3939
648,Correctivo,CENTRO,HOSPITAL GENERAL DE CHILPANCINGO,DUNHAM-BUSH,AHD1FS40HM,2A91500283,UMA 11,UMA 10 ton,UMA,Aire Acondicionado,3940
649,Preventivo,CENTRO,HOSPITAL GENERAL DE CHILPANCINGO,DUNHAM-BUSH,AHD1FS40HM,2A91500284,UMA 12,UMA 10 ton,UMA,Aire Acondicionado,3941
650,Correctivo,CENTRO,HOSPITAL GENERAL DE CHILPANCINGO,DUNHAM-BUSH,AHD1FS40HM,2A91500284,UMA 12,UMA 10 ton,UMA,Aire Acondicionado,3942
651,Preventivo,CENTRO,HOSPITAL GENERAL DE CHILPANCINGO,DUNHAM-BUSH,AHD1AF48HM,2A91500285,UMA 13,UMA 10 ton,UMA,Aire Acondicionado,3943
652,Correctivo,CENTRO,HOSPITAL GENERAL DE CHILPANCINGO,DUNHAM-BUSH,AHD1AF48HM,2A91500285,UMA 13,UMA 10 ton,UMA,Aire Acondicionado,3944
653,Preventivo,CENTRO,HOSPITAL GENERAL DE CHILPANCINGO,DUNHAM-BUSH,AHD1AF100HM,2A91500286,UMA 14,UMA 10 ton,UMA,Aire Acondicionado,3945
654,Correctivo,CENTRO,HOSPITAL GENERAL DE CHILPANCINGO,DUNHAM-BUSH,AHD1AF100HM,2A91500286,UMA 14,UMA 10 ton,UMA,Aire Acondicionado,3946
655,Preventivo,CENTRO,HOSPITAL GENERAL DE CHILPANCINGO,DUNHAM-BUSH,AHD1AF40HM,2A91500287,UMA 15,UMA 10 ton,UMA,Aire Acondicionado,3947
656,Correctivo,CENTRO,HOSPITAL GENERAL DE CHILPANCINGO,DUNHAM-BUSH,AHD1AF40HM,2A91500287,UMA 15,UMA 10 ton,UMA,Aire Acondicionado,3948
657,Preventivo,CENTRO,HOSPITAL GENERAL DE CHILPANCINGO,DUNHAM-BUSH,AHD1AF 64 HM,2A91500288,UMA 16,UMA 10 ton,UMA,Aire Acondicionado,3949
658,Correctivo,CENTRO,HOSPITAL GENERAL DE CHILPANCINGO,DUNHAM-BUSH,AHD1AF 64 HM,2A91500288,UMA 16,UMA 10 ton,UMA,Aire Acondicionado,3950
659,Preventivo,CENTRO,HOSPITAL GENERAL DE CHILPANCINGO,DUNHAM-BUSH,AHD1AFS22HM,2A91500289,UMA 17,UMA 10 ton,UMA,Aire Acondicionado,3951
660,Correctivo,CENTRO,HOSPITAL GENERAL DE CHILPANCINGO,DUNHAM-BUSH,AHD1AFS22HM,2A91500289,UMA 17,UMA 10 ton,UMA,Aire Acondicionado,3952
661,Preventivo,CENTRO,HOSPITAL GENERAL DE CHILPANCINGO,DUNHAM-BUSH,AHD1AFS80HM,2A91500290,UMA 18,UMA 10 ton,UMA,Aire Acondicionado,3953
662,Correctivo,CENTRO,HOSPITAL GENERAL DE CHILPANCINGO,DUNHAM-BUSH,AHD1AFS80HM,2A91500290,UMA 18,UMA 10 ton,UMA,Aire Acondicionado,3954
663,Preventivo,CENTRO,HOSPITAL GENERAL DE CHILPANCINGO,DUNHAM-BUSH,AHD1AF120HM,2A91500291,UMA 19,UMA 10 ton,UMA,Aire Acondicionado,3955
664,Correctivo,CENTRO,HOSPITAL GENERAL DE CHILPANCINGO,DUNHAM-BUSH,AHD1AF120HM,2A91500291,UMA 19,UMA 10 ton,UMA,Aire Acondicionado,3956
665,Preventivo,CENTRO,HOSPITAL GENERAL DE CHILPANCINGO,DUNHAM-BUSH,AHD1AF40HM,2A91500292,UMA 20,UMA 10 ton,UMA,Aire Acondicionado,3957
666,Correctivo,CENTRO,HOSPITAL GENERAL DE CHILPANCINGO,DUNHAM-BUSH,AHD1AF40HM,2A91500292,UMA 20,UMA 10 ton,UMA,Aire Acondicionado,3958
667,Preventivo,CENTRO,HOSPITAL GENERAL DE CHILPANCINGO,DUNHAM-BUSH,AHD1AF 80 HM,2A91500293,UMA 21,UMA 10 ton,UMA,Aire Acondicionado,3959
668,Correctivo,CENTRO,HOSPITAL GENERAL DE CHILPANCINGO,DUNHAM-BUSH,AHD1AF 80 HM,2A91500293,UMA 21,UMA 10 ton,UMA,Aire Acondicionado,3960
669,Preventivo,CENTRO,HOSPITAL GENERAL DE CHILPANCINGO,DUNHAM-BUSH,AHD1AF 80 HM,2A91500294,UMA 22,UMA 10 ton,UMA,Aire Acondicionado,3961
670,Correctivo,CENTRO,HOSPITAL GENERAL DE CHILPANCINGO,DUNHAM-BUSH,AHD1AF 80 HM,2A91500294,UMA 22,UMA 10 ton,UMA,Aire Acondicionado,3962
671,Preventivo,CENTRO,HOSPITAL GENERAL DE CHILPANCINGO,DUNHAM-BUSH,AHD1AF48HM,2A91500295,UMA 23,UMA 10 ton,UMA,Aire Acondicionado,3963
672,Correctivo,CENTRO,HOSPITAL GENERAL DE CHILPANCINGO,DUNHAM-BUSH,AHD1AF48HM,2A91500295,UMA 23,UMA 10 ton,UMA,Aire Acondicionado,3964
673,Preventivo,CENTRO,HOSPITAL GENERAL DE CHILPANCINGO,DUNHAM-BUSH,AHD1AF100HM,2A91500296,UMA 24,UMA 10 ton,UMA,Aire Acondicionado,3965
674,Correctivo,CENTRO,HOSPITAL GENERAL DE CHILPANCINGO,DUNHAM-BUSH,AHD1AF100HM,2A91500296,UMA 24,UMA 10 ton,UMA,Aire Acondicionado,3966
675,Preventivo,CENTRO,HOSPITAL GENERAL DE CHILPANCINGO,DUNHAM-BUSH,AHD1AF150HM,2A91500297,UMA 25,UMA 10 ton,UMA,Aire Acondicionado,3967
676,Correctivo,CENTRO,HOSPITAL GENERAL DE CHILPANCINGO,DUNHAM-BUSH,AHD1AF150HM,2A91500297,UMA 25,UMA 10 ton,UMA,Aire Acondicionado,3968
677,Preventivo,CENTRO,HOSPITAL GENERAL DE CHILPANCINGO,DUNHAM-BUSH,AHD1AF120HM,2A91500298,UMA 26,UMA 15 ton,UMA,Aire Acondicionado,3969
678,Correctivo,CENTRO,HOSPITAL GENERAL DE CHILPANCINGO,DUNHAM-BUSH,AHD1AF120HM,2A91500298,UMA 26,UMA 15 ton,UMA,Aire Acondicionado,3970
679,Preventivo,CENTRO,HOSPITAL GENERAL DE CHILPANCINGO,DUNHAM-BUSH,AHD1AFS80HM,2A91500299,UMA 27,UMA 15 ton,UMA,Aire Acondicionado,3971
680,Correctivo,CENTRO,HOSPITAL GENERAL DE CHILPANCINGO,DUNHAM-BUSH,AHD1AFS80HM,2A91500299,UMA 27,UMA 15 ton,UMA,Aire Acondicionado,3972
681,Preventivo,CENTRO,HOSPITAL GENERAL DE CHILPANCINGO,DUNHAM-BUSH,AHD1AF80HM,2A91500484,UMA 28,UMA 15 ton,UMA,Aire Acondicionado,3973
682,Correctivo,CENTRO,HOSPITAL GENERAL DE CHILPANCINGO,DUNHAM-BUSH,AHD1AF80HM,2A91500484,UMA 28,UMA 15 ton,UMA,Aire Acondicionado,3974
683,Preventivo,CENTRO,HOSPITAL GENERAL DE CHILPANCINGO,DUNHAM-BUSH,AHD1AF64HM,2A91500485,UMA 29,UMA 15 ton,UMA,Aire Acondicionado,3975
684,Correctivo,CENTRO,HOSPITAL GENERAL DE CHILPANCINGO,DUNHAM-BUSH,AHD1AF64HM,2A91500485,UMA 29,UMA 15 ton,UMA,Aire Acondicionado,3976
685,Preventivo,CENTRO,HOSPITAL GENERAL DE CHILPANCINGO,DUNHAM-BUSH,AHD1AF64HM,2A91500486,UMA 30,UMA 15 ton,UMA,Aire Acondicionado,3977
686,Correctivo,CENTRO,HOSPITAL GENERAL DE CHILPANCINGO,DUNHAM-BUSH,AHD1AF64HM,2A91500486,UMA 30,UMA 15 ton,UMA,Aire Acondicionado,3978
687,Preventivo,CENTRO,HOSPITAL GENERAL DE CHILPANCINGO,DUNHAM-BUSH,AHD1A48HM,2A91500487,UMA 31,UMA 15 ton,UMA,Aire Acondicionado,3979
688,Correctivo,CENTRO,HOSPITAL GENERAL DE CHILPANCINGO,DUNHAM-BUSH,AHD1A48HM,2A91500487,UMA 31,UMA 15 ton,UMA,Aire Acondicionado,3980
689,Preventivo,CENTRO,HOSPITAL GENERAL DE CHILPANCINGO,DUNHAM-BUSH,6ACPS81PQ,S/SERIE,UMA 32,UMA 7.5 ton,UMA,Aire Acondicionado,3981
690,Correctivo,CENTRO,HOSPITAL GENERAL DE CHILPANCINGO,DUNHAM-BUSH,6ACPS81PQ,S/SERIE,UMA 32,UMA 7.5 ton,UMA,Aire Acondicionado,3982
691,Preventivo,CENTRO,HOSPITAL GENERAL DE CHILPANCINGO,DUNHAM-BUSH,6ACCS250,2A91000131,UP 2,UNIDAD PAQUETE 7.5 TON,PAQUETE,Aire Acondicionado,3983
692,Correctivo,CENTRO,HOSPITAL GENERAL DE CHILPANCINGO,DUNHAM-BUSH,6ACCS250,2A91000131,UP 2,UNIDAD PAQUETE 7.5 TON,PAQUETE,Aire Acondicionado,3984
693,Preventivo,CENTRO,HOSPITAL GENERAL DE CHILPANCINGO,DUNHAM-BUSH,6ACPSB95PQ,2A91800136,UP 3,UNIDAD PAQUETE 7.5 TON,PAQUETE,Aire Acondicionado,3985
694,Correctivo,CENTRO,HOSPITAL GENERAL DE CHILPANCINGO,DUNHAM-BUSH,6ACPSB95PQ,2A91800136,UP 3,UNIDAD PAQUETE 7.5 TON,PAQUETE,Aire Acondicionado,3986
695,Preventivo,CENTRO,HOSPITAL GENERAL DE CHILPANCINGO,DUNHAM-BUSH,6ACPSB81PQ,2A91800134,UP 4,UNIDAD PAQUETE 7.5 TON,PAQUETE,Aire Acondicionado,3987
696,Correctivo,CENTRO,HOSPITAL GENERAL DE CHILPANCINGO,DUNHAM-BUSH,6ACPSB81PQ,2A91800134,UP 4,UNIDAD PAQUETE 7.5 TON,PAQUETE,Aire Acondicionado,3988
697,Preventivo,CENTRO,HOSPITAL GENERAL DE CHILPANCINGO,DUNHAM-BUSH,6ACPSB125PQ,2A91800137,UP 5,UNIDAD PAQUETE 7.5 TON,PAQUETE,Aire Acondicionado,3989
698,Correctivo,CENTRO,HOSPITAL GENERAL DE CHILPANCINGO,DUNHAM-BUSH,6ACPSB125PQ,2A91800137,UP 5,UNIDAD PAQUETE 7.5 TON,PAQUETE,Aire Acondicionado,3990
699,Preventivo,CENTRO,HOSPITAL GENERAL DE CHILPANCINGO,TRANE,EAC300A3E0A,22362170JA,UP 6,UNIDAD PAQUETE 5.5 TON,PAQUETE,Aire Acondicionado,3991
700,Correctivo,CENTRO,HOSPITAL GENERAL DE CHILPANCINGO,TRANE,EAC300A3E0A,22362170JA,UP 6,UNIDAD PAQUETE 5.5 TON,PAQUETE,Aire Acondicionado,3992
701,Preventivo,CENTRO,HOSPITAL GENERAL DE CHILPANCINGO,YORK,S/M,S/SERIE,TIPO MINI SPLIT DE 2 TONELADAS,UNIDAD PAQUETE 5.5 TON,PAQUETE,Aire Acondicionado,3993
702,Correctivo,CENTRO,HOSPITAL GENERAL DE CHILPANCINGO,YORK,S/M,S/SERIE,TIPO MINI SPLIT DE 2 TONELADAS,UNIDAD PAQUETE 5.5 TON,PAQUETE,Aire Acondicionado,3994
703,Preventivo,CENTRO,HOSPITAL GENERAL DE CHILPANCINGO,YORK,S/M,S/SERIE,TIPO MINI SPLIT DE 2 TONELADAS,UNIDAD PAQUETE 5.5 TON,PAQUETE,Aire Acondicionado,3995
704,Correctivo,CENTRO,HOSPITAL GENERAL DE CHILPANCINGO,YORK,S/M,S/SERIE,TIPO MINI SPLIT DE 2 TONELADAS,UNIDAD PAQUETE 5.5 TON,PAQUETE,Aire Acondicionado,3996
705,Preventivo,CENTRO,HOSPITAL GENERAL DE CHILPANCINGO,YORK,S/M,S/SERIE,TIPO MINI SPLIT DE 2 TONELADAS,UNIDAD PAQUETE 5.5 TON,PAQUETE,Aire Acondicionado,3997
706,Correctivo,CENTRO,HOSPITAL GENERAL DE CHILPANCINGO,YORK,S/M,S/SERIE,TIPO MINI SPLIT DE 2 TONELADAS,UNIDAD PAQUETE 5.5 TON,PAQUETE,Aire Acondicionado,3998
707,Preventivo,CENTRO,HOSPITAL GENERAL DE CHILPANCINGO,YORK,S/M,S/SERIE,TIPO MINI SPLIT DE 2 TONELADAS,UNIDAD PAQUETE 5.5 TON,PAQUETE,Aire Acondicionado,3999
708,Correctivo,CENTRO,HOSPITAL GENERAL DE CHILPANCINGO,YORK,S/M,S/SERIE,TIPO MINI SPLIT DE 2 TONELADAS,UNIDAD PAQUETE 5.5 TON,PAQUETE,Aire Acondicionado,4000
709,Preventivo,CENTRO,HOSPITAL GENERAL DE CHILPANCINGO,YORK,S/M,S/SERIE,TIPO MINI SPLIT DE 2 TONELADAS,UNIDAD PAQUETE 5.5 TON,PAQUETE,Aire Acondicionado,4001
710,Correctivo,CENTRO,HOSPITAL GENERAL DE CHILPANCINGO,YORK,S/M,S/SERIE,TIPO MINI SPLIT DE 2 TONELADAS,UNIDAD PAQUETE 5.5 TON,PAQUETE,Aire Acondicionado,4002
711,Preventivo,CENTRO,HOSPITAL GENERAL DE CHILPANCINGO,YORK,S/M,S/SERIE,TIPO MINI SPLIT DE 2 TONELADAS,UNIDAD PAQUETE 5.5 TON,PAQUETE,Aire Acondicionado,4003
712,Correctivo,CENTRO,HOSPITAL GENERAL DE CHILPANCINGO,YORK,S/M,S/SERIE,TIPO MINI SPLIT DE 2 TONELADAS,UNIDAD PAQUETE 5.5 TON,PAQUETE,Aire Acondicionado,4004
713,Preventivo,CENTRO,HOSPITAL GENERAL DE CHILPANCINGO,YORK,S/M,S/SERIE,TIPO MINI SPLIT DE 2 TONELADAS,UNIDAD PAQUETE 7.0 TON,PAQUETE,Aire Acondicionado,4005
714,Correctivo,CENTRO,HOSPITAL GENERAL DE CHILPANCINGO,YORK,S/M,S/SERIE,TIPO MINI SPLIT DE 2 TONELADAS,UNIDAD PAQUETE 7.0 TON,PAQUETE,Aire Acondicionado,4006
715,Preventivo,CENTRO,HOSPITAL GENERAL DE CHILPANCINGO,YORK,S/M,S/SERIE,TIPO MINI SPLIT DE 2 TONELADAS,UNIDAD PAQUETE 7.0 TON,PAQUETE,Aire Acondicionado,4007
716,Correctivo,CENTRO,HOSPITAL GENERAL DE CHILPANCINGO,YORK,S/M,S/SERIE,TIPO MINI SPLIT DE 2 TONELADAS,UNIDAD PAQUETE 7.0 TON,PAQUETE,Aire Acondicionado,4008
717,Preventivo,CENTRO,HOSPITAL GENERAL DE CHILPANCINGO,MIRAGE,S/M,S/SERIE,BAH 10,MINISPLIT 2.0 TON,MINISPLIT,Aire Acondicionado,4009
718,Correctivo,CENTRO,HOSPITAL GENERAL DE CHILPANCINGO,MIRAGE,S/M,S/SERIE,BAH 10,MINISPLIT 2.0 TON,MINISPLIT,Aire Acondicionado,4010
719,Preventivo,CENTRO,HOSPITAL GENERAL DE CHILPANCINGO,MIRAGE,S/M,S/SERIE,BAH 12,MINISPLIT 2.0 TON,MINISPLIT,Aire Acondicionado,4011
720,Correctivo,CENTRO,HOSPITAL GENERAL DE CHILPANCINGO,MIRAGE,S/M,S/SERIE,BAH 12,MINISPLIT 2.0 TON,MINISPLIT,Aire Acondicionado,4012
721,Preventivo,CENTRO,HOSPITAL GENERAL DE CHILPANCINGO,YORK,S/M,S/SERIE,TIPO MINI SPLIT DE 2 TONELADAS,UNIDAD PAQUETE 7.0 TON,PAQUETE,Aire Acondicionado,4013
722,Correctivo,CENTRO,HOSPITAL GENERAL DE CHILPANCINGO,YORK,S/M,S/SERIE,TIPO MINI SPLIT DE 2 TONELADAS,UNIDAD PAQUETE 7.0 TON,PAQUETE,Aire Acondicionado,4014
723,Preventivo,CENTRO,HOSPITAL GENERAL DE CHILPANCINGO,YORK,S/M,S/SERIE,TIPO MINI SPLIT DE 2 TONELADAS,UNIDAD PAQUETE 7.0 TON,PAQUETE,Aire Acondicionado,4015
724,Correctivo,CENTRO,HOSPITAL GENERAL DE CHILPANCINGO,YORK,S/M,S/SERIE,TIPO MINI SPLIT DE 2 TONELADAS,UNIDAD PAQUETE 7.0 TON,PAQUETE,Aire Acondicionado,4016
725,Preventivo,CENTRO,HOSPITAL GENERAL DE CHILPANCINGO,YORK,S/M,S/SERIE,TIPO MINI SPLIT DE 2 TONELADAS,UNIDAD PAQUETE 7.0 TON,PAQUETE,Aire Acondicionado,4017
726,Correctivo,CENTRO,HOSPITAL GENERAL DE CHILPANCINGO,YORK,S/M,S/SERIE,TIPO MINI SPLIT DE 2 TONELADAS,UNIDAD PAQUETE 7.0 TON,PAQUETE,Aire Acondicionado,4018
727,Preventivo,CENTRO,HOSPITAL GENERAL DE CHILPANCINGO,YORK,S/M,S/SERIE,TIPO MINI SPLIT DE 2 TONELADAS,UNIDAD PAQUETE 7.0 TON,PAQUETE,Aire Acondicionado,4019
728,Correctivo,CENTRO,HOSPITAL GENERAL DE CHILPANCINGO,YORK,S/M,S/SERIE,TIPO MINI SPLIT DE 2 TONELADAS,UNIDAD PAQUETE 7.0 TON,PAQUETE,Aire Acondicionado,4020
729,Preventivo,CENTRO,HOSPITAL GENERAL DE CHILPANCINGO,YORK,S/M,S/SERIE,TIPO MINI SPLIT DE 2 TONELADAS,UNIDAD PAQUETE 5.5 TON,PAQUETE,Aire Acondicionado,4021
730,Correctivo,CENTRO,HOSPITAL GENERAL DE CHILPANCINGO,YORK,S/M,S/SERIE,TIPO MINI SPLIT DE 2 TONELADAS,UNIDAD PAQUETE 5.5 TON,PAQUETE,Aire Acondicionado,4022
731,Preventivo,CENTRO,HOSPITAL GENERAL DE CHILPANCINGO,YORK,S/M,S/SERIE,TIPO MINI SPLIT DE 2 TONELADAS,UNIDAD PAQUETE 5.5 TON,PAQUETE,Aire Acondicionado,4023
732,Correctivo,CENTRO,HOSPITAL GENERAL DE CHILPANCINGO,YORK,S/M,S/SERIE,TIPO MINI SPLIT DE 2 TONELADAS,UNIDAD PAQUETE 5.5 TON,PAQUETE,Aire Acondicionado,4024
733,Preventivo,CENTRO,HOSPITAL GENERAL DE CHILPANCINGO,YORK,S/M,S/SERIE,TIPO MINI SPLIT DE 2 TONELADAS,UNIDAD PAQUETE 5.5 TON,PAQUETE,Aire Acondicionado,4025
734,Correctivo,CENTRO,HOSPITAL GENERAL DE CHILPANCINGO,YORK,S/M,S/SERIE,TIPO MINI SPLIT DE 2 TONELADAS,UNIDAD PAQUETE 5.5 TON,PAQUETE,Aire Acondicionado,4026
735,Preventivo,CENTRO,HOSPITAL GENERAL DE CHILPANCINGO,YORK,S/M,S/SERIE,TIPO MINI SPLIT DE 2 TONELADAS,UNIDAD PAQUETE 5.5 TON,PAQUETE,Aire Acondicionado,4027
736,Correctivo,CENTRO,HOSPITAL GENERAL DE CHILPANCINGO,YORK,S/M,S/SERIE,TIPO MINI SPLIT DE 2 TONELADAS,UNIDAD PAQUETE 5.5 TON,PAQUETE,Aire Acondicionado,4028
737,Preventivo,CENTRO,HOSPITAL GENERAL DE CHILPANCINGO,YORK,S/M,S/SERIE,TIPO MINI SPLIT DE 2 TONELADAS,UNIDAD PAQUETE 5.5 TON,PAQUETE,Aire Acondicionado,4029
738,Correctivo,CENTRO,HOSPITAL GENERAL DE CHILPANCINGO,YORK,S/M,S/SERIE,TIPO MINI SPLIT DE 2 TONELADAS,UNIDAD PAQUETE 5.5 TON,PAQUETE,Aire Acondicionado,4030
739,Preventivo,CENTRO,HOSPITAL GENERAL DE CHILPANCINGO,YORK,S/M,S/SERIE,TIPO MINI SPLIT DE 2 TONELADAS,UNIDAD PAQUETE 5.5 TON,PAQUETE,Aire Acondicionado,4031
740,Correctivo,CENTRO,HOSPITAL GENERAL DE CHILPANCINGO,YORK,S/M,S/SERIE,TIPO MINI SPLIT DE 2 TONELADAS,UNIDAD PAQUETE 5.5 TON,PAQUETE,Aire Acondicionado,4032
741,Preventivo,CENTRO,HOSPITAL GENERAL DE CHILPANCINGO,YORK,S/M,S/SERIE,TIPO MINI SPLIT DE 2 TONELADAS,UNIDAD PAQUETE 5.5 TON,PAQUETE,Aire Acondicionado,4033
742,Correctivo,CENTRO,HOSPITAL GENERAL DE CHILPANCINGO,YORK,S/M,S/SERIE,TIPO MINI SPLIT DE 2 TONELADAS,UNIDAD PAQUETE 5.5 TON,PAQUETE,Aire Acondicionado,4034
743,Preventivo,CENTRO,HOSPITAL GENERAL DE CHILPANCINGO,FREYVEN GREEN,S/M,S/SERIE,BAH 11,MINISPLIT 2.0 TON,MINISPLIT,Aire Acondicionado,4035
744,Correctivo,CENTRO,HOSPITAL GENERAL DE CHILPANCINGO,FREYVEN GREEN,S/M,S/SERIE,BAH 11,MINISPLIT 2.0 TON,MINISPLIT,Aire Acondicionado,4036
745,Preventivo,CENTRO,HOSPITAL GENERAL DE CHILPANCINGO,FREYVEN GREEN,S/M,S/SERIE,BAH 13,MINISPLIT 2.0 TON,MINISPLIT,Aire Acondicionado,4037
746,Correctivo,CENTRO,HOSPITAL GENERAL DE CHILPANCINGO,FREYVEN GREEN,S/M,S/SERIE,BAH 13,MINISPLIT 2.0 TON,MINISPLIT,Aire Acondicionado,4038
747,Preventivo,CENTRO,HOSPITAL GENERAL DE CHILPANCINGO,MIRAGE,S/M,S/SERIE,BAH 14,MINISPLIT 1.0 TON,MINISPLIT,Aire Acondicionado,4039
748,Correctivo,CENTRO,HOSPITAL GENERAL DE CHILPANCINGO,MIRAGE,S/M,S/SERIE,BAH 14,MINISPLIT 1.0 TON,MINISPLIT,Aire Acondicionado,4040
749,Preventivo,CENTRO,HOSPITAL GENERAL DE CHILPANCINGO,YORK,S/M,S/SERIE,TIPO MINI SPLIT DE 1 1/2 TONELADA,UNIDAD PAQUETE 5.5 TON,PAQUETE,Aire Acondicionado,4041
750,Correctivo,CENTRO,HOSPITAL GENERAL DE CHILPANCINGO,YORK,S/M,S/SERIE,TIPO MINI SPLIT DE 1 1/2 TONELADA,UNIDAD PAQUETE 5.5 TON,PAQUETE,Aire Acondicionado,4042
751,Preventivo,CENTRO,HOSPITAL GENERAL DE CHILPANCINGO,YORK,S/M,S/SERIE,TIPO MINI SPLIT DE 1 1/2 TONELADA,UNIDAD PAQUETE 5.5 TON,PAQUETE,Aire Acondicionado,4043
752,Correctivo,CENTRO,HOSPITAL GENERAL DE CHILPANCINGO,YORK,S/M,S/SERIE,TIPO MINI SPLIT DE 1 1/2 TONELADA,UNIDAD PAQUETE 5.5 TON,PAQUETE,Aire Acondicionado,4044
753,Preventivo,CENTRO,HOSPITAL GENERAL DE CHILPANCINGO,MIRAGE,S/M,S/SERIE,BAH 020,MiniSplit 1.5 ton,MINISPLIT,Aire Acondicionado,4045
754,Correctivo,CENTRO,HOSPITAL GENERAL DE CHILPANCINGO,MIRAGE,S/M,S/SERIE,BAH 020,MiniSplit 1.5 ton,MINISPLIT,Aire Acondicionado,4046
755,Preventivo,CENTRO,HOSPITAL GENERAL DE CHILPANCINGO,MIRAGE,S/M,S/SERIE,BAH 15,MiniSplit 1.5 ton,MINISPLIT,Aire Acondicionado,4047
756,Correctivo,CENTRO,HOSPITAL GENERAL DE CHILPANCINGO,MIRAGE,S/M,S/SERIE,BAH 15,MiniSplit 1.5 ton,MINISPLIT,Aire Acondicionado,4048
757,Preventivo,CENTRO,HOSPITAL GENERAL DE CHILPANCINGO,MIRAGE,S/M,S/SERIE,BAH 16,MiniSplit 1.5 ton,MINISPLIT,Aire Acondicionado,4049
758,Correctivo,CENTRO,HOSPITAL GENERAL DE CHILPANCINGO,MIRAGE,S/M,S/SERIE,BAH 16,MiniSplit 1.5 ton,MINISPLIT,Aire Acondicionado,4050
759,Preventivo,CENTRO,HOSPITAL GENERAL DE CHILPANCINGO,MIRAGE,S/M,S/SERIE,BAH 19,MiniSplit 1.5 ton,MINISPLIT,Aire Acondicionado,4051
760,Correctivo,CENTRO,HOSPITAL GENERAL DE CHILPANCINGO,MIRAGE,S/M,S/SERIE,BAH 19,MiniSplit 1.5 ton,MINISPLIT,Aire Acondicionado,4052
761,Preventivo,CENTRO,HOSPITAL GENERAL DE CHILPANCINGO,MIRAGE,S/M,S/SERIE,BAH 20,MiniSplit 1.5 ton,MINISPLIT,Aire Acondicionado,4053
762,Correctivo,CENTRO,HOSPITAL GENERAL DE CHILPANCINGO,MIRAGE,S/M,S/SERIE,BAH 20,MiniSplit 1.5 ton,MINISPLIT,Aire Acondicionado,4054
763,Preventivo,CENTRO,HOSPITAL GENERAL DE CHILPANCINGO,MIRAGE,S/M,S/SERIE,BAH 21.,MiniSplit 1.5 ton,MINISPLIT,Aire Acondicionado,4055
764,Correctivo,CENTRO,HOSPITAL GENERAL DE CHILPANCINGO,MIRAGE,S/M,S/SERIE,BAH 21.,MiniSplit 1.5 ton,MINISPLIT,Aire Acondicionado,4056
765,Preventivo,CENTRO,HOSPITAL GENERAL DE CHILPANCINGO,MIRAGE,S/M,S/SERIE,BAH 22,MINISPLIT 1.0 TON,MINISPLIT,Aire Acondicionado,4057
766,Correctivo,CENTRO,HOSPITAL GENERAL DE CHILPANCINGO,MIRAGE,S/M,S/SERIE,BAH 22,MINISPLIT 1.0 TON,MINISPLIT,Aire Acondicionado,4058
767,Preventivo,CENTRO,HOSPITAL GENERAL DE CHILPANCINGO,MIRAGE,S/M,S/SERIE,BAH 23,MINISPLIT 1.0 TON,MINISPLIT,Aire Acondicionado,4059
768,Correctivo,CENTRO,HOSPITAL GENERAL DE CHILPANCINGO,MIRAGE,S/M,S/SERIE,BAH 23,MINISPLIT 1.0 TON,MINISPLIT,Aire Acondicionado,4060
769,Preventivo,CENTRO,HOSPITAL GENERAL DE CHILPANCINGO,MIRAGE,S/M,S/SERIE,BAH 25,MINISPLIT 1.0 TON,MINISPLIT,Aire Acondicionado,4061
770,Correctivo,CENTRO,HOSPITAL GENERAL DE CHILPANCINGO,MIRAGE,S/M,S/SERIE,BAH 25,MINISPLIT 1.0 TON,MINISPLIT,Aire Acondicionado,4062
771,Preventivo,CENTRO,HOSPITAL GENERAL DE CHILPANCINGO,MIRAGE,S/M,S/SERIE,BAH 26,MINISPLIT 1.0 TON,MINISPLIT,Aire Acondicionado,4063
772,Correctivo,CENTRO,HOSPITAL GENERAL DE CHILPANCINGO,MIRAGE,S/M,S/SERIE,BAH 26,MINISPLIT 1.0 TON,MINISPLIT,Aire Acondicionado,4064
773,Preventivo,CENTRO,HOSPITAL GENERAL DE CHILPANCINGO,MIRAGE,S/M,S/SERIE,BAH 27,MINISPLIT 1.0 TON,MINISPLIT,Aire Acondicionado,4065
774,Correctivo,CENTRO,HOSPITAL GENERAL DE CHILPANCINGO,MIRAGE,S/M,S/SERIE,BAH 27,MINISPLIT 1.0 TON,MINISPLIT,Aire Acondicionado,4066
775,Preventivo,CENTRO,HOSPITAL GENERAL DE CHILPANCINGO,MIDEA,S/M,S/SERIE,BAH 29,MINISPLIT 2.0 TON,MINISPLIT,Aire Acondicionado,4067
776,Correctivo,CENTRO,HOSPITAL GENERAL DE CHILPANCINGO,MIDEA,S/M,S/SERIE,BAH 29,MINISPLIT 2.0 TON,MINISPLIT,Aire Acondicionado,4068
777,Preventivo,CENTRO,HOSPITAL GENERAL DE CHILPANCINGO,MIRAGE,S/M,S/SERIE,BAH 28,MINISPLIT 1.0 TON,MINISPLIT,Aire Acondicionado,4069
778,Correctivo,CENTRO,HOSPITAL GENERAL DE CHILPANCINGO,MIRAGE,S/M,S/SERIE,BAH 28,MINISPLIT 1.0 TON,MINISPLIT,Aire Acondicionado,4070
779,Preventivo,CENTRO,HOSPITAL GENERAL DE CHILPANCINGO,SM,SN,SN,2023,TORRE DE ENFRIAMIENTO 1,TORRE,Aire Acondicionado,4071
780,Correctivo,CENTRO,HOSPITAL GENERAL DE CHILPANCINGO,SM,SN,SN,2023,TORRE DE ENFRIAMIENTO 1,TORRE,Aire Acondicionado,4072
781,Preventivo,CENTRO,HOSPITAL GENERAL DE CHILPANCINGO,SM,SN,SN,2023,TORRE DE ENFRIAMIENTO 2,TORRE,Aire Acondicionado,4073
782,Correctivo,CENTRO,HOSPITAL GENERAL DE CHILPANCINGO,SM,SN,SN,2023,TORRE DE ENFRIAMIENTO 2,TORRE,Aire Acondicionado,4074
783,Preventivo,CENTRO,HOSPITAL GENERAL DE CHILPANCINGO,DUNHAM-BUSH,WCFX36ARM1RJ3R,2A92100076,2023,BOMBA DE RECIRCULACION 1,BOMBA,Aire Acondicionado,4075
784,Correctivo,CENTRO,HOSPITAL GENERAL DE CHILPANCINGO,DUNHAM-BUSH,WCFX36ARM1RJ3R,2A92100076,2023,BOMBA DE RECIRCULACION 1,BOMBA,Aire Acondicionado,4076
785,Preventivo,CENTRO,HOSPITAL GENERAL DE CHILPANCINGO,DUNHAM-BUSH,WCFX36ARM1RJ3R,2A92100075,2023,BOMBA DE RECIRCULACION 2,BOMBA,Aire Acondicionado,4077
786,Correctivo,CENTRO,HOSPITAL GENERAL DE CHILPANCINGO,DUNHAM-BUSH,WCFX36ARM1RJ3R,2A92100075,2023,BOMBA DE RECIRCULACION 2,BOMBA,Aire Acondicionado,4078
787,Preventivo,CENTRO,HOSPITAL GENERAL DE CHILPANCINGO,DUNHAM-BUSH,WCFX36ARM1RJ3R,2A92100076,2023,BOMBA DE RECIRCULACION 3,BOMBA,Aire Acondicionado,4079
788,Correctivo,CENTRO,HOSPITAL GENERAL DE CHILPANCINGO,DUNHAM-BUSH,WCFX36ARM1RJ3R,2A92100076,2023,BOMBA DE RECIRCULACION 3,BOMBA,Aire Acondicionado,4080
789,Preventivo,CENTRO,HOSPITAL GENERAL DE CHILPANCINGO,DUNHAM-BUSH,WCFX36ARM1RJ3R,2A92100075,2023,BOMBA DE RECIRCULACION 4,BOMBA,Aire Acondicionado,4081
790,Correctivo,CENTRO,HOSPITAL GENERAL DE CHILPANCINGO,DUNHAM-BUSH,WCFX36ARM1RJ3R,2A92100075,2023,BOMBA DE RECIRCULACION 4,BOMBA,Aire Acondicionado,4082
791,Preventivo,CENTRO,HOSPITAL GENERAL DE CHILPANCINGO,DUNHAM-BUSH,WCFX36ARM1RJ3R,2A92100076,2023,BOMBA DE RECIRCULACION 5,BOMBA,Aire Acondicionado,4083
792,Correctivo,CENTRO,HOSPITAL GENERAL DE CHILPANCINGO,DUNHAM-BUSH,WCFX36ARM1RJ3R,2A92100076,2023,BOMBA DE RECIRCULACION 5,BOMBA,Aire Acondicionado,4084
793,Preventivo,CENTRO,HOSPITAL GENERAL DE CHILPANCINGO,DUNHAM-BUSH,WCFX36ARM1RJ3R,2A92100075,2023,BOMBA DE RECIRCULACION 6,BOMBA,Aire Acondicionado,4085
794,Correctivo,CENTRO,HOSPITAL GENERAL DE CHILPANCINGO,DUNHAM-BUSH,WCFX36ARM1RJ3R,2A92100075,2023,BOMBA DE RECIRCULACION 6,BOMBA,Aire Acondicionado,4086
375,Preventivo,CENTRO,HOSPITAL GENERAL CHILAPA DE ÁLVAREZ PZC,YORK,YVAA0213ARF46BAVSXXXSAXLXXXX6044XOFXXV204X 1SXSA2BTXFBX1XXXXXXXXSXX,11551F97161607,IMB.CHILAPA.MANTTO.0078,CHILLER 200 TON.,CHILLER,Aire Acondicionado,4087
376,Correctivo,CENTRO,HOSPITAL GENERAL CHILAPA DE ÁLVAREZ PZC,YORK,YVAA0213ARF46BAVSXXXSAXLXXXX6044XOFXXV204X 1SXSA2BTXFBX1XXXXXXXXSXX,11551F97161607,IMB.CHILAPA.MANTTO.0078,CHILLER 200 TON.,CHILLER,Aire Acondicionado,4088
377,Preventivo,CENTRO,HOSPITAL GENERAL CHILAPA DE ÁLVAREZ PZC,YORK,YVAA0213ARF46BAVSXXXSAXLXXXX6044XOFXXV204X 1SXSA2BTXFBX1XXXXXXXXSXX,11551F97161608,IMB.CHILAPA.MANTTO.0079,CHILLER 200 TON.,CHILLER,Aire Acondicionado,4089
378,Correctivo,CENTRO,HOSPITAL GENERAL CHILAPA DE ÁLVAREZ PZC,YORK,YVAA0213ARF46BAVSXXXSAXLXXXX6044XOFXXV204X 1SXSA2BTXFBX1XXXXXXXXSXX,11551F97161608,IMB.CHILAPA.MANTTO.0079,CHILLER 200 TON.,CHILLER,Aire Acondicionado,4090
379,Preventivo,CENTRO,HOSPITAL GENERAL CHILAPA DE ÁLVAREZ PZC,YORK,YSM50M-1115-5-L,50531G97560029,IMB.CHILAPA.MANTTO.080,UMAS (NO. 11),UMA,Aire Acondicionado,4091
380,Correctivo,CENTRO,HOSPITAL GENERAL CHILAPA DE ÁLVAREZ PZC,YORK,YSM50M-1115-5-L,50531G97560029,IMB.CHILAPA.MANTTO.080,UMAS (NO. 11),UMA,Aire Acondicionado,4092
381,Preventivo,CENTRO,HOSPITAL GENERAL CHILAPA DE ÁLVAREZ PZC,YORK,YSM50M-0715-S-R,S/S,IMB.CHILAPA.MANTTO.081,UMAS (NO. 8),UMA,Aire Acondicionado,4093
382,Correctivo,CENTRO,HOSPITAL GENERAL CHILAPA DE ÁLVAREZ PZC,YORK,YSM50M-0715-S-R,S/S,IMB.CHILAPA.MANTTO.081,UMAS (NO. 8),UMA,Aire Acondicionado,4094
383,Preventivo,CENTRO,HOSPITAL GENERAL CHILAPA DE ÁLVAREZ PZC,YORK,YSM50M-0915-S-R,50531G97560028,IMB.CHILAPA.MANTTO.082,"UMAS (NO, 10)",UMA,Aire Acondicionado,4095
384,Correctivo,CENTRO,HOSPITAL GENERAL CHILAPA DE ÁLVAREZ PZC,YORK,YSM50M-0915-S-R,50531G97560028,IMB.CHILAPA.MANTTO.082,"UMAS (NO, 10)",UMA,Aire Acondicionado,4096
385,Preventivo,CENTRO,HOSPITAL GENERAL CHILAPA DE ÁLVAREZ PZC,YORK,YSM50M-0715-S-R,50531G975600027,IMB.CHILAPA.MANTTO.083,"UMAS (NO, 9)",UMA,Aire Acondicionado,4097
386,Correctivo,CENTRO,HOSPITAL GENERAL CHILAPA DE ÁLVAREZ PZC,YORK,YSM50M-0715-S-R,50531G975600027,IMB.CHILAPA.MANTTO.083,"UMAS (NO, 9)",UMA,Aire Acondicionado,4098
387,Preventivo,CENTRO,HOSPITAL GENERAL CHILAPA DE ÁLVAREZ PZC,YORK,YSM50M-0915-S-R,50531G97560030,IMB.CHILAPA.MANTTO.084,"UMAS (NO, 12)",UMA,Aire Acondicionado,4099
388,Correctivo,CENTRO,HOSPITAL GENERAL CHILAPA DE ÁLVAREZ PZC,YORK,YSM50M-0915-S-R,50531G97560030,IMB.CHILAPA.MANTTO.084,"UMAS (NO, 12)",UMA,Aire Acondicionado,4100
389,Preventivo,CENTRO,HOSPITAL GENERAL CHILAPA DE ÁLVAREZ PZC,YORK,YSM50M-0917-S-L,50531G97560031,IMB.CHILAPA.MANTTO.085,"UMAS (NO, 13)",UMA,Aire Acondicionado,4101
390,Correctivo,CENTRO,HOSPITAL GENERAL CHILAPA DE ÁLVAREZ PZC,YORK,YSM50M-0917-S-L,50531G97560031,IMB.CHILAPA.MANTTO.085,"UMAS (NO, 13)",UMA,Aire Acondicionado,4102
391,Preventivo,CENTRO,HOSPITAL GENERAL CHILAPA DE ÁLVAREZ PZC,YORK,YSM50M-0913-S-L,50531G97560022,IMB.CHILAPA.MANTTO.086,"UMAS (NO, 2)",UMA,Aire Acondicionado,4103
392,Correctivo,CENTRO,HOSPITAL GENERAL CHILAPA DE ÁLVAREZ PZC,YORK,YSM50M-0913-S-L,50531G97560022,IMB.CHILAPA.MANTTO.086,"UMAS (NO, 2)",UMA,Aire Acondicionado,4104
393,Preventivo,CENTRO,HOSPITAL GENERAL CHILAPA DE ÁLVAREZ PZC,YORK,YSM50M-0915-S-L,50531G9760021,IMB.CHILAPA.MANTTO.087,"UMAS (NO, 1)",UMA,Aire Acondicionado,4105
394,Correctivo,CENTRO,HOSPITAL GENERAL CHILAPA DE ÁLVAREZ PZC,YORK,YSM50M-0915-S-L,50531G9760021,IMB.CHILAPA.MANTTO.087,"UMAS (NO, 1)",UMA,Aire Acondicionado,4106
395,Preventivo,CENTRO,HOSPITAL GENERAL CHILAPA DE ÁLVAREZ PZC,YORK,YSM50M-1320-S-L,50531G9760032,IMB.CHILAPA.MANTTO.088,"UMAS (NO, 14)",UMA,Aire Acondicionado,4107
396,Correctivo,CENTRO,HOSPITAL GENERAL CHILAPA DE ÁLVAREZ PZC,YORK,YSM50M-1320-S-L,50531G9760032,IMB.CHILAPA.MANTTO.088,"UMAS (NO, 14)",UMA,Aire Acondicionado,4108
397,Preventivo,CENTRO,HOSPITAL GENERAL CHILAPA DE ÁLVAREZ PZC,YORK,YSM50M-0511-S-L,S/S,IMB.CHILAPA.MANTTO.089,"UMAS (NO, 5)",UMA,Aire Acondicionado,4109
398,Correctivo,CENTRO,HOSPITAL GENERAL CHILAPA DE ÁLVAREZ PZC,YORK,YSM50M-0511-S-L,S/S,IMB.CHILAPA.MANTTO.089,"UMAS (NO, 5)",UMA,Aire Acondicionado,4110
399,Preventivo,CENTRO,HOSPITAL GENERAL CHILAPA DE ÁLVAREZ PZC,YORK,YSM50M-0911-S-L,50531G97560025,IMB.CHILAPA.MANTTO.090,"UMAS (NO, 7)",UMA,Aire Acondicionado,4111
400,Correctivo,CENTRO,HOSPITAL GENERAL CHILAPA DE ÁLVAREZ PZC,YORK,YSM50M-0911-S-L,50531G97560025,IMB.CHILAPA.MANTTO.090,"UMAS (NO, 7)",UMA,Aire Acondicionado,4112
401,Preventivo,CENTRO,HOSPITAL GENERAL CHILAPA DE ÁLVAREZ PZC,YORK,XT1-042X036,AGGMXT0055,IMB.CHILAPA.MANTTO.091,"UMAS (NO, 4)",UMA,Aire Acondicionado,4113
402,Correctivo,CENTRO,HOSPITAL GENERAL CHILAPA DE ÁLVAREZ PZC,YORK,XT1-042X036,AGGMXT0055,IMB.CHILAPA.MANTTO.091,"UMAS (NO, 4)",UMA,Aire Acondicionado,4114
403,Preventivo,CENTRO,HOSPITAL GENERAL CHILAPA DE ÁLVAREZ PZC,YORK,YSM50M-1115-S-R,50531G97560023,IMB.CHILAPA.MANTTO.092,"UMAS (NO, 3)",UMA,Aire Acondicionado,4115
404,Correctivo,CENTRO,HOSPITAL GENERAL CHILAPA DE ÁLVAREZ PZC,YORK,YSM50M-1115-S-R,50531G97560023,IMB.CHILAPA.MANTTO.092,"UMAS (NO, 3)",UMA,Aire Acondicionado,4116
405,Preventivo,CENTRO,HOSPITAL GENERAL CHILAPA DE ÁLVAREZ PZC,YORK,XT1-045X036,AGGMXT0037,IMB.CHILAPA.MANTTO.093,"UMAS (NO, 6)",UMA,Aire Acondicionado,4117
406,Correctivo,CENTRO,HOSPITAL GENERAL CHILAPA DE ÁLVAREZ PZC,YORK,XT1-045X036,AGGMXT0037,IMB.CHILAPA.MANTTO.093,"UMAS (NO, 6)",UMA,Aire Acondicionado,4118
407,Preventivo,CENTRO,HOSPITAL GENERAL CHILAPA DE ÁLVAREZ PZC,YORK,S/M,S/SERIE,IMB.CHILAPA.CONSUL.REHAB.0014,MiniSplit 1.5 ton,MINISPLIT,Aire Acondicionado,4119
408,Correctivo,CENTRO,HOSPITAL GENERAL CHILAPA DE ÁLVAREZ PZC,YORK,S/M,S/SERIE,IMB.CHILAPA.CONSUL.REHAB.0014,MiniSplit 1.5 ton,MINISPLIT,Aire Acondicionado,4120
409,Preventivo,CENTRO,HOSPITAL GENERAL CHILAPA DE ÁLVAREZ PZC,YORK,S/M,S/SERIE,IMB.CHILAPA.ESTOMAT.0017,MiniSplit 2.5 ton,MINISPLIT,Aire Acondicionado,4121
410,Correctivo,CENTRO,HOSPITAL GENERAL CHILAPA DE ÁLVAREZ PZC,YORK,S/M,S/SERIE,IMB.CHILAPA.ESTOMAT.0017,MiniSplit 2.5 ton,MINISPLIT,Aire Acondicionado,4122
411,Preventivo,CENTRO,HOSPITAL GENERAL CHILAPA DE ÁLVAREZ PZC,YORK,S/M,S/SERIE,IMB.CHILAPA.CONS.GINECO.0016,MINISPLIT 2.0 TON,MINISPLIT,Aire Acondicionado,4123
412,Correctivo,CENTRO,HOSPITAL GENERAL CHILAPA DE ÁLVAREZ PZC,YORK,S/M,S/SERIE,IMB.CHILAPA.CONS.GINECO.0016,MINISPLIT 2.0 TON,MINISPLIT,Aire Acondicionado,4124
413,Preventivo,CENTRO,HOSPITAL GENERAL CHILAPA DE ÁLVAREZ PZC,YORK,S/M,S/SERIE,IMB.CHILAPA.DIETA.0007,MINISPLIT 2.0 TON,MINISPLIT,Aire Acondicionado,4125
414,Correctivo,CENTRO,HOSPITAL GENERAL CHILAPA DE ÁLVAREZ PZC,YORK,S/M,S/SERIE,IMB.CHILAPA.DIETA.0007,MINISPLIT 2.0 TON,MINISPLIT,Aire Acondicionado,4126
415,Preventivo,CENTRO,HOSPITAL GENERAL CHILAPA DE ÁLVAREZ PZC,YORK,S/M,S/SERIE,IMB.CHILAPA.ENSEÑANZA.0106,MiniSplit 1.5 ton,MINISPLIT,Aire Acondicionado,4127
416,Correctivo,CENTRO,HOSPITAL GENERAL CHILAPA DE ÁLVAREZ PZC,YORK,S/M,S/SERIE,IMB.CHILAPA.ENSEÑANZA.0106,MiniSplit 1.5 ton,MINISPLIT,Aire Acondicionado,4128
417,Preventivo,CENTRO,HOSPITAL GENERAL CHILAPA DE ÁLVAREZ PZC,YORK,S/M,S/SERIE,IMB.CHILAPA.ENSEÑANZA.0096,CASETTE,,Aire Acondicionado,4129
418,Correctivo,CENTRO,HOSPITAL GENERAL CHILAPA DE ÁLVAREZ PZC,YORK,S/M,S/SERIE,IMB.CHILAPA.ENSEÑANZA.0096,CASETTE,,Aire Acondicionado,4130
419,Preventivo,CENTRO,HOSPITAL GENERAL CHILAPA DE ÁLVAREZ PZC,YORK,S/M,S/SERIE,IMB.CHILAPA.ENSEÑANZA.0097,CASETTE,,Aire Acondicionado,4131
420,Correctivo,CENTRO,HOSPITAL GENERAL CHILAPA DE ÁLVAREZ PZC,YORK,S/M,S/SERIE,IMB.CHILAPA.ENSEÑANZA.0097,CASETTE,,Aire Acondicionado,4132
421,Preventivo,CENTRO,HOSPITAL GENERAL CHILAPA DE ÁLVAREZ PZC,YORK,S/M,S/SERIE,IMB.CHILAPA.CALIDAD.0009,MiniSplit 1.5 ton,MINISPLIT,Aire Acondicionado,4133
422,Correctivo,CENTRO,HOSPITAL GENERAL CHILAPA DE ÁLVAREZ PZC,YORK,S/M,S/SERIE,IMB.CHILAPA.CALIDAD.0009,MiniSplit 1.5 ton,MINISPLIT,Aire Acondicionado,4134
423,Preventivo,CENTRO,HOSPITAL GENERAL CHILAPA DE ÁLVAREZ PZC,YORK,S/M,S/SERIE,IMB.CHILAPA.ESTADISTICA.0010,MiniSplit 1.5 ton,MINISPLIT,Aire Acondicionado,4135
424,Correctivo,CENTRO,HOSPITAL GENERAL CHILAPA DE ÁLVAREZ PZC,YORK,S/M,S/SERIE,IMB.CHILAPA.ESTADISTICA.0010,MiniSplit 1.5 ton,MINISPLIT,Aire Acondicionado,4136
425,Preventivo,CENTRO,HOSPITAL GENERAL CHILAPA DE ÁLVAREZ PZC,YORK,YHFE182JMAXAORX,S/SERIE,IMB.CHILAPA.SITE.0009,MiniSplit 1.5 ton,MINISPLIT,Aire Acondicionado,4137
426,Correctivo,CENTRO,HOSPITAL GENERAL CHILAPA DE ÁLVAREZ PZC,YORK,YHFE182JMAXAORX,S/SERIE,IMB.CHILAPA.SITE.0009,MiniSplit 1.5 ton,MINISPLIT,Aire Acondicionado,4138
427,Preventivo,CENTRO,HOSPITAL GENERAL CHILAPA DE ÁLVAREZ PZC,YORK,YNFFXC048BAAD-FX,348901497190300019,IMB.CHILAPA.SALAJUNTAS.0028,MiniSplit 4 ton,MINISPLIT,Aire Acondicionado,4139
428,Correctivo,CENTRO,HOSPITAL GENERAL CHILAPA DE ÁLVAREZ PZC,YORK,YNFFXC048BAAD-FX,348901497190300019,IMB.CHILAPA.SALAJUNTAS.0028,MiniSplit 4 ton,MINISPLIT,Aire Acondicionado,4140
429,Preventivo,CENTRO,HOSPITAL GENERAL CHILAPA DE ÁLVAREZ PZC,YORK,S/M,S/S,IMB.CHILAPA.CONS. ABORTO SEG..0007,CASETTE,,Aire Acondicionado,4141
430,Correctivo,CENTRO,HOSPITAL GENERAL CHILAPA DE ÁLVAREZ PZC,YORK,S/M,S/S,IMB.CHILAPA.CONS. ABORTO SEG..0007,CASETTE,,Aire Acondicionado,4142
431,Preventivo,CENTRO,HOSPITAL GENERAL CHILAPA DE ÁLVAREZ PZC,YORK,YHFE12XJMAXA-RX,S/S,IMB.CHILAPA.SUBMED.0010,MiniSplit 1 ton,MINISPLIT,Aire Acondicionado,4143
432,Correctivo,CENTRO,HOSPITAL GENERAL CHILAPA DE ÁLVAREZ PZC,YORK,YHFE12XJMAXA-RX,S/S,IMB.CHILAPA.SUBMED.0010,MiniSplit 1 ton,MINISPLIT,Aire Acondicionado,4144
433,Preventivo,CENTRO,HOSPITAL GENERAL CHILAPA DE ÁLVAREZ PZC,YORK,YHFE12XJMAXA-RX,S/S,IMB.CHILAPA.EPIDEMIOL.0024,MiniSplit 1 ton,MINISPLIT,Aire Acondicionado,4145
434,Correctivo,CENTRO,HOSPITAL GENERAL CHILAPA DE ÁLVAREZ PZC,YORK,YHFE12XJMAXA-RX,S/S,IMB.CHILAPA.EPIDEMIOL.0024,MiniSplit 1 ton,MINISPLIT,Aire Acondicionado,4146
435,Preventivo,CENTRO,HOSPITAL GENERAL CHILAPA DE ÁLVAREZ PZC,YORK,YNFFXCO48BAAD-FX,S/S,IMB.CHILAPA.COMEDOR.00001,MiniSplit 4 ton,MINISPLIT,Aire Acondicionado,4147
436,Correctivo,CENTRO,HOSPITAL GENERAL CHILAPA DE ÁLVAREZ PZC,YORK,YNFFXCO48BAAD-FX,S/S,IMB.CHILAPA.COMEDOR.00001,MiniSplit 4 ton,MINISPLIT,Aire Acondicionado,4148
437,Preventivo,CENTRO,HOSPITAL GENERAL CHILAPA DE ÁLVAREZ PZC,YORK,S/M,S/S,IMB.CHILAPA.CONSUL.PEDIATRIA.0012,MiniSplit 2 ton,MINISPLIT,Aire Acondicionado,4149
438,Correctivo,CENTRO,HOSPITAL GENERAL CHILAPA DE ÁLVAREZ PZC,YORK,S/M,S/S,IMB.CHILAPA.CONSUL.PEDIATRIA.0012,MiniSplit 2 ton,MINISPLIT,Aire Acondicionado,4150
439,Preventivo,CENTRO,HOSPITAL GENERAL CHILAPA DE ÁLVAREZ PZC,YORK,YHGE24XJMAXA-RX,S/S,IMB.CHILAPA.DIRECCION.0010,MiniSplit 2 ton,MINISPLIT,Aire Acondicionado,4151
440,Correctivo,CENTRO,HOSPITAL GENERAL CHILAPA DE ÁLVAREZ PZC,YORK,YHGE24XJMAXA-RX,S/S,IMB.CHILAPA.DIRECCION.0010,MiniSplit 2 ton,MINISPLIT,Aire Acondicionado,4152
441,Preventivo,CENTRO,HOSPITAL GENERAL CHILAPA DE ÁLVAREZ PZC,YORK,YHFE18XJMAXA-RX,S/S,IMB.CHILAPA.ADMON.0012,MiniSplit 1.5 ton,MINISPLIT,Aire Acondicionado,4153
442,Correctivo,CENTRO,HOSPITAL GENERAL CHILAPA DE ÁLVAREZ PZC,YORK,YHFE18XJMAXA-RX,S/S,IMB.CHILAPA.ADMON.0012,MiniSplit 1.5 ton,MINISPLIT,Aire Acondicionado,4154
443,Preventivo,CENTRO,HOSPITAL GENERAL CHILAPA DE ÁLVAREZ PZC,YORK,YHFE18XJMAXA-RX,S/S,IMB.CHILAPA.FARMACO.0007,CASETTE,,Aire Acondicionado,4155
444,Correctivo,CENTRO,HOSPITAL GENERAL CHILAPA DE ÁLVAREZ PZC,YORK,YHFE18XJMAXA-RX,S/S,IMB.CHILAPA.FARMACO.0007,CASETTE,,Aire Acondicionado,4156
445,Preventivo,CENTRO,HOSPITAL GENERAL CHILAPA DE ÁLVAREZ PZC,YORK,YSCC18FSAADG,S/S,IMB.CHILAPA.RAYOS.X.0021,MiniSplit 1.5 ton,MINISPLIT,Aire Acondicionado,4157
446,Correctivo,CENTRO,HOSPITAL GENERAL CHILAPA DE ÁLVAREZ PZC,YORK,YSCC18FSAADG,S/S,IMB.CHILAPA.RAYOS.X.0021,MiniSplit 1.5 ton,MINISPLIT,Aire Acondicionado,4158
447,Preventivo,CENTRO,HOSPITAL GENERAL CHILAPA DE ÁLVAREZ PZC,YORK,YSCC18FSAADG,S/S,IMB.CHILAPA.RAYOS.X.0030,MiniSplit 1.5 ton,MINISPLIT,Aire Acondicionado,4159
448,Correctivo,CENTRO,HOSPITAL GENERAL CHILAPA DE ÁLVAREZ PZC,YORK,YSCC18FSAADG,S/S,IMB.CHILAPA.RAYOS.X.0030,MiniSplit 1.5 ton,MINISPLIT,Aire Acondicionado,4160
449,Preventivo,CENTRO,HOSPITAL GENERAL CHILAPA DE ÁLVAREZ PZC,YORK,YSEC12FS-ADG,S/S,IMB.CHILAPA.RAYOS.X.0046,MiniSplit 1 ton,MINISPLIT,Aire Acondicionado,4161
450,Correctivo,CENTRO,HOSPITAL GENERAL CHILAPA DE ÁLVAREZ PZC,YORK,YSEC12FS-ADG,S/S,IMB.CHILAPA.RAYOS.X.0046,MiniSplit 1 ton,MINISPLIT,Aire Acondicionado,4162
451,Preventivo,CENTRO,HOSPITAL GENERAL CHILAPA DE ÁLVAREZ PZC,YORK,YUJE48BYJ6AMO-X,3426024811S0100013,IMB.CHILAPA.URG.GRAL.0082,CASETTE,,Aire Acondicionado,4163
452,Correctivo,CENTRO,HOSPITAL GENERAL CHILAPA DE ÁLVAREZ PZC,YORK,YUJE48BYJ6AMO-X,3426024811S0100013,IMB.CHILAPA.URG.GRAL.0082,CASETTE,,Aire Acondicionado,4164
453,Preventivo,CENTRO,HOSPITAL GENERAL CHILAPA DE ÁLVAREZ PZC,YORK,YUJE48BYJ6AMO-X,3426024811901C0022,IMB.CHILAPA.URG.GRAL.0083,CASETTE,,Aire Acondicionado,4165
454,Correctivo,CENTRO,HOSPITAL GENERAL CHILAPA DE ÁLVAREZ PZC,YORK,YUJE48BYJ6AMO-X,3426024811901C0022,IMB.CHILAPA.URG.GRAL.0083,CASETTE,,Aire Acondicionado,4166
455,Preventivo,CENTRO,HOSPITAL GENERAL CHILAPA DE ÁLVAREZ PZC,YORK,S/M,S/S,IMB.CHILAPA.URG.OBST.0010,CASETTE,,Aire Acondicionado,4167
456,Correctivo,CENTRO,HOSPITAL GENERAL CHILAPA DE ÁLVAREZ PZC,YORK,S/M,S/S,IMB.CHILAPA.URG.OBST.0010,CASETTE,,Aire Acondicionado,4168
457,Preventivo,CENTRO,HOSPITAL GENERAL CHILAPA DE ÁLVAREZ PZC,YORK,S/M,S/S,IMB.CHILAPA.URG.OBST.0011,CASETTE,,Aire Acondicionado,4169
458,Correctivo,CENTRO,HOSPITAL GENERAL CHILAPA DE ÁLVAREZ PZC,YORK,S/M,S/S,IMB.CHILAPA.URG.OBST.0011,CASETTE,,Aire Acondicionado,4170
459,Preventivo,CENTRO,HOSPITAL GENERAL CHILAPA DE ÁLVAREZ PZC,YORK,YHFE12ZJMAXAORX,020201283181100015,IMB.CHILAPA.RESIDENTES.0004,MiniSplit 1 ton,MINISPLIT,Aire Acondicionado,4171
460,Correctivo,CENTRO,HOSPITAL GENERAL CHILAPA DE ÁLVAREZ PZC,YORK,YHFE12ZJMAXAORX,020201283181100015,IMB.CHILAPA.RESIDENTES.0004,MiniSplit 1 ton,MINISPLIT,Aire Acondicionado,4172
461,Preventivo,CENTRO,HOSPITAL GENERAL CHILAPA DE ÁLVAREZ PZC,YORK,YHFE12ZJMAXAORX,020201283181100123,IMB.CHILAPA.RESIDENTES.0007,MiniSplit 1 ton,MINISPLIT,Aire Acondicionado,4173
462,Correctivo,CENTRO,HOSPITAL GENERAL CHILAPA DE ÁLVAREZ PZC,YORK,YHFE12ZJMAXAORX,020201283181100123,IMB.CHILAPA.RESIDENTES.0007,MiniSplit 1 ton,MINISPLIT,Aire Acondicionado,4174
463,Preventivo,CENTRO,HOSPITAL GENERAL CHILAPA DE ÁLVAREZ PZC,PICSA,3X4X11,90263-A,IMB.CHILAPA.MANTTO.093,BOMBAS DE CIRCULACION DE AGUA HELADA,BOMBA,Aire Acondicionado,4175
464,Correctivo,CENTRO,HOSPITAL GENERAL CHILAPA DE ÁLVAREZ PZC,PICSA,3X4X11,90263-A,IMB.CHILAPA.MANTTO.093,BOMBAS DE CIRCULACION DE AGUA HELADA,BOMBA,Aire Acondicionado,4176
465,Preventivo,CENTRO,HOSPITAL GENERAL CHILAPA DE ÁLVAREZ PZC,PICSA,3X4X11,90263-B,IMB.CHILAPA.MANTTO.094,BOMBAS DE CIRCULACION DE AGUA HELADA,BOMBA,Aire Acondicionado,4177
466,Correctivo,CENTRO,HOSPITAL GENERAL CHILAPA DE ÁLVAREZ PZC,PICSA,3X4X11,90263-B,IMB.CHILAPA.MANTTO.094,BOMBAS DE CIRCULACION DE AGUA HELADA,BOMBA,Aire Acondicionado,4178
467,Preventivo,CENTRO,HOSPITAL GENERAL CHILAPA DE ÁLVAREZ PZC,JOHNSON CONTROLS,FHP,6EGM010075,IMB.CHILAPA.MANTTO.095,FAN AND COIL,,Aire Acondicionado,4179
468,Correctivo,CENTRO,HOSPITAL GENERAL CHILAPA DE ÁLVAREZ PZC,JOHNSON CONTROLS,FHP,6EGM010075,IMB.CHILAPA.MANTTO.095,FAN AND COIL,,Aire Acondicionado,4180
469,Preventivo,CENTRO,HOSPITAL GENERAL CHILAPA DE ÁLVAREZ PZC,JOHNSON CONTROLS,FHP,S/S,IMB.CHILAPA.MANTTO.096,FAN AND COIL,,Aire Acondicionado,4181
470,Correctivo,CENTRO,HOSPITAL GENERAL CHILAPA DE ÁLVAREZ PZC,JOHNSON CONTROLS,FHP,S/S,IMB.CHILAPA.MANTTO.096,FAN AND COIL,,Aire Acondicionado,4182
471,Preventivo,CENTRO,HOSPITAL GENERAL CHILAPA DE ÁLVAREZ PZC,SM,SN,SN,IMB.CHILAPA.MANTTO.0078,TORRE DE ENFRIAMIENTO,TORRE,Aire Acondicionado,4183
472,Correctivo,CENTRO,HOSPITAL GENERAL CHILAPA DE ÁLVAREZ PZC,SM,SN,SN,IMB.CHILAPA.MANTTO.0078,TORRE DE ENFRIAMIENTO,TORRE,Aire Acondicionado,4184
473,Preventivo,CENTRO,HOSPITAL GENERAL CHILAPA DE ÁLVAREZ PZC,SM,SN,SN,IMB.CHILAPA.MANTTO.0078,TORRE DE ENFRIAMIENTO,TORRE,Aire Acondicionado,4185
474,Correctivo,CENTRO,HOSPITAL GENERAL CHILAPA DE ÁLVAREZ PZC,SM,SN,SN,IMB.CHILAPA.MANTTO.0078,TORRE DE ENFRIAMIENTO,TORRE,Aire Acondicionado,4186
4915,Preventivo,CENTRO,U-05 CHILAPA,YORK,YHFE12XJMAXA-RX,SIN CALCOMANIA,S/INVENTARIO,UMA 15 TON,UMA,Aire Acondicionado,4187
4916,Correctivo,CENTRO,U-05 CHILAPA,YORK,YHFE12XJMAXA-RX,SIN CALCOMANIA,S/INVENTARIO,UMA 15 TON,UMA,Aire Acondicionado,4188
4917,Preventivo,CENTRO,U-05 CHILAPA,TRANE,AD6411F5D,GN645BD61,S/INVENTARIO,MINISPLIT 1.5 TON,MINISPLIT,Aire Acondicionado,4189
4918,Correctivo,CENTRO,U-05 CHILAPA,TRANE,AD6411F5D,GN645BD61,S/INVENTARIO,MINISPLIT 1.5 TON,MINISPLIT,Aire Acondicionado,4190
4919,Preventivo,CENTRO,U-05 CHILAPA,MIRAGE,KDFV65465,53FXV3543VX,S/INVENTARIO,MINISPLIT 1.5 TON,MINISPLIT,Aire Acondicionado,4191
4920,Correctivo,CENTRO,U-05 CHILAPA,MIRAGE,KDFV65465,53FXV3543VX,S/INVENTARIO,MINISPLIT 1.5 TON,MINISPLIT,Aire Acondicionado,4192
4921,Preventivo,CENTRO,U-05 CHILAPA,LG,SIN DATOS,SIN CALCOMANIA,S/INVENTARIO,MINISPLIT 1.5 TON,MINISPLIT,Aire Acondicionado,4193
4922,Correctivo,CENTRO,U-05 CHILAPA,LG,SIN DATOS,SIN CALCOMANIA,S/INVENTARIO,MINISPLIT 1.5 TON,MINISPLIT,Aire Acondicionado,4194
4923,Preventivo,CENTRO,U-05 CHILAPA,MIRAGE,KDFV65465,BFDFB4513341,S/INVENTARIO,MINISPLIT 1.5 TON,MINISPLIT,Aire Acondicionado,4195
4924,Correctivo,CENTRO,U-05 CHILAPA,MIRAGE,KDFV65465,BFDFB4513341,S/INVENTARIO,MINISPLIT 1.5 TON,MINISPLIT,Aire Acondicionado,4196
4925,Preventivo,CENTRO,U-05 CHILAPA,PRIME,SIN CALCOMANIA,SIN CALCOMANIA,S/INVENTARIO,MINISPLIT 1.5 TON,MINISPLIT,Aire Acondicionado,4197
4926,Correctivo,CENTRO,U-05 CHILAPA,PRIME,SIN CALCOMANIA,SIN CALCOMANIA,S/INVENTARIO,MINISPLIT 1.5 TON,MINISPLIT,Aire Acondicionado,4198
4927,Preventivo,CENTRO,U-05 CHILAPA,MIRAGE,KDFV65465,351VF31SDV,S/INVENTARIO,MINISPLIT 1.5 TON,MINISPLIT,Aire Acondicionado,4199
4928,Correctivo,CENTRO,U-05 CHILAPA,MIRAGE,KDFV65465,351VF31SDV,S/INVENTARIO,MINISPLIT 1.5 TON,MINISPLIT,Aire Acondicionado,4200
4929,Preventivo,CENTRO,U-05 CHILAPA,MIRAGE,KDFV65465,6SV1361VS03,S/INVENTARIO,MINISPLIT 1.5 TON,MINISPLIT,Aire Acondicionado,4201
4930,Correctivo,CENTRO,U-05 CHILAPA,MIRAGE,KDFV65465,6SV1361VS03,S/INVENTARIO,MINISPLIT 1.5 TON,MINISPLIT,Aire Acondicionado,4202
3513,Preventivo,CENTRO,HOSPITAL BÁSICO COMUNITARIO ZUMPANGO JOSÉ PONIENTE,PRIME,EMPRC122-E,3A64620000521,HCZ88835190100174,MINISPLIT 1.0 TON,MINISPLIT,Aire Acondicionado,4203
3514,Correctivo,CENTRO,HOSPITAL BÁSICO COMUNITARIO ZUMPANGO JOSÉ PONIENTE,PRIME,EMPRC122-E,3A64620000521,HCZ88835190100174,MINISPLIT 1.0 TON,MINISPLIT,Aire Acondicionado,4204
3515,Preventivo,CENTRO,HOSPITAL BÁSICO COMUNITARIO ZUMPANGO JOSÉ PONIENTE,MIRAGE,EPF121X,EXF261L8082000283,HCZ88835190100179,MINISPLIT 2.0 TON,MINISPLIT,Aire Acondicionado,4205
3516,Correctivo,CENTRO,HOSPITAL BÁSICO COMUNITARIO ZUMPANGO JOSÉ PONIENTE,MIRAGE,EPF121X,EXF261L8082000283,HCZ88835190100179,MINISPLIT 2.0 TON,MINISPLIT,Aire Acondicionado,4206
3517,Preventivo,CENTRO,HOSPITAL BÁSICO COMUNITARIO ZUMPANGO JOSÉ PONIENTE,MIRAGE,EPF121X,CPF121X7072007002,HCZ88835190100173,MINISPLIT 1.0 TON,MINISPLIT,Aire Acondicionado,4207
3518,Correctivo,CENTRO,HOSPITAL BÁSICO COMUNITARIO ZUMPANGO JOSÉ PONIENTE,MIRAGE,EPF121X,CPF121X7072007002,HCZ88835190100173,MINISPLIT 1.0 TON,MINISPLIT,Aire Acondicionado,4208
3519,Preventivo,CENTRO,HOSPITAL BÁSICO COMUNITARIO ZUMPANGO JOSÉ PONIENTE,MIRAGE,EPF121X,CPF121X7072006985,HCZ88835190100175,MINISPLIT 1.0 TON,MINISPLIT,Aire Acondicionado,4209
3520,Correctivo,CENTRO,HOSPITAL BÁSICO COMUNITARIO ZUMPANGO JOSÉ PONIENTE,MIRAGE,EPF121X,CPF121X7072006985,HCZ88835190100175,MINISPLIT 1.0 TON,MINISPLIT,Aire Acondicionado,4210
3521,Preventivo,CENTRO,HOSPITAL BÁSICO COMUNITARIO ZUMPANGO JOSÉ PONIENTE,MIRAGE,EPF121X,CPF121X7072004583,HCZ88835190100203,MINISPLIT 1.0 TON,MINISPLIT,Aire Acondicionado,4211
3522,Correctivo,CENTRO,HOSPITAL BÁSICO COMUNITARIO ZUMPANGO JOSÉ PONIENTE,MIRAGE,EPF121X,CPF121X7072004583,HCZ88835190100203,MINISPLIT 1.0 TON,MINISPLIT,Aire Acondicionado,4212
3523,Preventivo,CENTRO,HOSPITAL BÁSICO COMUNITARIO ZUMPANGO JOSÉ PONIENTE,MIRAGE,EPF121X,CPF121X7072004590,HCZ88835190100139,MINISPLIT 1.0 TON,MINISPLIT,Aire Acondicionado,4213
3524,Correctivo,CENTRO,HOSPITAL BÁSICO COMUNITARIO ZUMPANGO JOSÉ PONIENTE,MIRAGE,EPF121X,CPF121X7072004590,HCZ88835190100139,MINISPLIT 1.0 TON,MINISPLIT,Aire Acondicionado,4214
3525,Preventivo,CENTRO,HOSPITAL BÁSICO COMUNITARIO ZUMPANGO JOSÉ PONIENTE,MIRAGE,EPF121X,CPF121X7072007384,HCZ88835190100204,MINISPLIT 1.0 TON,MINISPLIT,Aire Acondicionado,4215
3526,Correctivo,CENTRO,HOSPITAL BÁSICO COMUNITARIO ZUMPANGO JOSÉ PONIENTE,MIRAGE,EPF121X,CPF121X7072007384,HCZ88835190100204,MINISPLIT 1.0 TON,MINISPLIT,Aire Acondicionado,4216
3527,Preventivo,CENTRO,HOSPITAL BÁSICO COMUNITARIO ZUMPANGO JOSÉ PONIENTE,MIRAGE,EPF121X,CPF121X7072007660,HCZ88835190100175,MINISPLIT 1.0 TON,MINISPLIT,Aire Acondicionado,4217
3528,Correctivo,CENTRO,HOSPITAL BÁSICO COMUNITARIO ZUMPANGO JOSÉ PONIENTE,MIRAGE,EPF121X,CPF121X7072007660,HCZ88835190100175,MINISPLIT 1.0 TON,MINISPLIT,Aire Acondicionado,4218
3529,Preventivo,CENTRO,HOSPITAL BÁSICO COMUNITARIO ZUMPANGO JOSÉ PONIENTE,MIRAGE,LIFE12+,ELF12IT7122439016,HCZ88835190100140,MINISPLIT 1.0 TON,MINISPLIT,Aire Acondicionado,4219
3530,Correctivo,CENTRO,HOSPITAL BÁSICO COMUNITARIO ZUMPANGO JOSÉ PONIENTE,MIRAGE,LIFE12+,ELF12IT7122439016,HCZ88835190100140,MINISPLIT 1.0 TON,MINISPLIT,Aire Acondicionado,4220
3531,Preventivo,CENTRO,HOSPITAL BÁSICO COMUNITARIO ZUMPANGO JOSÉ PONIENTE,MIRAGE,EPF121X,CPF121X7072007681,HCZ88835190100180,MINISPLIT 1.0 TON,MINISPLIT,Aire Acondicionado,4221
3532,Correctivo,CENTRO,HOSPITAL BÁSICO COMUNITARIO ZUMPANGO JOSÉ PONIENTE,MIRAGE,EPF121X,CPF121X7072007681,HCZ88835190100180,MINISPLIT 1.0 TON,MINISPLIT,Aire Acondicionado,4222
3533,Preventivo,CENTRO,HOSPITAL BÁSICO COMUNITARIO ZUMPANGO JOSÉ PONIENTE,MIRAGE,EPF121X,CXF121F7071917184,HCZ88835190102175,MINISPLIT 1.0 TON,MINISPLIT,Aire Acondicionado,4223
3534,Correctivo,CENTRO,HOSPITAL BÁSICO COMUNITARIO ZUMPANGO JOSÉ PONIENTE,MIRAGE,EPF121X,CXF121F7071917184,HCZ88835190102175,MINISPLIT 1.0 TON,MINISPLIT,Aire Acondicionado,4224
3535,Preventivo,CENTRO,HOSPITAL BÁSICO COMUNITARIO ZUMPANGO JOSÉ PONIENTE,MIRAGE,EPF121X,CLF181D7082100588,HCZ88835190100189,MINISPLIT 1.5 TON,MINISPLIT,Aire Acondicionado,4225
3536,Correctivo,CENTRO,HOSPITAL BÁSICO COMUNITARIO ZUMPANGO JOSÉ PONIENTE,MIRAGE,EPF121X,CLF181D7082100588,HCZ88835190100189,MINISPLIT 1.5 TON,MINISPLIT,Aire Acondicionado,4226
3537,Preventivo,CENTRO,HOSPITAL BÁSICO COMUNITARIO ZUMPANGO JOSÉ PONIENTE,MIRAGE,EPF121X,EXF261L8082000310,HCZ88835190100190,MINISPLIT 2.0 TON,MINISPLIT,Aire Acondicionado,4227
3538,Correctivo,CENTRO,HOSPITAL BÁSICO COMUNITARIO ZUMPANGO JOSÉ PONIENTE,MIRAGE,EPF121X,EXF261L8082000310,HCZ88835190100190,MINISPLIT 2.0 TON,MINISPLIT,Aire Acondicionado,4228
3539,Preventivo,CENTRO,HOSPITAL BÁSICO COMUNITARIO ZUMPANGO JOSÉ PONIENTE,MIRAGE,EPF121X,EXF261L8082000259,HCZ88835190100191,MINISPLIT 2.0 TON,MINISPLIT,Aire Acondicionado,4229
3540,Correctivo,CENTRO,HOSPITAL BÁSICO COMUNITARIO ZUMPANGO JOSÉ PONIENTE,MIRAGE,EPF121X,EXF261L8082000259,HCZ88835190100191,MINISPLIT 2.0 TON,MINISPLIT,Aire Acondicionado,4230
3541,Preventivo,CENTRO,HOSPITAL BÁSICO COMUNITARIO ZUMPANGO JOSÉ PONIENTE,MIRAGE,EPF121X,EXF261L8082000306,HCZ88835190100193,MINISPLIT 2.0 TON,MINISPLIT,Aire Acondicionado,4231
3542,Correctivo,CENTRO,HOSPITAL BÁSICO COMUNITARIO ZUMPANGO JOSÉ PONIENTE,MIRAGE,EPF121X,EXF261L8082000306,HCZ88835190100193,MINISPLIT 2.0 TON,MINISPLIT,Aire Acondicionado,4232
3543,Preventivo,CENTRO,HOSPITAL BÁSICO COMUNITARIO ZUMPANGO JOSÉ PONIENTE,MIRAGE,EPF121X,CPF121X7072004586,HCZ88835190100195,MINISPLIT 1.0 TON,MINISPLIT,Aire Acondicionado,4233
3544,Correctivo,CENTRO,HOSPITAL BÁSICO COMUNITARIO ZUMPANGO JOSÉ PONIENTE,MIRAGE,EPF121X,CPF121X7072004586,HCZ88835190100195,MINISPLIT 1.0 TON,MINISPLIT,Aire Acondicionado,4234
3545,Preventivo,CENTRO,HOSPITAL BÁSICO COMUNITARIO ZUMPANGO JOSÉ PONIENTE,MIRAGE,XLIFE,ELF261H44042302640,HCZ88835190100211,MINISPLIT 2.0 TON,MINISPLIT,Aire Acondicionado,4235
3546,Correctivo,CENTRO,HOSPITAL BÁSICO COMUNITARIO ZUMPANGO JOSÉ PONIENTE,MIRAGE,XLIFE,ELF261H44042302640,HCZ88835190100211,MINISPLIT 2.0 TON,MINISPLIT,Aire Acondicionado,4236
3547,Preventivo,CENTRO,HOSPITAL BÁSICO COMUNITARIO ZUMPANGO JOSÉ PONIENTE,MIRAGE,EPF121X,CNC181B,HCZ88835190100212,MINISPLIT 1.5 TON,MINISPLIT,Aire Acondicionado,4237
3548,Correctivo,CENTRO,HOSPITAL BÁSICO COMUNITARIO ZUMPANGO JOSÉ PONIENTE,MIRAGE,EPF121X,CNC181B,HCZ88835190100212,MINISPLIT 1.5 TON,MINISPLIT,Aire Acondicionado,4238
3549,Preventivo,CENTRO,HOSPITAL BÁSICO COMUNITARIO ZUMPANGO JOSÉ PONIENTE,YORK,EMPRC122-E,1000014021104824,HCZ88835190100213,MINISPLIT 1.5 TON,MINISPLIT,Aire Acondicionado,4239
3550,Correctivo,CENTRO,HOSPITAL BÁSICO COMUNITARIO ZUMPANGO JOSÉ PONIENTE,YORK,EMPRC122-E,1000014021104824,HCZ88835190100213,MINISPLIT 1.5 TON,MINISPLIT,Aire Acondicionado,4240
3551,Preventivo,CENTRO,HOSPITAL BÁSICO COMUNITARIO ZUMPANGO JOSÉ PONIENTE,XG,EPF121FG,MEZ66014110,HCZ88835190100214,MINISPLIT 2 TON,MINISPLIT,Aire Acondicionado,4241
3552,Correctivo,CENTRO,HOSPITAL BÁSICO COMUNITARIO ZUMPANGO JOSÉ PONIENTE,XG,EPF121FG,MEZ66014110,HCZ88835190100214,MINISPLIT 2 TON,MINISPLIT,Aire Acondicionado,4242
3553,Preventivo,CENTRO,HOSPITAL BÁSICO COMUNITARIO ZUMPANGO JOSÉ PONIENTE,CARRIER,EPF121FG,3313E10550,HCZ88835190100215,UNIDAD PAQUETE 3 TON,PAQUETE,Aire Acondicionado,4243
3554,Correctivo,CENTRO,HOSPITAL BÁSICO COMUNITARIO ZUMPANGO JOSÉ PONIENTE,CARRIER,EPF121FG,3313E10550,HCZ88835190100215,UNIDAD PAQUETE 3 TON,PAQUETE,Aire Acondicionado,4244
3555,Preventivo,CENTRO,HOSPITAL BÁSICO COMUNITARIO ZUMPANGO JOSÉ PONIENTE,CARRIER,EPF121FG,3497G10096,HCZ88835190100216,UNIDAD PAQUETE 4.0 TON,PAQUETE,Aire Acondicionado,4245
3556,Correctivo,CENTRO,HOSPITAL BÁSICO COMUNITARIO ZUMPANGO JOSÉ PONIENTE,CARRIER,EPF121FG,3497G10096,HCZ88835190100216,UNIDAD PAQUETE 4.0 TON,PAQUETE,Aire Acondicionado,4246
3557,Preventivo,CENTRO,HOSPITAL BÁSICO COMUNITARIO ZUMPANGO JOSÉ PONIENTE,MIRAGE,EPF121FG,EXF261L8082000207,HCZ88835190100219,MINISPLIT 2.0 TON,MINISPLIT,Aire Acondicionado,4247
3558,Correctivo,CENTRO,HOSPITAL BÁSICO COMUNITARIO ZUMPANGO JOSÉ PONIENTE,MIRAGE,EPF121FG,EXF261L8082000207,HCZ88835190100219,MINISPLIT 2.0 TON,MINISPLIT,Aire Acondicionado,4248
3559,Preventivo,CENTRO,HOSPITAL BÁSICO COMUNITARIO ZUMPANGO JOSÉ PONIENTE,MIRAGE,X2,EXF121F7071911546,HCZ88835190100223,MINISPLIT 1 TON,MINISPLIT,Aire Acondicionado,4249
3560,Correctivo,CENTRO,HOSPITAL BÁSICO COMUNITARIO ZUMPANGO JOSÉ PONIENTE,MIRAGE,X2,EXF121F7071911546,HCZ88835190100223,MINISPLIT 1 TON,MINISPLIT,Aire Acondicionado,4250
3561,Preventivo,CENTRO,HOSPITAL BÁSICO COMUNITARIO ZUMPANGO JOSÉ PONIENTE,MIRAGE,X2,EXF261F707I500351,HCZ888351901002214,MINISPLIT 2 TON,MINISPLIT,Aire Acondicionado,4251
3562,Correctivo,CENTRO,HOSPITAL BÁSICO COMUNITARIO ZUMPANGO JOSÉ PONIENTE,MIRAGE,X2,EXF261F707I500351,HCZ888351901002214,MINISPLIT 2 TON,MINISPLIT,Aire Acondicionado,4252
3563,Preventivo,CENTRO,HOSPITAL BÁSICO COMUNITARIO ZUMPANGO JOSÉ PONIENTE,MIRAGE,XLIFE,ELF120H44062430593,HCZ888351901002219,MINISPLIT 1 TON,MINISPLIT,Aire Acondicionado,4253
3564,Correctivo,CENTRO,HOSPITAL BÁSICO COMUNITARIO ZUMPANGO JOSÉ PONIENTE,MIRAGE,XLIFE,ELF120H44062430593,HCZ888351901002219,MINISPLIT 1 TON,MINISPLIT,Aire Acondicionado,4254
3565,Preventivo,CENTRO,HOSPITAL BÁSICO COMUNITARIO ZUMPANGO JOSÉ PONIENTE,MIRAGE,LIFE 12+,ELF121T7052418407,HCZ888351901002321,MINISPLIT 1 TON,MINISPLIT,Aire Acondicionado,4255
3566,Correctivo,CENTRO,HOSPITAL BÁSICO COMUNITARIO ZUMPANGO JOSÉ PONIENTE,MIRAGE,LIFE 12+,ELF121T7052418407,HCZ888351901002321,MINISPLIT 1 TON,MINISPLIT,Aire Acondicionado,4256
3567,Preventivo,CENTRO,HOSPITAL BÁSICO COMUNITARIO ZUMPANGO JOSÉ PONIENTE,MIRAGE,LIFE 12+,ELF121T7052418408,HCZ888351901002421,MINISPLIT 1 TON,MINISPLIT,Aire Acondicionado,4257
3568,Correctivo,CENTRO,HOSPITAL BÁSICO COMUNITARIO ZUMPANGO JOSÉ PONIENTE,MIRAGE,LIFE 12+,ELF121T7052418408,HCZ888351901002421,MINISPLIT 1 TON,MINISPLIT,Aire Acondicionado,4258
3569,Preventivo,CENTRO,HOSPITAL BÁSICO COMUNITARIO ZUMPANGO JOSÉ PONIENTE,MIRAGE,TITANIUM 5,EBFI20B5140501169,HCZ888351901002426,MINISPLIT 1 TON,MINISPLIT,Aire Acondicionado,4259
3570,Correctivo,CENTRO,HOSPITAL BÁSICO COMUNITARIO ZUMPANGO JOSÉ PONIENTE,MIRAGE,TITANIUM 5,EBFI20B5140501169,HCZ888351901002426,MINISPLIT 1 TON,MINISPLIT,Aire Acondicionado,4260
4677,Preventivo,CENTRO,CESSA MEXCALCINGO,MIRAGE,EDF181T,EDF181T5140301,1,MINISPLIT 1.5 TON,MINISPLIT,Aire Acondicionado,4261
4678,Correctivo,CENTRO,CESSA MEXCALCINGO,MIRAGE,EDF181T,EDF181T5140301,1,MINISPLIT 1.5 TON,MINISPLIT,Aire Acondicionado,4262
4679,Preventivo,CENTRO,CESSA MEXCALCINGO,MIRAGE,EDF181T,EDF181T5140300,1,MINISPLIT 1.5 TON,MINISPLIT,Aire Acondicionado,4263
4680,Correctivo,CENTRO,CESSA MEXCALCINGO,MIRAGE,EDF181T,EDF181T5140300,1,MINISPLIT 1.5 TON,MINISPLIT,Aire Acondicionado,4264
4681,Preventivo,CENTRO,CESSA MEXCALCINGO,MIRAGE,EDF181T,EDF181T5140330,1,MINISPLIT 1.5 TON,MINISPLIT,Aire Acondicionado,4265
4682,Correctivo,CENTRO,CESSA MEXCALCINGO,MIRAGE,EDF181T,EDF181T5140330,1,MINISPLIT 1.5 TON,MINISPLIT,Aire Acondicionado,4266
4683,Preventivo,CENTRO,CESSA MEXCALCINGO,MIRAGE,EDF181T,EDF181T5140347,1,MINISPLIT 1.5 TON,MINISPLIT,Aire Acondicionado,4267
4684,Correctivo,CENTRO,CESSA MEXCALCINGO,MIRAGE,EDF181T,EDF181T5140347,1,MINISPLIT 1.5 TON,MINISPLIT,Aire Acondicionado,4268
559,Preventivo,CENTRO,HOSPITAL BÁSICO COMUNITARIO TLACOTEPEC,MIRAGE,ELF121Q,ELF121Q7051908082,RECURSOS HUMANOS,MiniSplit 1.5 ton,MINISPLIT,Aire Acondicionado,4269
560,Correctivo,CENTRO,HOSPITAL BÁSICO COMUNITARIO TLACOTEPEC,MIRAGE,ELF121Q,ELF121Q7051908082,RECURSOS HUMANOS,MiniSplit 1.5 ton,MINISPLIT,Aire Acondicionado,4270
561,Preventivo,CENTRO,HOSPITAL BÁSICO COMUNITARIO TLACOTEPEC,MIRAGE,EXF121F,EXF121F7071911559,ADMINISTRACION,MiniSplit 1.5 ton,MINISPLIT,Aire Acondicionado,4271
562,Correctivo,CENTRO,HOSPITAL BÁSICO COMUNITARIO TLACOTEPEC,MIRAGE,EXF121F,EXF121F7071911559,ADMINISTRACION,MiniSplit 1.5 ton,MINISPLIT,Aire Acondicionado,4272
563,Preventivo,CENTRO,HOSPITAL BÁSICO COMUNITARIO TLACOTEPEC,MIRAGE,ELF121Q,ELF121Q7051908216,DIRECCION,MiniSplit 1.5 ton,MINISPLIT,Aire Acondicionado,4273
564,Correctivo,CENTRO,HOSPITAL BÁSICO COMUNITARIO TLACOTEPEC,MIRAGE,ELF121Q,ELF121Q7051908216,DIRECCION,MiniSplit 1.5 ton,MINISPLIT,Aire Acondicionado,4274
565,Preventivo,CENTRO,HOSPITAL BÁSICO COMUNITARIO TLACOTEPEC,MIRAGE,EXF121F,EXF121F7071911569,ENCAMADOS HOMBRES,MiniSplit 1.5 ton,MINISPLIT,Aire Acondicionado,4275
566,Correctivo,CENTRO,HOSPITAL BÁSICO COMUNITARIO TLACOTEPEC,MIRAGE,EXF121F,EXF121F7071911569,ENCAMADOS HOMBRES,MiniSplit 1.5 ton,MINISPLIT,Aire Acondicionado,4276
567,Preventivo,CENTRO,HOSPITAL BÁSICO COMUNITARIO TLACOTEPEC,MIRAGE,EXF121F,EXF121F7071911579,ENCAMADOS MUJERES,MiniSplit 1.5 ton,MINISPLIT,Aire Acondicionado,4277
568,Correctivo,CENTRO,HOSPITAL BÁSICO COMUNITARIO TLACOTEPEC,MIRAGE,EXF121F,EXF121F7071911579,ENCAMADOS MUJERES,MiniSplit 1.5 ton,MINISPLIT,Aire Acondicionado,4278
569,Preventivo,CENTRO,HOSPITAL BÁSICO COMUNITARIO TLACOTEPEC,MIRAGE,EXF121F,EXF121F7071905844,RAYOS X,MiniSplit 1.5 ton,MINISPLIT,Aire Acondicionado,4279
570,Correctivo,CENTRO,HOSPITAL BÁSICO COMUNITARIO TLACOTEPEC,MIRAGE,EXF121F,EXF121F7071905844,RAYOS X,MiniSplit 1.5 ton,MINISPLIT,Aire Acondicionado,4280
571,Preventivo,CENTRO,HOSPITAL BÁSICO COMUNITARIO TLACOTEPEC,MIRAGE,EJF1261T,EJF1261T7021900724,SALA DE URGENCIAS,MiniSplit 1.5 ton,MINISPLIT,Aire Acondicionado,4281
572,Correctivo,CENTRO,HOSPITAL BÁSICO COMUNITARIO TLACOTEPEC,MIRAGE,EJF1261T,EJF1261T7021900724,SALA DE URGENCIAS,MiniSplit 1.5 ton,MINISPLIT,Aire Acondicionado,4282
573,Preventivo,CENTRO,HOSPITAL BÁSICO COMUNITARIO TLACOTEPEC,MIRAGE,EXF121F,EXF121F7071917231,CENTRAL DE ENFERMERAS DE URGENCIAS,MiniSplit 1.5 ton,MINISPLIT,Aire Acondicionado,4283
574,Correctivo,CENTRO,HOSPITAL BÁSICO COMUNITARIO TLACOTEPEC,MIRAGE,EXF121F,EXF121F7071917231,CENTRAL DE ENFERMERAS DE URGENCIAS,MiniSplit 1.5 ton,MINISPLIT,Aire Acondicionado,4284
575,Preventivo,CENTRO,HOSPITAL BÁSICO COMUNITARIO TLACOTEPEC,MIRAGE,EXF121F,EXF121F7071916997,CURACIONES,MiniSplit 1.5 ton,MINISPLIT,Aire Acondicionado,4285
576,Correctivo,CENTRO,HOSPITAL BÁSICO COMUNITARIO TLACOTEPEC,MIRAGE,EXF121F,EXF121F7071916997,CURACIONES,MiniSplit 1.5 ton,MINISPLIT,Aire Acondicionado,4286
577,Preventivo,CENTRO,HOSPITAL BÁSICO COMUNITARIO TLACOTEPEC,MIRAGE,EXF121F,EXF121F7071917793,CONSULTORIO DE URGENCIAS,MiniSplit 1.5 ton,MINISPLIT,Aire Acondicionado,4287
578,Correctivo,CENTRO,HOSPITAL BÁSICO COMUNITARIO TLACOTEPEC,MIRAGE,EXF121F,EXF121F7071917793,CONSULTORIO DE URGENCIAS,MiniSplit 1.5 ton,MINISPLIT,Aire Acondicionado,4288
579,Preventivo,CENTRO,HOSPITAL BÁSICO COMUNITARIO TLACOTEPEC,MIRAGE,EXF121F,EXF121F7071906321,CONSULTORIO 1,MiniSplit 1.5 ton,MINISPLIT,Aire Acondicionado,4289
580,Correctivo,CENTRO,HOSPITAL BÁSICO COMUNITARIO TLACOTEPEC,MIRAGE,EXF121F,EXF121F7071906321,CONSULTORIO 1,MiniSplit 1.5 ton,MINISPLIT,Aire Acondicionado,4290
581,Preventivo,CENTRO,HOSPITAL BÁSICO COMUNITARIO TLACOTEPEC,MIRAGE,EXF121F,EXF121F7071903538,CONSULTORIO 2 1,MiniSplit 1.5 ton,MINISPLIT,Aire Acondicionado,4291
582,Correctivo,CENTRO,HOSPITAL BÁSICO COMUNITARIO TLACOTEPEC,MIRAGE,EXF121F,EXF121F7071903538,CONSULTORIO 2 1,MiniSplit 1.5 ton,MINISPLIT,Aire Acondicionado,4292
583,Preventivo,CENTRO,HOSPITAL BÁSICO COMUNITARIO TLACOTEPEC,MIRAGE,EXF121F,EXF121F7071903548,CONSULTORIO 3,MiniSplit 1.5 ton,MINISPLIT,Aire Acondicionado,4293
584,Correctivo,CENTRO,HOSPITAL BÁSICO COMUNITARIO TLACOTEPEC,MIRAGE,EXF121F,EXF121F7071903548,CONSULTORIO 3,MiniSplit 1.5 ton,MINISPLIT,Aire Acondicionado,4294
585,Preventivo,CENTRO,HOSPITAL BÁSICO COMUNITARIO TLACOTEPEC,MIRAGE,EXF121F,EXF121F7071903657,ODONTOLOGIA,MiniSplit 1.5 ton,MINISPLIT,Aire Acondicionado,4295
586,Correctivo,CENTRO,HOSPITAL BÁSICO COMUNITARIO TLACOTEPEC,MIRAGE,EXF121F,EXF121F7071903657,ODONTOLOGIA,MiniSplit 1.5 ton,MINISPLIT,Aire Acondicionado,4296
587,Preventivo,CENTRO,HOSPITAL BÁSICO COMUNITARIO TLACOTEPEC,MIRAGE,ELF121Q,ELF121Q7051908232,FARMACIA,MiniSplit 1.5 ton,MINISPLIT,Aire Acondicionado,4297
588,Correctivo,CENTRO,HOSPITAL BÁSICO COMUNITARIO TLACOTEPEC,MIRAGE,ELF121Q,ELF121Q7051908232,FARMACIA,MiniSplit 1.5 ton,MINISPLIT,Aire Acondicionado,4298
589,Preventivo,CENTRO,HOSPITAL BÁSICO COMUNITARIO TLACOTEPEC,MIRAGE,ELF121Q,ELF121Q7051906416,ARCHIVO,MiniSplit 1.5 ton,MINISPLIT,Aire Acondicionado,4299
590,Correctivo,CENTRO,HOSPITAL BÁSICO COMUNITARIO TLACOTEPEC,MIRAGE,ELF121Q,ELF121Q7051906416,ARCHIVO,MiniSplit 1.5 ton,MINISPLIT,Aire Acondicionado,4300
591,Preventivo,CENTRO,HOSPITAL BÁSICO COMUNITARIO TLACOTEPEC,LG,W081CM,212TAJD04612,EXPULSION,UNIDAD PAQUETE 7.5 TON,PAQUETE,Aire Acondicionado,4301
592,Correctivo,CENTRO,HOSPITAL BÁSICO COMUNITARIO TLACOTEPEC,LG,W081CM,212TAJD04612,EXPULSION,UNIDAD PAQUETE 7.5 TON,PAQUETE,Aire Acondicionado,4302
593,Preventivo,CENTRO,HOSPITAL BÁSICO COMUNITARIO TLACOTEPEC,MIRAGE,ELF121Q,ELF121Q7051908088,TOMA DE MUESTRAS,MiniSplit 1.5 ton,MINISPLIT,Aire Acondicionado,4303
594,Correctivo,CENTRO,HOSPITAL BÁSICO COMUNITARIO TLACOTEPEC,MIRAGE,ELF121Q,ELF121Q7051908088,TOMA DE MUESTRAS,MiniSplit 1.5 ton,MINISPLIT,Aire Acondicionado,4304
595,Preventivo,CENTRO,HOSPITAL BÁSICO COMUNITARIO TLACOTEPEC,MIRAGE,ELF121Q,ELF121Q7051908093,MEDICINA PREVENTIVA,MiniSplit 1.5 ton,MINISPLIT,Aire Acondicionado,4305
596,Correctivo,CENTRO,HOSPITAL BÁSICO COMUNITARIO TLACOTEPEC,MIRAGE,ELF121Q,ELF121Q7051908093,MEDICINA PREVENTIVA,MiniSplit 1.5 ton,MINISPLIT,Aire Acondicionado,4306
597,Preventivo,CENTRO,HOSPITAL BÁSICO COMUNITARIO TLACOTEPEC,MIRAGE,EJF261T,EJF261T7021900724,DIT,MiniSplit 1.5 ton,MINISPLIT,Aire Acondicionado,4307
598,Correctivo,CENTRO,HOSPITAL BÁSICO COMUNITARIO TLACOTEPEC,MIRAGE,EJF261T,EJF261T7021900724,DIT,MiniSplit 1.5 ton,MINISPLIT,Aire Acondicionado,4308
599,Preventivo,CENTRO,HOSPITAL BÁSICO COMUNITARIO TLACOTEPEC,MIRAGE,EWF120E,EWF120E44032411681,MORTUORIO,MiniSplit 1.5 ton,MINISPLIT,Aire Acondicionado,4309
600,Correctivo,CENTRO,HOSPITAL BÁSICO COMUNITARIO TLACOTEPEC,MIRAGE,EWF120E,EWF120E44032411681,MORTUORIO,MiniSplit 1.5 ton,MINISPLIT,Aire Acondicionado,4310
601,Preventivo,CENTRO,HOSPITAL BÁSICO COMUNITARIO TLACOTEPEC,MIRAGE,EWF120E,EWF120E44032410671,MORTUORIO,MiniSplit 1.5 ton,MINISPLIT,Aire Acondicionado,4311
602,Correctivo,CENTRO,HOSPITAL BÁSICO COMUNITARIO TLACOTEPEC,MIRAGE,EWF120E,EWF120E44032410671,MORTUORIO,MiniSplit 1.5 ton,MINISPLIT,Aire Acondicionado,4312
603,Preventivo,CENTRO,HOSPITAL BÁSICO COMUNITARIO TLACOTEPEC,MIRAGE,CXF121F,CXF1221F7071917190,SINDICATO,MiniSplit 2.6 ton,MINISPLIT,Aire Acondicionado,4313
604,Correctivo,CENTRO,HOSPITAL BÁSICO COMUNITARIO TLACOTEPEC,MIRAGE,CXF121F,CXF1221F7071917190,SINDICATO,MiniSplit 2.6 ton,MINISPLIT,Aire Acondicionado,4314
523,Preventivo,CENTRO,HOSPITAL BÁSICO COMUNITARIO FILO DE CABALLOS,MIRAGE,ELEC121D,ELC121D7102001271,H.C.F.C URG-062,MiniSplit 1.5 ton,MINISPLIT,Aire Acondicionado,4315
524,Correctivo,CENTRO,HOSPITAL BÁSICO COMUNITARIO FILO DE CABALLOS,MIRAGE,ELEC121D,ELC121D7102001271,H.C.F.C URG-062,MiniSplit 1.5 ton,MINISPLIT,Aire Acondicionado,4316
525,Preventivo,CENTRO,HOSPITAL BÁSICO COMUNITARIO FILO DE CABALLOS,MIRAGE,ELEC161D,ELEC261D710274,H.C.F.C ENC MUJ-037,UNIDAD PAQUETE 7.5 TON,PAQUETE,Aire Acondicionado,4317
526,Correctivo,CENTRO,HOSPITAL BÁSICO COMUNITARIO FILO DE CABALLOS,MIRAGE,ELEC161D,ELEC261D710274,H.C.F.C ENC MUJ-037,UNIDAD PAQUETE 7.5 TON,PAQUETE,Aire Acondicionado,4318
527,Preventivo,CENTRO,HOSPITAL BÁSICO COMUNITARIO FILO DE CABALLOS,MIRAGE,ELEC161D,ELEC261D710273,H.C.F.C ENC HOM-030,UNIDAD PAQUETE 5.5 TON,PAQUETE,Aire Acondicionado,4319
528,Correctivo,CENTRO,HOSPITAL BÁSICO COMUNITARIO FILO DE CABALLOS,MIRAGE,ELEC161D,ELEC261D710273,H.C.F.C ENC HOM-030,UNIDAD PAQUETE 5.5 TON,PAQUETE,Aire Acondicionado,4320
529,Preventivo,CENTRO,HOSPITAL BÁSICO COMUNITARIO FILO DE CABALLOS,MIRAGE,ELEC121D,ELC121D71021272,H.C.F.C.NUC-034,MiniSplit 1.5 ton,MINISPLIT,Aire Acondicionado,4321
530,Correctivo,CENTRO,HOSPITAL BÁSICO COMUNITARIO FILO DE CABALLOS,MIRAGE,ELEC121D,ELC121D71021272,H.C.F.C.NUC-034,MiniSplit 1.5 ton,MINISPLIT,Aire Acondicionado,4322
531,Preventivo,CENTRO,HOSPITAL BÁSICO COMUNITARIO FILO DE CABALLOS,MIRAGE,ELEC121D,ELC121D71021280,H.C.F.C-CON EXTE-044,MiniSplit 1.5 ton,MINISPLIT,Aire Acondicionado,4323
532,Correctivo,CENTRO,HOSPITAL BÁSICO COMUNITARIO FILO DE CABALLOS,MIRAGE,ELEC121D,ELC121D71021280,H.C.F.C-CON EXTE-044,MiniSplit 1.5 ton,MINISPLIT,Aire Acondicionado,4324
533,Preventivo,CENTRO,HOSPITAL BÁSICO COMUNITARIO FILO DE CABALLOS,YORK,YHFE12XJMAXARX,SIN SERIE,H.C.F.C-LAB-028,MiniSplit 1.5 ton,MINISPLIT,Aire Acondicionado,4325
534,Correctivo,CENTRO,HOSPITAL BÁSICO COMUNITARIO FILO DE CABALLOS,YORK,YHFE12XJMAXARX,SIN SERIE,H.C.F.C-LAB-028,MiniSplit 1.5 ton,MINISPLIT,Aire Acondicionado,4326
535,Preventivo,CENTRO,HOSPITAL BÁSICO COMUNITARIO FILO DE CABALLOS,york,YHFE12XJMAXARX,SIN SERIE,H.C.F.C-LAB-028,MiniSplit 1.5 ton,MINISPLIT,Aire Acondicionado,4327
536,Correctivo,CENTRO,HOSPITAL BÁSICO COMUNITARIO FILO DE CABALLOS,york,YHFE12XJMAXARX,SIN SERIE,H.C.F.C-LAB-028,MiniSplit 1.5 ton,MINISPLIT,Aire Acondicionado,4328
537,Preventivo,CENTRO,HOSPITAL BÁSICO COMUNITARIO FILO DE CABALLOS,york,YHFE12XJMAXARX,SIN SERIE,H.C.F.C-LAB-028,MiniSplit 1.5 ton,MINISPLIT,Aire Acondicionado,4329
538,Correctivo,CENTRO,HOSPITAL BÁSICO COMUNITARIO FILO DE CABALLOS,york,YHFE12XJMAXARX,SIN SERIE,H.C.F.C-LAB-028,MiniSplit 1.5 ton,MINISPLIT,Aire Acondicionado,4330
539,Preventivo,CENTRO,HOSPITAL BÁSICO COMUNITARIO FILO DE CABALLOS,york,YHFE12XJMAXARX,SIN SERIE,H.C.F.C-LAB-028,MiniSplit 1.5 ton,MINISPLIT,Aire Acondicionado,4331
540,Correctivo,CENTRO,HOSPITAL BÁSICO COMUNITARIO FILO DE CABALLOS,york,YHFE12XJMAXARX,SIN SERIE,H.C.F.C-LAB-028,MiniSplit 1.5 ton,MINISPLIT,Aire Acondicionado,4332
541,Preventivo,CENTRO,HOSPITAL BÁSICO COMUNITARIO FILO DE CABALLOS,LG,MW182H3 NTMO,304CTKJ31357,HCFC RX01,MINISPLIT,MINISPLIT,Aire Acondicionado,4333
542,Correctivo,CENTRO,HOSPITAL BÁSICO COMUNITARIO FILO DE CABALLOS,LG,MW182H3 NTMO,304CTKJ31357,HCFC RX01,MINISPLIT,MINISPLIT,Aire Acondicionado,4334
4615,Preventivo,CENTRO,CESSA ATZACOALOYA,CARRIER,40UPC243A-E,NO PROPORCIONADO,1,MINISPLIT 1.5 TON,MINISPLIT,Aire Acondicionado,4335
4616,Correctivo,CENTRO,CESSA ATZACOALOYA,CARRIER,40UPC243A-E,NO PROPORCIONADO,1,MINISPLIT 1.5 TON,MINISPLIT,Aire Acondicionado,4336
4617,Preventivo,CENTRO,CESSA ATZACOALOYA,CARRIER,40UPC243A-E,NO PROPORCIONADO,1,MINISPLIT 1.5 TON,MINISPLIT,Aire Acondicionado,4337
4618,Correctivo,CENTRO,CESSA ATZACOALOYA,CARRIER,40UPC243A-E,NO PROPORCIONADO,1,MINISPLIT 1.5 TON,MINISPLIT,Aire Acondicionado,4338
4619,Preventivo,CENTRO,CESSA ATZACOALOYA,CARRIER,40UPC243A-E,NO PROPORCIONADO,1,MINISPLIT 1.5 TON,MINISPLIT,Aire Acondicionado,4339
4620,Correctivo,CENTRO,CESSA ATZACOALOYA,CARRIER,40UPC243A-E,NO PROPORCIONADO,1,MINISPLIT 1.5 TON,MINISPLIT,Aire Acondicionado,4340
4621,Preventivo,CENTRO,CESSA ATZACOALOYA,CARRIER,40UPC243A-E,NO PROPORCIONADO,1,MINISPLIT 1.5 TON,MINISPLIT,Aire Acondicionado,4341
4622,Correctivo,CENTRO,CESSA ATZACOALOYA,CARRIER,40UPC243A-E,NO PROPORCIONADO,1,MINISPLIT 1.5 TON,MINISPLIT,Aire Acondicionado,4342
4623,Preventivo,CENTRO,CESSA ATZACOALOYA,CARRIER,40UPC243A-E,NO PROPORCIONADO,1,MINISPLIT 1.5 TON,MINISPLIT,Aire Acondicionado,4343
4624,Correctivo,CENTRO,CESSA ATZACOALOYA,CARRIER,40UPC243A-E,NO PROPORCIONADO,1,MINISPLIT 1.5 TON,MINISPLIT,Aire Acondicionado,4344
4625,Preventivo,CENTRO,CESSA ATZACOALOYA,CARRIER,40UPC243A-E,NO PROPORCIONADO,1,MINISPLIT 1.5 TON,MINISPLIT,Aire Acondicionado,4345
4626,Correctivo,CENTRO,CESSA ATZACOALOYA,CARRIER,40UPC243A-E,NO PROPORCIONADO,1,MINISPLIT 1.5 TON,MINISPLIT,Aire Acondicionado,4346
4627,Preventivo,CENTRO,CENTRO DE SALUD CON SERVICIOS AMPLIADOS DE CHICHIHUALCO,YORK,YSKA24FS-ADK,1000017141205500,1,MINISPLIT 1.5 TON,MINISPLIT,Aire Acondicionado,4347
4628,Correctivo,CENTRO,CENTRO DE SALUD CON SERVICIOS AMPLIADOS DE CHICHIHUALCO,YORK,YSKA24FS-ADK,1000017141205500,1,MINISPLIT 1.5 TON,MINISPLIT,Aire Acondicionado,4348
4629,Preventivo,CENTRO,CENTRO DE SALUD CON SERVICIOS AMPLIADOS DE CHICHIHUALCO,MIRAGE,ELF181D,ELF181D7112100291,1,MINISPLIT 1.5 TON,MINISPLIT,Aire Acondicionado,4349
4630,Correctivo,CENTRO,CENTRO DE SALUD CON SERVICIOS AMPLIADOS DE CHICHIHUALCO,MIRAGE,ELF181D,ELF181D7112100291,1,MINISPLIT 1.5 TON,MINISPLIT,Aire Acondicionado,4350
4631,Preventivo,CENTRO,CENTRO DE SALUD CON SERVICIOS AMPLIADOS DE CHICHIHUALCO,MIRAGE,ELF181D,ELF181D7072102157,1,MINISPLIT 1.5 TON,MINISPLIT,Aire Acondicionado,4351
4632,Correctivo,CENTRO,CENTRO DE SALUD CON SERVICIOS AMPLIADOS DE CHICHIHUALCO,MIRAGE,ELF181D,ELF181D7072102157,1,MINISPLIT 1.5 TON,MINISPLIT,Aire Acondicionado,4352
4633,Preventivo,CENTRO,CENTRO DE SALUD CON SERVICIOS AMPLIADOS DE CHICHIHUALCO,MIRAGE,ELF181D,EFW-FGN5142N654,1,MINISPLIT 1.5 TON,MINISPLIT,Aire Acondicionado,4353
4634,Correctivo,CENTRO,CENTRO DE SALUD CON SERVICIOS AMPLIADOS DE CHICHIHUALCO,MIRAGE,ELF181D,EFW-FGN5142N654,1,MINISPLIT 1.5 TON,MINISPLIT,Aire Acondicionado,4354
4635,Preventivo,CENTRO,CENTRO DE SALUD CON SERVICIOS AMPLIADOS DE CHICHIHUALCO,MIRAGE,ELF181D,EEF-SG61135S34V,1,MINISPLIT 1.5 TON,MINISPLIT,Aire Acondicionado,4355
4636,Correctivo,CENTRO,CENTRO DE SALUD CON SERVICIOS AMPLIADOS DE CHICHIHUALCO,MIRAGE,ELF181D,EEF-SG61135S34V,1,MINISPLIT 1.5 TON,MINISPLIT,Aire Acondicionado,4356
4637,Preventivo,CENTRO,CENTRO DE SALUD CON SERVICIOS AMPLIADOS DE CHICHIHUALCO,MIRAGE,ELF181D,WEW-TRH5315RG3,1,MINISPLIT 1.5 TON,MINISPLIT,Aire Acondicionado,4357
4638,Correctivo,CENTRO,CENTRO DE SALUD CON SERVICIOS AMPLIADOS DE CHICHIHUALCO,MIRAGE,ELF181D,WEW-TRH5315RG3,1,MINISPLIT 1.5 TON,MINISPLIT,Aire Acondicionado,4358
3571,Preventivo,CENTRO,HOSPITAL DE LA MADRE Y EL NIÑO GUERRERENSE,YORK,CA0061121,CDNM22878D UMA4,I-HMNG-080507-002368,UMA 30 TON,UMA,Aire Acondicionado,4359
3572,Correctivo,CENTRO,HOSPITAL DE LA MADRE Y EL NIÑO GUERRERENSE,YORK,CA0061121,CDNM22878D UMA4,I-HMNG-080507-002368,UMA 30 TON,UMA,Aire Acondicionado,4360
3573,Preventivo,CENTRO,HOSPITAL DE LA MADRE Y EL NIÑO GUERRERENSE,YORK,CA0060927,CDNM22874D,I-HMNG-080507-002368-56,UMA 15 TON,UMA,Aire Acondicionado,4361
3574,Correctivo,CENTRO,HOSPITAL DE LA MADRE Y EL NIÑO GUERRERENSE,YORK,CA0060927,CDNM22874D,I-HMNG-080507-002368-56,UMA 15 TON,UMA,Aire Acondicionado,4362
3575,Preventivo,CENTRO,HOSPITAL DE LA MADRE Y EL NIÑO GUERRERENSE,YORK,CA0060927,CDNM13122B,I-HMNG-080507-002368-57,UMA 30 TON,UMA,Aire Acondicionado,4363
3576,Correctivo,CENTRO,HOSPITAL DE LA MADRE Y EL NIÑO GUERRERENSE,YORK,CA0060927,CDNM13122B,I-HMNG-080507-002368-57,UMA 30 TON,UMA,Aire Acondicionado,4364
3577,Preventivo,CENTRO,HOSPITAL DE LA MADRE Y EL NIÑO GUERRERENSE,YORK,CA0060827,CDNM22876D,I-HMNG-080507-002368-58,UMA 20 TON,UMA,Aire Acondicionado,4365
3578,Correctivo,CENTRO,HOSPITAL DE LA MADRE Y EL NIÑO GUERRERENSE,YORK,CA0060827,CDNM22876D,I-HMNG-080507-002368-58,UMA 20 TON,UMA,Aire Acondicionado,4366
3579,Preventivo,CENTRO,HOSPITAL DE LA MADRE Y EL NIÑO GUERRERENSE,YORK,CA0060827,CDNM13121B,I-HMNG-080507-002368-59,UMA 20 TON,UMA,Aire Acondicionado,4367
3580,Correctivo,CENTRO,HOSPITAL DE LA MADRE Y EL NIÑO GUERRERENSE,YORK,CA0060827,CDNM13121B,I-HMNG-080507-002368-59,UMA 20 TON,UMA,Aire Acondicionado,4368
3581,Preventivo,CENTRO,HOSPITAL DE LA MADRE Y EL NIÑO GUERRERENSE,MIDEA,R410A,C7013568401164074,I-HMNG-080507-002368-32,UNIDAD PAQUETE 7.5 TON,PAQUETE,Aire Acondicionado,4369
3582,Correctivo,CENTRO,HOSPITAL DE LA MADRE Y EL NIÑO GUERRERENSE,MIDEA,R410A,C7013568401164074,I-HMNG-080507-002368-32,UNIDAD PAQUETE 7.5 TON,PAQUETE,Aire Acondicionado,4370
3583,Preventivo,CENTRO,HOSPITAL DE LA MADRE Y EL NIÑO GUERRERENSE,YORK,H1CE150A25C,NAMM005784,I-HMNG-080507-002368-33,MINISPLIT 1.5 TON,MINISPLIT,Aire Acondicionado,4371
3584,Correctivo,CENTRO,HOSPITAL DE LA MADRE Y EL NIÑO GUERRERENSE,YORK,H1CE150A25C,NAMM005784,I-HMNG-080507-002368-33,MINISPLIT 1.5 TON,MINISPLIT,Aire Acondicionado,4372
3585,Preventivo,CENTRO,HOSPITAL DE LA MADRE Y EL NIÑO GUERRERENSE,YORK,H1CE150A25C,NBMM013565,I-HMNG-080507-002368-34,MINISPLIT 1.5 TON,MINISPLIT,Aire Acondicionado,4373
3586,Correctivo,CENTRO,HOSPITAL DE LA MADRE Y EL NIÑO GUERRERENSE,YORK,H1CE150A25C,NBMM013565,I-HMNG-080507-002368-34,MINISPLIT 1.5 TON,MINISPLIT,Aire Acondicionado,4374
3587,Preventivo,CENTRO,HOSPITAL DE LA MADRE Y EL NIÑO GUERRERENSE,GREEN,GWC-24QED1NND4A,S/SERIE,I-HMNG-080507-002368-35,MINISPLIT 1.5 TON,MINISPLIT,Aire Acondicionado,4375
3588,Correctivo,CENTRO,HOSPITAL DE LA MADRE Y EL NIÑO GUERRERENSE,GREEN,GWC-24QED1NND4A,S/SERIE,I-HMNG-080507-002368-35,MINISPLIT 1.5 TON,MINISPLIT,Aire Acondicionado,4376
3589,Preventivo,CENTRO,HOSPITAL DE LA MADRE Y EL NIÑO GUERRERENSE,YORK,H5CE090A25A,NANM005688,I-HMNG-080507-002368-36,MINISPLIT 1.5 TON,MINISPLIT,Aire Acondicionado,4377
3590,Correctivo,CENTRO,HOSPITAL DE LA MADRE Y EL NIÑO GUERRERENSE,YORK,H5CE090A25A,NANM005688,I-HMNG-080507-002368-36,MINISPLIT 1.5 TON,MINISPLIT,Aire Acondicionado,4378
3591,Preventivo,CENTRO,HOSPITAL DE LA MADRE Y EL NIÑO GUERRERENSE,YORK,H4CE180A25A,NANM004026,I-HMNG-080507-002368-37,MINISPLIT 1.5 TON,MINISPLIT,Aire Acondicionado,4379
3592,Correctivo,CENTRO,HOSPITAL DE LA MADRE Y EL NIÑO GUERRERENSE,YORK,H4CE180A25A,NANM004026,I-HMNG-080507-002368-37,MINISPLIT 1.5 TON,MINISPLIT,Aire Acondicionado,4380
3593,Preventivo,CENTRO,HOSPITAL DE LA MADRE Y EL NIÑO GUERRERENSE,YORK,DLDA12FSADR,0401-02650,I-HMNG-080507-002368-38,UMA 20 TON,UMA,Aire Acondicionado,4381
3594,Correctivo,CENTRO,HOSPITAL DE LA MADRE Y EL NIÑO GUERRERENSE,YORK,DLDA12FSADR,0401-02650,I-HMNG-080507-002368-38,UMA 20 TON,UMA,Aire Acondicionado,4382
3595,Preventivo,CENTRO,HOSPITAL DE LA MADRE Y EL NIÑO GUERRERENSE,YORK,H1CE150A25C,NAMM009919,I-HMNG-080507-002368-42,MINISPLIT 1.5 TON,MINISPLIT,Aire Acondicionado,4383
3596,Correctivo,CENTRO,HOSPITAL DE LA MADRE Y EL NIÑO GUERRERENSE,YORK,H1CE150A25C,NAMM009919,I-HMNG-080507-002368-42,MINISPLIT 1.5 TON,MINISPLIT,Aire Acondicionado,4384
3597,Preventivo,CENTRO,HOSPITAL DE LA MADRE Y EL NIÑO GUERRERENSE,YORK,H2CE120A25E,NBNM018238,I-HMNG-080507-002368-43,MINISPLIT 1.5 TON,MINISPLIT,Aire Acondicionado,4385
3598,Correctivo,CENTRO,HOSPITAL DE LA MADRE Y EL NIÑO GUERRERENSE,YORK,H2CE120A25E,NBNM018238,I-HMNG-080507-002368-43,MINISPLIT 1.5 TON,MINISPLIT,Aire Acondicionado,4386
3599,Preventivo,CENTRO,HOSPITAL DE LA MADRE Y EL NIÑO GUERRERENSE,S/M,DM120C00A2AAA3B,NANM004829,I-HMNG-080507-002368-44,MINISPLIT 1.5 TON,MINISPLIT,Aire Acondicionado,4387
3600,Correctivo,CENTRO,HOSPITAL DE LA MADRE Y EL NIÑO GUERRERENSE,S/M,DM120C00A2AAA3B,NANM004829,I-HMNG-080507-002368-44,MINISPLIT 1.5 TON,MINISPLIT,Aire Acondicionado,4388
3601,Preventivo,CENTRO,HOSPITAL DE LA MADRE Y EL NIÑO GUERRERENSE,S/M,D1EB060A25B,NBNM018233,I-HMNG-080507-002368-45,MINISPLIT 1.5 TON,MINISPLIT,Aire Acondicionado,4389
3602,Correctivo,CENTRO,HOSPITAL DE LA MADRE Y EL NIÑO GUERRERENSE,S/M,D1EB060A25B,NBNM018233,I-HMNG-080507-002368-45,MINISPLIT 1.5 TON,MINISPLIT,Aire Acondicionado,4390
3603,Preventivo,CENTRO,HOSPITAL DE LA MADRE Y EL NIÑO GUERRERENSE,YORK,S/M,S/SERIE,I-HMNG-080507-002368-49,MINISPLIT 2.5 TON,MINISPLIT,Aire Acondicionado,4391
3604,Correctivo,CENTRO,HOSPITAL DE LA MADRE Y EL NIÑO GUERRERENSE,YORK,S/M,S/SERIE,I-HMNG-080507-002368-49,MINISPLIT 2.5 TON,MINISPLIT,Aire Acondicionado,4392
3605,Preventivo,CENTRO,HOSPITAL DE LA MADRE Y EL NIÑO GUERRERENSE,YORK,S/M,CDNM2289D,I-HMNG-080507-002368-50,MINISPLIT 2.5 TON,MINISPLIT,Aire Acondicionado,4393
3606,Correctivo,CENTRO,HOSPITAL DE LA MADRE Y EL NIÑO GUERRERENSE,YORK,S/M,CDNM2289D,I-HMNG-080507-002368-50,MINISPLIT 2.5 TON,MINISPLIT,Aire Acondicionado,4394
3607,Preventivo,CENTRO,HOSPITAL DE LA MADRE Y EL NIÑO GUERRERENSE,YORK,S/M,S/SERIE,I-HMNG-080507-002368-51,MINISPLIT 3.0 TON,MINISPLIT,Aire Acondicionado,4395
3608,Correctivo,CENTRO,HOSPITAL DE LA MADRE Y EL NIÑO GUERRERENSE,YORK,S/M,S/SERIE,I-HMNG-080507-002368-51,MINISPLIT 3.0 TON,MINISPLIT,Aire Acondicionado,4396
3609,Preventivo,CENTRO,HOSPITAL DE LA MADRE Y EL NIÑO GUERRERENSE,MIRAGE,CXF261T,S/SERIE,I-HMNG-080507-002368-52,MINISPLIT 1.5 TON,MINISPLIT,Aire Acondicionado,4397
3610,Correctivo,CENTRO,HOSPITAL DE LA MADRE Y EL NIÑO GUERRERENSE,MIRAGE,CXF261T,S/SERIE,I-HMNG-080507-002368-52,MINISPLIT 1.5 TON,MINISPLIT,Aire Acondicionado,4398
3611,Preventivo,CENTRO,HOSPITAL DE LA MADRE Y EL NIÑO GUERRERENSE,MIRAGE,CXF121D,S/SERIE,I-HMNG-080507-002368-53,MINISPLIT 1.5 TON,MINISPLIT,Aire Acondicionado,4399
3612,Correctivo,CENTRO,HOSPITAL DE LA MADRE Y EL NIÑO GUERRERENSE,MIRAGE,CXF121D,S/SERIE,I-HMNG-080507-002368-53,MINISPLIT 1.5 TON,MINISPLIT,Aire Acondicionado,4400
3613,Preventivo,CENTRO,HOSPITAL DE LA MADRE Y EL NIÑO GUERRERENSE,MIRAGE,CXF121D,S/SERIE,I-HMNG-080507-002368-54,MINISPLIT 2.5 TON,MINISPLIT,Aire Acondicionado,4401
3614,Correctivo,CENTRO,HOSPITAL DE LA MADRE Y EL NIÑO GUERRERENSE,MIRAGE,CXF121D,S/SERIE,I-HMNG-080507-002368-54,MINISPLIT 2.5 TON,MINISPLIT,Aire Acondicionado,4402
3615,Preventivo,CENTRO,HOSPITAL DE LA MADRE Y EL NIÑO GUERRERENSE,YORK,TLDA12F5ADR,S/SERIE,I-HMNG-080507-002368-55,MINISPLIT 1.5 TON,MINISPLIT,Aire Acondicionado,4403
3616,Correctivo,CENTRO,HOSPITAL DE LA MADRE Y EL NIÑO GUERRERENSE,YORK,TLDA12F5ADR,S/SERIE,I-HMNG-080507-002368-55,MINISPLIT 1.5 TON,MINISPLIT,Aire Acondicionado,4404
3617,Preventivo,CENTRO,HOSPITAL DE LA MADRE Y EL NIÑO GUERRERENSE,CARRIER,38KS024-621,00707G10068 UC-6,I-HMNG-180619-008955-1,UNIDAD PAQUETE 7.5 TON,PAQUETE,Aire Acondicionado,4405
3618,Correctivo,CENTRO,HOSPITAL DE LA MADRE Y EL NIÑO GUERRERENSE,CARRIER,38KS024-621,00707G10068 UC-6,I-HMNG-180619-008955-1,UNIDAD PAQUETE 7.5 TON,PAQUETE,Aire Acondicionado,4406
3619,Preventivo,CENTRO,HOSPITAL DE LA MADRE Y EL NIÑO GUERRERENSE,GOODMAN,GSC130603PA,0908085117 UC-RX,I-HMNG-180619-008955-3,MINISPLIT 1.5 TON,MINISPLIT,Aire Acondicionado,4407
3620,Correctivo,CENTRO,HOSPITAL DE LA MADRE Y EL NIÑO GUERRERENSE,GOODMAN,GSC130603PA,0908085117 UC-RX,I-HMNG-180619-008955-3,MINISPLIT 1.5 TON,MINISPLIT,Aire Acondicionado,4408
3621,Preventivo,CENTRO,HOSPITAL DE LA MADRE Y EL NIÑO GUERRERENSE,YORK,H5CE090A25A,NON6319328,I-HMNG-180619-008955-4,UMA 15 TON,UMA,Aire Acondicionado,4409
3622,Correctivo,CENTRO,HOSPITAL DE LA MADRE Y EL NIÑO GUERRERENSE,YORK,H5CE090A25A,NON6319328,I-HMNG-180619-008955-4,UMA 15 TON,UMA,Aire Acondicionado,4410
3623,Preventivo,CENTRO,HOSPITAL DE LA MADRE Y EL NIÑO GUERRERENSE,YORK,K4EY090A33A,NON6329126,I-HMNG-180619-008955-5,UMA 20 TON,UMA,Aire Acondicionado,4411
3624,Correctivo,CENTRO,HOSPITAL DE LA MADRE Y EL NIÑO GUERRERENSE,YORK,K4EY090A33A,NON6329126,I-HMNG-180619-008955-5,UMA 20 TON,UMA,Aire Acondicionado,4412
3625,Preventivo,CENTRO,HOSPITAL DE LA MADRE Y EL NIÑO GUERRERENSE,MIRAGE,ELF-121D,S/SERIE,I-HMNG-110723-00010130,MINISPLIT 2.5 TON,MINISPLIT,Aire Acondicionado,4413
3626,Correctivo,CENTRO,HOSPITAL DE LA MADRE Y EL NIÑO GUERRERENSE,MIRAGE,ELF-121D,S/SERIE,I-HMNG-110723-00010130,MINISPLIT 2.5 TON,MINISPLIT,Aire Acondicionado,4414
3627,Preventivo,CENTRO,HOSPITAL DE LA MADRE Y EL NIÑO GUERRERENSE,MIRAGE,ELF121T,S/SERIE,I-HMNG-190723-00010139,MINISPLIT 1.5 TON,MINISPLIT,Aire Acondicionado,4415
3628,Correctivo,CENTRO,HOSPITAL DE LA MADRE Y EL NIÑO GUERRERENSE,MIRAGE,ELF121T,S/SERIE,I-HMNG-190723-00010139,MINISPLIT 1.5 TON,MINISPLIT,Aire Acondicionado,4416
3629,Preventivo,CENTRO,HOSPITAL DE LA MADRE Y EL NIÑO GUERRERENSE,MIRAGE,ELF-121T,S/SERIE,I-HMNG-110723-00001129,MINISPLIT 1.5 TON,MINISPLIT,Aire Acondicionado,4417
3630,Correctivo,CENTRO,HOSPITAL DE LA MADRE Y EL NIÑO GUERRERENSE,MIRAGE,ELF-121T,S/SERIE,I-HMNG-110723-00001129,MINISPLIT 1.5 TON,MINISPLIT,Aire Acondicionado,4418
3631,Preventivo,CENTRO,HOSPITAL DE LA MADRE Y EL NIÑO GUERRERENSE,MIRAGE,S/M,S/SERIE,I-HMNG-291223-00010041,MINISPLIT 1.5 TON,MINISPLIT,Aire Acondicionado,4419
3632,Correctivo,CENTRO,HOSPITAL DE LA MADRE Y EL NIÑO GUERRERENSE,MIRAGE,S/M,S/SERIE,I-HMNG-291223-00010041,MINISPLIT 1.5 TON,MINISPLIT,Aire Acondicionado,4420
3633,Preventivo,CENTRO,HOSPITAL DE LA MADRE Y EL NIÑO GUERRERENSE,YORK,YHFE12ZXMAXAORX,2000290022,I-HMNG-1081022-0009054,UMA 20 TON,UMA,Aire Acondicionado,4421
3634,Correctivo,CENTRO,HOSPITAL DE LA MADRE Y EL NIÑO GUERRERENSE,YORK,YHFE12ZXMAXAORX,2000290022,I-HMNG-1081022-0009054,UMA 20 TON,UMA,Aire Acondicionado,4422
3635,Preventivo,CENTRO,HOSPITAL DE LA MADRE Y EL NIÑO GUERRERENSE,MIRAGE,ELF261E,340F227730221090130899,I-HMNG-1081022-0009055,MINISPLIT 2.5 TON,MINISPLIT,Aire Acondicionado,4423
3636,Correctivo,CENTRO,HOSPITAL DE LA MADRE Y EL NIÑO GUERRERENSE,MIRAGE,ELF261E,340F227730221090130899,I-HMNG-1081022-0009055,MINISPLIT 2.5 TON,MINISPLIT,Aire Acondicionado,4424
3637,Preventivo,CENTRO,HOSPITAL DE LA MADRE Y EL NIÑO GUERRERENSE,YORK,S/M,S/SERIE,I-HMNG-30523-00010008,MINISPLIT 1.5 TON,MINISPLIT,Aire Acondicionado,4425
3638,Correctivo,CENTRO,HOSPITAL DE LA MADRE Y EL NIÑO GUERRERENSE,YORK,S/M,S/SERIE,I-HMNG-30523-00010008,MINISPLIT 1.5 TON,MINISPLIT,Aire Acondicionado,4426
3639,Preventivo,CENTRO,HOSPITAL DE LA MADRE Y EL NIÑO GUERRERENSE,MIRAGE,S/M,S/SERIE,I-HMNG-120822-00001136,MINISPLIT 1.5 TON,MINISPLIT,Aire Acondicionado,4427
3640,Correctivo,CENTRO,HOSPITAL DE LA MADRE Y EL NIÑO GUERRERENSE,MIRAGE,S/M,S/SERIE,I-HMNG-120822-00001136,MINISPLIT 1.5 TON,MINISPLIT,Aire Acondicionado,4428
3641,Preventivo,CENTRO,HOSPITAL DE LA MADRE Y EL NIÑO GUERRERENSE,MIRAGE,S/M,ELF261E7052206637,I-HMNG-120822-00001130,MINISPLIT 1.5 TON,MINISPLIT,Aire Acondicionado,4429
3642,Correctivo,CENTRO,HOSPITAL DE LA MADRE Y EL NIÑO GUERRERENSE,MIRAGE,S/M,ELF261E7052206637,I-HMNG-120822-00001130,MINISPLIT 1.5 TON,MINISPLIT,Aire Acondicionado,4430
3643,Preventivo,CENTRO,HOSPITAL DE LA MADRE Y EL NIÑO GUERRERENSE,MIRAGE,S/M,ELF261D7032202210,I-HMNG-120822-00001131,MINISPLIT 1.5 TON,MINISPLIT,Aire Acondicionado,4431
3644,Correctivo,CENTRO,HOSPITAL DE LA MADRE Y EL NIÑO GUERRERENSE,MIRAGE,S/M,ELF261D7032202210,I-HMNG-120822-00001131,MINISPLIT 1.5 TON,MINISPLIT,Aire Acondicionado,4432
3645,Preventivo,CENTRO,HOSPITAL DE LA MADRE Y EL NIÑO GUERRERENSE,MIRAGE,LIFE 12 220,S/SERIE,I-HMNG-30523-000100010,MINISPLIT 1.5 TON,MINISPLIT,Aire Acondicionado,4433
3646,Correctivo,CENTRO,HOSPITAL DE LA MADRE Y EL NIÑO GUERRERENSE,MIRAGE,LIFE 12 220,S/SERIE,I-HMNG-30523-000100010,MINISPLIT 1.5 TON,MINISPLIT,Aire Acondicionado,4434
3647,Preventivo,CENTRO,HOSPITAL DE LA MADRE Y EL NIÑO GUERRERENSE,MIRAGE MAGNUM,S/M,S/SERIE,I-HMNG-080507-002368-56,UNIDAD PAQUETE 7.5 TON,PAQUETE,Aire Acondicionado,4435
3648,Correctivo,CENTRO,HOSPITAL DE LA MADRE Y EL NIÑO GUERRERENSE,MIRAGE MAGNUM,S/M,S/SERIE,I-HMNG-080507-002368-56,UNIDAD PAQUETE 7.5 TON,PAQUETE,Aire Acondicionado,4436
3649,Preventivo,CENTRO,HOSPITAL DE LA MADRE Y EL NIÑO GUERRERENSE,YORK,S/M,S/SERIE,I-HMNG-080507-002368-60,MINISPLIT 1.5 TON,MINISPLIT,Aire Acondicionado,4437
3650,Correctivo,CENTRO,HOSPITAL DE LA MADRE Y EL NIÑO GUERRERENSE,YORK,S/M,S/SERIE,I-HMNG-080507-002368-60,MINISPLIT 1.5 TON,MINISPLIT,Aire Acondicionado,4438
3651,Preventivo,CENTRO,HOSPITAL DE LA MADRE Y EL NIÑO GUERRERENSE,YORK,S/M,S/SERIE,I-HMNG-080507-002368-58,MINISPLIT 1.5 TON,MINISPLIT,Aire Acondicionado,4439
3652,Correctivo,CENTRO,HOSPITAL DE LA MADRE Y EL NIÑO GUERRERENSE,YORK,S/M,S/SERIE,I-HMNG-080507-002368-58,MINISPLIT 1.5 TON,MINISPLIT,Aire Acondicionado,4440
3653,Preventivo,CENTRO,HOSPITAL DE LA MADRE Y EL NIÑO GUERRERENSE,YORK,S/M,S/SERIE,I-HMNG-080507-002368-57,MINISPLIT 2.5 TON,MINISPLIT,Aire Acondicionado,4441
3654,Correctivo,CENTRO,HOSPITAL DE LA MADRE Y EL NIÑO GUERRERENSE,YORK,S/M,S/SERIE,I-HMNG-080507-002368-57,MINISPLIT 2.5 TON,MINISPLIT,Aire Acondicionado,4442
543,Preventivo,CENTRO,HOSPITAL BÁSICO COMUNITARIO TIXTLA DE GUERRERO,CARRIER,SOZPC060 30TP,1620F55210,10,UNIDAD PAQUETE 7.5 TON,PAQUETE,Aire Acondicionado,4443
544,Correctivo,CENTRO,HOSPITAL BÁSICO COMUNITARIO TIXTLA DE GUERRERO,CARRIER,SOZPC060 30TP,1620F55210,10,UNIDAD PAQUETE 7.5 TON,PAQUETE,Aire Acondicionado,4444
545,Preventivo,CENTRO,HOSPITAL BÁSICO COMUNITARIO TIXTLA DE GUERRERO,CARRIER,50TC.D12A2A50AODO,1120839152,11,UNIDAD PAQUETE 5.5 TON,PAQUETE,Aire Acondicionado,4445
546,Correctivo,CENTRO,HOSPITAL BÁSICO COMUNITARIO TIXTLA DE GUERRERO,CARRIER,50TC.D12A2A50AODO,1120839152,11,UNIDAD PAQUETE 5.5 TON,PAQUETE,Aire Acondicionado,4446
547,Preventivo,CENTRO,HOSPITAL BÁSICO COMUNITARIO TIXTLA DE GUERRERO,CARRIER,50TC.D12A2A5DOA0AO,1120PQ284,12,UNIDAD PAQUETE 5.5 TON,PAQUETE,Aire Acondicionado,4447
548,Correctivo,CENTRO,HOSPITAL BÁSICO COMUNITARIO TIXTLA DE GUERRERO,CARRIER,50TC.D12A2A5DOA0AO,1120PQ284,12,UNIDAD PAQUETE 5.5 TON,PAQUETE,Aire Acondicionado,4448
549,Preventivo,CENTRO,HOSPITAL BÁSICO COMUNITARIO TIXTLA DE GUERRERO,MIRAGE,LHC2615,CHC20159032303767,13,MINISPLIT 2.0 TON,MINISPLIT,Aire Acondicionado,4449
550,Correctivo,CENTRO,HOSPITAL BÁSICO COMUNITARIO TIXTLA DE GUERRERO,MIRAGE,LHC2615,CHC20159032303767,13,MINISPLIT 2.0 TON,MINISPLIT,Aire Acondicionado,4450
551,Preventivo,CENTRO,HOSPITAL BÁSICO COMUNITARIO TIXTLA DE GUERRERO,MIRAGE,CBF 120B,CBF120133140500550,14,MiniSplit 1.5 ton,MINISPLIT,Aire Acondicionado,4451
552,Correctivo,CENTRO,HOSPITAL BÁSICO COMUNITARIO TIXTLA DE GUERRERO,MIRAGE,CBF 120B,CBF120133140500550,14,MiniSplit 1.5 ton,MINISPLIT,Aire Acondicionado,4452
553,Preventivo,CENTRO,HOSPITAL BÁSICO COMUNITARIO TIXTLA DE GUERRERO,MIRAGE,CBF 120B611400,CBF 120B611400,15,MiniSplit 1.5 ton,MINISPLIT,Aire Acondicionado,4453
554,Correctivo,CENTRO,HOSPITAL BÁSICO COMUNITARIO TIXTLA DE GUERRERO,MIRAGE,CBF 120B611400,CBF 120B611400,15,MiniSplit 1.5 ton,MINISPLIT,Aire Acondicionado,4454
555,Preventivo,CENTRO,HOSPITAL BÁSICO COMUNITARIO TIXTLA DE GUERRERO,MIRAGE,SIN DATOS,SIN DATOS,16,MiniSplit 1.5 ton,MINISPLIT,Aire Acondicionado,4455
556,Correctivo,CENTRO,HOSPITAL BÁSICO COMUNITARIO TIXTLA DE GUERRERO,MIRAGE,SIN DATOS,SIN DATOS,16,MiniSplit 1.5 ton,MINISPLIT,Aire Acondicionado,4456
557,Preventivo,CENTRO,HOSPITAL BÁSICO COMUNITARIO TIXTLA DE GUERRERO,MIRAGE,SIN DATOS,SIN DATOS,17,MiniSplit 1.5 ton,MINISPLIT,Aire Acondicionado,4457
558,Correctivo,CENTRO,HOSPITAL BÁSICO COMUNITARIO TIXTLA DE GUERRERO,MIRAGE,SIN DATOS,SIN DATOS,17,MiniSplit 1.5 ton,MINISPLIT,Aire Acondicionado,4458
2759,Preventivo,CENTRO,UNEME DEDICAM,LG,SJ122SD,NO PROPORCIONADO,1,MINISPLIT 1.5 TON,MINISPLIT,Aire Acondicionado,4459
2760,Correctivo,CENTRO,UNEME DEDICAM,LG,SJ122SD,NO PROPORCIONADO,1,MINISPLIT 1.5 TON,MINISPLIT,Aire Acondicionado,4460
2761,Preventivo,CENTRO,UNEME DEDICAM,LG,SJ122SD,NO PROPORCIONADO,1,MINISPLIT 1.5 TON,MINISPLIT,Aire Acondicionado,4461
2762,Correctivo,CENTRO,UNEME DEDICAM,LG,SJ122SD,NO PROPORCIONADO,1,MINISPLIT 1.5 TON,MINISPLIT,Aire Acondicionado,4462
2763,Preventivo,CENTRO,UNEME DEDICAM,LG,SJ122SD,NO PROPORCIONADO,SIN NUMERO,MINISPLIT 1.5 TON,MINISPLIT,Aire Acondicionado,4463
2764,Correctivo,CENTRO,UNEME DEDICAM,LG,SJ122SD,NO PROPORCIONADO,SIN NUMERO,MINISPLIT 1.5 TON,MINISPLIT,Aire Acondicionado,4464
2765,Preventivo,CENTRO,UNEME DEDICAM,LG,SJ122SD,NO PROPORCIONADO,1,MINISPLIT 1.5 TON,MINISPLIT,Aire Acondicionado,4465
2766,Correctivo,CENTRO,UNEME DEDICAM,LG,SJ122SD,NO PROPORCIONADO,1,MINISPLIT 1.5 TON,MINISPLIT,Aire Acondicionado,4466
2767,Preventivo,CENTRO,UNEME DEDICAM,PRIME,S342CP,NO PROPORCIONADO,1,UMA 10 TON,UMA,Aire Acondicionado,4467
2768,Correctivo,CENTRO,UNEME DEDICAM,PRIME,S342CP,NO PROPORCIONADO,1,UMA 10 TON,UMA,Aire Acondicionado,4468
2769,Preventivo,CENTRO,UNEME DEDICAM,PRIME,EMPRC362-K,NO PROPORCIONADO,1,UNIDAD PAQUETE 7.5 TON,PAQUETE,Aire Acondicionado,4469
2770,Correctivo,CENTRO,UNEME DEDICAM,PRIME,EMPRC362-K,NO PROPORCIONADO,1,UNIDAD PAQUETE 7.5 TON,PAQUETE,Aire Acondicionado,4470
2771,Preventivo,CENTRO,UNEME DEDICAM,LG,SJ122SD,NO PROPORCIONADO,1,MINISPLIT 1.5 TON,MINISPLIT,Aire Acondicionado,4471
2772,Correctivo,CENTRO,UNEME DEDICAM,LG,SJ122SD,NO PROPORCIONADO,1,MINISPLIT 1.5 TON,MINISPLIT,Aire Acondicionado,4472
2773,Preventivo,CENTRO,UNEME DEDICAM,LG,SJ122SD,NO PROPORCIONADO,1,MINISPLIT 1.5 TON,MINISPLIT,Aire Acondicionado,4473
2774,Correctivo,CENTRO,UNEME DEDICAM,LG,SJ122SD,NO PROPORCIONADO,1,MINISPLIT 1.5 TON,MINISPLIT,Aire Acondicionado,4474
2775,Preventivo,CENTRO,UNEME DEDICAM,LG,SJ122SD,NO PROPORCIONADO,1,MINISPLIT 1.5 TON,MINISPLIT,Aire Acondicionado,4475
2776,Correctivo,CENTRO,UNEME DEDICAM,LG,SJ122SD,NO PROPORCIONADO,1,MINISPLIT 1.5 TON,MINISPLIT,Aire Acondicionado,4476
2777,Preventivo,CENTRO,UNEME DEDICAM,LG,SJ122SD,NO PROPORCIONADO,1,MINISPLIT 1.5 TON,MINISPLIT,Aire Acondicionado,4477
2778,Correctivo,CENTRO,UNEME DEDICAM,LG,SJ122SD,NO PROPORCIONADO,1,MINISPLIT 1.5 TON,MINISPLIT,Aire Acondicionado,4478
2779,Preventivo,CENTRO,UNEME DEDICAM,LG,SJ122SD,NO PROPORCIONADO,1,MINISPLIT 1.5 TON,MINISPLIT,Aire Acondicionado,4479
2780,Correctivo,CENTRO,UNEME DEDICAM,LG,SJ122SD,NO PROPORCIONADO,1,MINISPLIT 1.5 TON,MINISPLIT,Aire Acondicionado,4480
4639,Preventivo,CENTRO,CESSA OCOTITO,DUVENTUS,IVR9M120FOO2,IVR9M120FOO24080516,3,MiniSplit 1 TON,MINISPLIT,Aire Acondicionado,4481
4640,Correctivo,CENTRO,CESSA OCOTITO,DUVENTUS,IVR9M120FOO2,IVR9M120FOO24080516,3,MiniSplit 1 TON,MINISPLIT,Aire Acondicionado,4482
4641,Preventivo,CENTRO,CESSA OCOTITO,DUVENTUS,IVR9M120FOO2,IVR9M120FOO24080913,3,MiniSplit 1 TON,MINISPLIT,Aire Acondicionado,4483
4642,Correctivo,CENTRO,CESSA OCOTITO,DUVENTUS,IVR9M120FOO2,IVR9M120FOO24080913,3,MiniSplit 1 TON,MINISPLIT,Aire Acondicionado,4484
4643,Preventivo,CENTRO,CESSA OCOTITO,YORK,YHFE12XJMAXA-RX,20201200700174,1,MiniSplit 1 TON,MINISPLIT,Aire Acondicionado,4485
4644,Correctivo,CENTRO,CESSA OCOTITO,YORK,YHFE12XJMAXA-RX,20201200700174,1,MiniSplit 1 TON,MINISPLIT,Aire Acondicionado,4486
4645,Preventivo,CENTRO,CESSA OCOTITO,MIRAGE,NEX,S/NS,2,MiniSplit 1 TON,MINISPLIT,Aire Acondicionado,4487
4646,Correctivo,CENTRO,CESSA OCOTITO,MIRAGE,NEX,S/NS,2,MiniSplit 1 TON,MINISPLIT,Aire Acondicionado,4488
4647,Preventivo,CENTRO,CESSA OCOTITO,YORK,YHFE12XJMAXA-RX,020201985200700014,1,MiniSplit 1 TON,MINISPLIT,Aire Acondicionado,4489
4648,Correctivo,CENTRO,CESSA OCOTITO,YORK,YHFE12XJMAXA-RX,020201985200700014,1,MiniSplit 1 TON,MINISPLIT,Aire Acondicionado,4490
4649,Preventivo,CENTRO,CESSA OCOTITO,MIRAGE,EXF121D,63229951679,2,MiniSplit 1 TON,MINISPLIT,Aire Acondicionado,4491
4650,Correctivo,CENTRO,CESSA OCOTITO,MIRAGE,EXF121D,63229951679,2,MiniSplit 1 TON,MINISPLIT,Aire Acondicionado,4492
4651,Preventivo,CENTRO,CESSA OCOTITO,MIRAGE,EXF121D,EXF121D8051407676,2,MiniSplit 1 TON,MINISPLIT,Aire Acondicionado,4493
4652,Correctivo,CENTRO,CESSA OCOTITO,MIRAGE,EXF121D,EXF121D8051407676,2,MiniSplit 1 TON,MINISPLIT,Aire Acondicionado,4494
4653,Preventivo,CENTRO,CESSA OCOTITO,DUVENTUS,IVX9M361COO1,NO VISIBLE,3,AIRE ACONDICIONADO / 3 TON,,Aire Acondicionado,4495
4654,Correctivo,CENTRO,CESSA OCOTITO,DUVENTUS,IVX9M361COO1,NO VISIBLE,3,AIRE ACONDICIONADO / 3 TON,,Aire Acondicionado,4496
4655,Preventivo,CENTRO,CESSA OCOTITO,MIRAGE,EXF121D,EXF121D8051404807,2,MiniSplit 1 TON,MINISPLIT,Aire Acondicionado,4497
4656,Correctivo,CENTRO,CESSA OCOTITO,MIRAGE,EXF121D,EXF121D8051404807,2,MiniSplit 1 TON,MINISPLIT,Aire Acondicionado,4498
4657,Preventivo,CENTRO,CESSA OCOTITO,MIRAGE,EXF121D,63229951679,2,MiniSplit 1 TON,MINISPLIT,Aire Acondicionado,4499
4658,Correctivo,CENTRO,CESSA OCOTITO,MIRAGE,EXF121D,63229951679,2,MiniSplit 1 TON,MINISPLIT,Aire Acondicionado,4500
4659,Preventivo,CENTRO,CESSA OCOTITO,DUVENTUS,IDVT9MX121FOO1,IDVT9MX121FOO14130273,3,MiniSplit 1 TON,MINISPLIT,Aire Acondicionado,4501
4660,Correctivo,CENTRO,CESSA OCOTITO,DUVENTUS,IDVT9MX121FOO1,IDVT9MX121FOO14130273,3,MiniSplit 1 TON,MINISPLIT,Aire Acondicionado,4502
4661,Preventivo,CENTRO,CESSA OCOTITO,MIRAGE,EXF121D,63229951679,2,MiniSplit 1 TON,MINISPLIT,Aire Acondicionado,4503
4662,Correctivo,CENTRO,CESSA OCOTITO,MIRAGE,EXF121D,63229951679,2,MiniSplit 1 TON,MINISPLIT,Aire Acondicionado,4504
4663,Preventivo,CENTRO,CESSA OCOTITO,DUVENTUS,IVR9M120FOO2,IVR9M120FOO24080470,3,MiniSplit 1 TON,MINISPLIT,Aire Acondicionado,4505
4664,Correctivo,CENTRO,CESSA OCOTITO,DUVENTUS,IVR9M120FOO2,IVR9M120FOO24080470,3,MiniSplit 1 TON,MINISPLIT,Aire Acondicionado,4506
4665,Preventivo,CENTRO,CESSA OCOTITO,MIRAGE,EXF121D,EXF121D8051404801,2,MiniSplit 1 TON,MINISPLIT,Aire Acondicionado,4507
4666,Correctivo,CENTRO,CESSA OCOTITO,MIRAGE,EXF121D,EXF121D8051404801,2,MiniSplit 1 TON,MINISPLIT,Aire Acondicionado,4508
4667,Preventivo,CENTRO,CESSA OCOTITO,YORK,YHCA12FSAADK,S/NS,1,MiniSplit 1 TON,MINISPLIT,Aire Acondicionado,4509
4668,Correctivo,CENTRO,CESSA OCOTITO,YORK,YHCA12FSAADK,S/NS,1,MiniSplit 1 TON,MINISPLIT,Aire Acondicionado,4510
4669,Preventivo,CENTRO,CESSA OCOTITO,MIRAGE,EXF121D,63229951679,2,MiniSplit 1 TON,MINISPLIT,Aire Acondicionado,4511
4670,Correctivo,CENTRO,CESSA OCOTITO,MIRAGE,EXF121D,63229951679,2,MiniSplit 1 TON,MINISPLIT,Aire Acondicionado,4512
4671,Preventivo,CENTRO,CESSA OCOTITO,MIRAGE,EXF121D,EXF121D8051404802,2,MiniSplit 1 TON,MINISPLIT,Aire Acondicionado,4513
4672,Correctivo,CENTRO,CESSA OCOTITO,MIRAGE,EXF121D,EXF121D8051404802,2,MiniSplit 1 TON,MINISPLIT,Aire Acondicionado,4514
4673,Preventivo,CENTRO,CESSA OCOTITO,Carrier,38AUZA25A0A5A0A0A0,1415P47762,1,UNIDAD PAQUETE 10 TON,PAQUETE,Aire Acondicionado,4515
4674,Correctivo,CENTRO,CESSA OCOTITO,Carrier,38AUZA25A0A5A0A0A0,1415P47762,1,UNIDAD PAQUETE 10 TON,PAQUETE,Aire Acondicionado,4516
4675,Preventivo,CENTRO,CESSA OCOTITO,Carrier,38AUZA14A0A5A0A0A0AD,1713C93562,1,UNIDAD PAQUETE 10 TON,PAQUETE,Aire Acondicionado,4517
4676,Correctivo,CENTRO,CESSA OCOTITO,Carrier,38AUZA14A0A5A0A0A0AD,1713C93562,1,UNIDAD PAQUETE 10 TON,PAQUETE,Aire Acondicionado,4518
475,Preventivo,CENTRO,HOSPITAL BÁSICO COMUNITARIO QUECHULTENANGO,MIRAGE,"CLF120Q, CLF181D","ELF120Q7091804564, ELF181D7112101179",A2024001,MiniSplit 1.5 ton,MINISPLIT,Aire Acondicionado,4519
476,Correctivo,CENTRO,HOSPITAL BÁSICO COMUNITARIO QUECHULTENANGO,MIRAGE,"CLF120Q, CLF181D","ELF120Q7091804564, ELF181D7112101179",A2024001,MiniSplit 1.5 ton,MINISPLIT,Aire Acondicionado,4520
477,Preventivo,CENTRO,HOSPITAL BÁSICO COMUNITARIO QUECHULTENANGO,SAMSUNG,AR12TVHQCWKN,BDD7P8DN200086N,A2024002,MiniSplit 1.5 ton,MINISPLIT,Aire Acondicionado,4521
478,Correctivo,CENTRO,HOSPITAL BÁSICO COMUNITARIO QUECHULTENANGO,SAMSUNG,AR12TVHQCWKN,BDD7P8DN200086N,A2024002,MiniSplit 1.5 ton,MINISPLIT,Aire Acondicionado,4522
479,Preventivo,CENTRO,HOSPITAL BÁSICO COMUNITARIO QUECHULTENANGO,SAMSUNG,AR12TVHQCWKN,BDD7P8DN200134H,A2024003,MiniSplit 1.5 ton,MINISPLIT,Aire Acondicionado,4523
480,Correctivo,CENTRO,HOSPITAL BÁSICO COMUNITARIO QUECHULTENANGO,SAMSUNG,AR12TVHQCWKN,BDD7P8DN200134H,A2024003,MiniSplit 1.5 ton,MINISPLIT,Aire Acondicionado,4524
481,Preventivo,CENTRO,HOSPITAL BÁSICO COMUNITARIO QUECHULTENANGO,MIRAGE,EBF120B,EBF120B5140303799,A2024004,MiniSplit 1.5 ton,MINISPLIT,Aire Acondicionado,4525
482,Correctivo,CENTRO,HOSPITAL BÁSICO COMUNITARIO QUECHULTENANGO,MIRAGE,EBF120B,EBF120B5140303799,A2024004,MiniSplit 1.5 ton,MINISPLIT,Aire Acondicionado,4526
483,Preventivo,CENTRO,HOSPITAL BÁSICO COMUNITARIO QUECHULTENANGO,LG,SP182CN,MEZ66014109,A2024005,MiniSplit 1.5 ton,MINISPLIT,Aire Acondicionado,4527
484,Correctivo,CENTRO,HOSPITAL BÁSICO COMUNITARIO QUECHULTENANGO,LG,SP182CN,MEZ66014109,A2024005,MiniSplit 1.5 ton,MINISPLIT,Aire Acondicionado,4528
485,Preventivo,CENTRO,HOSPITAL BÁSICO COMUNITARIO QUECHULTENANGO,SAMSUNG,AR12TVHQCWKN,BDD7P8DN200025R,A2024006,MiniSplit 1.5 ton,MINISPLIT,Aire Acondicionado,4529
486,Correctivo,CENTRO,HOSPITAL BÁSICO COMUNITARIO QUECHULTENANGO,SAMSUNG,AR12TVHQCWKN,BDD7P8DN200025R,A2024006,MiniSplit 1.5 ton,MINISPLIT,Aire Acondicionado,4530
487,Preventivo,CENTRO,HOSPITAL BÁSICO COMUNITARIO QUECHULTENANGO,SAMSUNG,AR12TVHQCWKN,BDD7P8DN102375X,A2024007,MiniSplit 1.5 ton,MINISPLIT,Aire Acondicionado,4531
488,Correctivo,CENTRO,HOSPITAL BÁSICO COMUNITARIO QUECHULTENANGO,SAMSUNG,AR12TVHQCWKN,BDD7P8DN102375X,A2024007,MiniSplit 1.5 ton,MINISPLIT,Aire Acondicionado,4532
489,Preventivo,CENTRO,HOSPITAL BÁSICO COMUNITARIO QUECHULTENANGO,MIRAGE,ELF120Q,ELF120Q7011902382,A2024008,MiniSplit 1.5 ton,MINISPLIT,Aire Acondicionado,4533
490,Correctivo,CENTRO,HOSPITAL BÁSICO COMUNITARIO QUECHULTENANGO,MIRAGE,ELF120Q,ELF120Q7011902382,A2024008,MiniSplit 1.5 ton,MINISPLIT,Aire Acondicionado,4534
491,Preventivo,CENTRO,HOSPITAL BÁSICO COMUNITARIO QUECHULTENANGO,MIRAGE,ELF12OQ,ELF120Q7091804560,A2024009,MiniSplit 1.5 ton,MINISPLIT,Aire Acondicionado,4535
492,Correctivo,CENTRO,HOSPITAL BÁSICO COMUNITARIO QUECHULTENANGO,MIRAGE,ELF12OQ,ELF120Q7091804560,A2024009,MiniSplit 1.5 ton,MINISPLIT,Aire Acondicionado,4536
493,Preventivo,CENTRO,HOSPITAL BÁSICO COMUNITARIO QUECHULTENANGO,SAMSUNG,AR12TVHQCWKN,BDD7P8DN200078F,A2024010,MiniSplit 1.5 ton,MINISPLIT,Aire Acondicionado,4537
494,Correctivo,CENTRO,HOSPITAL BÁSICO COMUNITARIO QUECHULTENANGO,SAMSUNG,AR12TVHQCWKN,BDD7P8DN200078F,A2024010,MiniSplit 1.5 ton,MINISPLIT,Aire Acondicionado,4538
495,Preventivo,CENTRO,HOSPITAL BÁSICO COMUNITARIO QUECHULTENANGO,SAMSUNG,AR12TVHQCWKN,BDD7P8DN200057H,A2024011,MiniSplit 1.5 ton,MINISPLIT,Aire Acondicionado,4539
496,Correctivo,CENTRO,HOSPITAL BÁSICO COMUNITARIO QUECHULTENANGO,SAMSUNG,AR12TVHQCWKN,BDD7P8DN200057H,A2024011,MiniSplit 1.5 ton,MINISPLIT,Aire Acondicionado,4540
497,Preventivo,CENTRO,HOSPITAL BÁSICO COMUNITARIO QUECHULTENANGO,SAMSUNG,AR12TVHQCWKN,BDD7P8DN200074V,A2024012,MiniSplit 1.5 ton,MINISPLIT,Aire Acondicionado,4541
498,Correctivo,CENTRO,HOSPITAL BÁSICO COMUNITARIO QUECHULTENANGO,SAMSUNG,AR12TVHQCWKN,BDD7P8DN200074V,A2024012,MiniSplit 1.5 ton,MINISPLIT,Aire Acondicionado,4542
499,Preventivo,CENTRO,HOSPITAL BÁSICO COMUNITARIO QUECHULTENANGO,WHITE-WESTINGHOUSE,WWIHC212C,G3010934101JAJW80328005C,A2024013,MiniSplit 1.5 ton,MINISPLIT,Aire Acondicionado,4543
500,Correctivo,CENTRO,HOSPITAL BÁSICO COMUNITARIO QUECHULTENANGO,WHITE-WESTINGHOUSE,WWIHC212C,G3010934101JAJW80328005C,A2024013,MiniSplit 1.5 ton,MINISPLIT,Aire Acondicionado,4544
501,Preventivo,CENTRO,HOSPITAL BÁSICO COMUNITARIO QUECHULTENANGO,WHITE-WESTINGHOUSE,WWIHC212C,G3010934101JAJW80328006D,A2024014,MiniSplit 1.5 ton,MINISPLIT,Aire Acondicionado,4545
502,Correctivo,CENTRO,HOSPITAL BÁSICO COMUNITARIO QUECHULTENANGO,WHITE-WESTINGHOUSE,WWIHC212C,G3010934101JAJW80328006D,A2024014,MiniSplit 1.5 ton,MINISPLIT,Aire Acondicionado,4546
503,Preventivo,CENTRO,HOSPITAL BÁSICO COMUNITARIO QUECHULTENANGO,SAMSUNG,AR12TVHQCWKN,BDD7P8DN200053T,A2024015,MiniSplit 1.5 ton,MINISPLIT,Aire Acondicionado,4547
504,Correctivo,CENTRO,HOSPITAL BÁSICO COMUNITARIO QUECHULTENANGO,SAMSUNG,AR12TVHQCWKN,BDD7P8DN200053T,A2024015,MiniSplit 1.5 ton,MINISPLIT,Aire Acondicionado,4548
505,Preventivo,CENTRO,HOSPITAL BÁSICO COMUNITARIO QUECHULTENANGO,SAMSUNG,AR12TVHQCWKN,BDD7P8DN200102R,A2024016,MiniSplit 1.5 ton,MINISPLIT,Aire Acondicionado,4549
506,Correctivo,CENTRO,HOSPITAL BÁSICO COMUNITARIO QUECHULTENANGO,SAMSUNG,AR12TVHQCWKN,BDD7P8DN200102R,A2024016,MiniSplit 1.5 ton,MINISPLIT,Aire Acondicionado,4550
507,Preventivo,CENTRO,HOSPITAL BÁSICO COMUNITARIO QUECHULTENANGO,SAMSUNG,AR12TVHQCWKN,BDD7P8DN102384F,A2024017,MiniSplit 1.5 ton,MINISPLIT,Aire Acondicionado,4551
508,Correctivo,CENTRO,HOSPITAL BÁSICO COMUNITARIO QUECHULTENANGO,SAMSUNG,AR12TVHQCWKN,BDD7P8DN102384F,A2024017,MiniSplit 1.5 ton,MINISPLIT,Aire Acondicionado,4552
509,Preventivo,CENTRO,HOSPITAL BÁSICO COMUNITARIO QUECHULTENANGO,LG,MW182H3,304CTYQ31298,A2024018,MiniSplit 2.5 ton,MINISPLIT,Aire Acondicionado,4553
510,Correctivo,CENTRO,HOSPITAL BÁSICO COMUNITARIO QUECHULTENANGO,LG,MW182H3,304CTYQ31298,A2024018,MiniSplit 2.5 ton,MINISPLIT,Aire Acondicionado,4554
511,Preventivo,CENTRO,HOSPITAL BÁSICO COMUNITARIO QUECHULTENANGO,CARRIER PAQUETE,38AUZA08A0A,2919C2185,A2024019,UMA 7.5 TON,UMA,Aire Acondicionado,4555
512,Correctivo,CENTRO,HOSPITAL BÁSICO COMUNITARIO QUECHULTENANGO,CARRIER PAQUETE,38AUZA08A0A,2919C2185,A2024019,UMA 7.5 TON,UMA,Aire Acondicionado,4556
513,Preventivo,CENTRO,HOSPITAL BÁSICO COMUNITARIO QUECHULTENANGO,CARRIER PAQUETE,38AVZA08A0A5A0A0A0,4219C90267,A2024020,UMA 7.5 TON,UMA,Aire Acondicionado,4557
514,Correctivo,CENTRO,HOSPITAL BÁSICO COMUNITARIO QUECHULTENANGO,CARRIER PAQUETE,38AVZA08A0A5A0A0A0,4219C90267,A2024020,UMA 7.5 TON,UMA,Aire Acondicionado,4558
515,Preventivo,CENTRO,HOSPITAL BÁSICO COMUNITARIO QUECHULTENANGO,MIRAGE,"CLF120Q, CLF181D","ELF120Q7091804564, ELF181D7112101179",A2024021,MiniSplit 1.5 ton,MINISPLIT,Aire Acondicionado,4559
516,Correctivo,CENTRO,HOSPITAL BÁSICO COMUNITARIO QUECHULTENANGO,MIRAGE,"CLF120Q, CLF181D","ELF120Q7091804564, ELF181D7112101179",A2024021,MiniSplit 1.5 ton,MINISPLIT,Aire Acondicionado,4560
517,Preventivo,CENTRO,HOSPITAL BÁSICO COMUNITARIO QUECHULTENANGO,MIRAGE,EMF121J,EMF121J7052404219,A2024022,MiniSplit 1.5 ton,MINISPLIT,Aire Acondicionado,4561
518,Correctivo,CENTRO,HOSPITAL BÁSICO COMUNITARIO QUECHULTENANGO,MIRAGE,EMF121J,EMF121J7052404219,A2024022,MiniSplit 1.5 ton,MINISPLIT,Aire Acondicionado,4562
519,Preventivo,CENTRO,HOSPITAL BÁSICO COMUNITARIO QUECHULTENANGO,MIRAGE,EMF121J,EMF121J7072404007,A2024023,MiniSplit 1.5 ton,MINISPLIT,Aire Acondicionado,4563
520,Correctivo,CENTRO,HOSPITAL BÁSICO COMUNITARIO QUECHULTENANGO,MIRAGE,EMF121J,EMF121J7072404007,A2024023,MiniSplit 1.5 ton,MINISPLIT,Aire Acondicionado,4564
521,Preventivo,CENTRO,HOSPITAL BÁSICO COMUNITARIO QUECHULTENANGO,WHIRLPOOL,WA6259Q,QKD1202934,A2024024,MiniSplit 2.5 ton,MINISPLIT,Aire Acondicionado,4565
522,Correctivo,CENTRO,HOSPITAL BÁSICO COMUNITARIO QUECHULTENANGO,WHIRLPOOL,WA6259Q,QKD1202934,A2024024,MiniSplit 2.5 ton,MINISPLIT,Aire Acondicionado,4566
4749,Preventivo,CENTRO,R-02 APANGO,LG,D1ADW35,WEF31FWE354FES,NO CONTAMOS CON BITACORA,MINISPLIT 1.5 TON,MINISPLIT,Aire Acondicionado,4567
4750,Correctivo,CENTRO,R-02 APANGO,LG,D1ADW35,WEF31FWE354FES,NO CONTAMOS CON BITACORA,MINISPLIT 1.5 TON,MINISPLIT,Aire Acondicionado,4568
4751,Preventivo,CENTRO,R-02 APANGO,MIRAGE,AWD3wad,DFB3541S30RG,NO CONTAMOS CON BITACORA,MINISPLIT 1.5 TON,MINISPLIT,Aire Acondicionado,4569
4752,Correctivo,CENTRO,R-02 APANGO,MIRAGE,AWD3wad,DFB3541S30RG,NO CONTAMOS CON BITACORA,MINISPLIT 1.5 TON,MINISPLIT,Aire Acondicionado,4570
4753,Preventivo,CENTRO,R-02 APANGO,YORK,4G31SVS,FDH3541HT03D,NO CONTAMOS CON BITACORA,MINISPLIT 1.5 TON,MINISPLIT,Aire Acondicionado,4571
4754,Correctivo,CENTRO,R-02 APANGO,YORK,4G31SVS,FDH3541HT03D,NO CONTAMOS CON BITACORA,MINISPLIT 1.5 TON,MINISPLIT,Aire Acondicionado,4572
4755,Preventivo,CENTRO,R-02 APANGO,YORK,4G31SVS,FTH..10G6351EG,NO CONTAMOS CON BITACORA,MINISPLIT 1.5 TON,MINISPLIT,Aire Acondicionado,4573
4756,Correctivo,CENTRO,R-02 APANGO,YORK,4G31SVS,FTH..10G6351EG,NO CONTAMOS CON BITACORA,MINISPLIT 1.5 TON,MINISPLIT,Aire Acondicionado,4574
4757,Preventivo,CENTRO,R-02 APANGO,MIRAGE,AWD3wad,YJ5641TY351GG,NO CONTAMOS CON BITACORA,MINISPLIT 1.5 TON,MINISPLIT,Aire Acondicionado,4575
4758,Correctivo,CENTRO,R-02 APANGO,MIRAGE,AWD3wad,YJ5641TY351GG,NO CONTAMOS CON BITACORA,MINISPLIT 1.5 TON,MINISPLIT,Aire Acondicionado,4576
4759,Preventivo,CENTRO,R-02 APANGO,MIRAGE,PPT4-002010,YJ651H03RET315,NO CONTAMOS CON BITACORA,UNIDAD PAQUETE 5.5 TON,PAQUETE,Aire Acondicionado,4577
4760,Correctivo,CENTRO,R-02 APANGO,MIRAGE,PPT4-002010,YJ651H03RET315,NO CONTAMOS CON BITACORA,UNIDAD PAQUETE 5.5 TON,PAQUETE,Aire Acondicionado,4578
2671,Preventivo,CENTRO,"CENTRO DE SALUD URBANO PARA ATENCIÓN DE PARTOS EUTÓCICOS, PROYECTO PILOTO",YORK,YSEA12FS-ADK,100001209160100124,UPACHAIRE001,MINISPLIT 1.0 TON,MINISPLIT,Aire Acondicionado,4579
2672,Correctivo,CENTRO,"CENTRO DE SALUD URBANO PARA ATENCIÓN DE PARTOS EUTÓCICOS, PROYECTO PILOTO",YORK,YSEA12FS-ADK,100001209160100124,UPACHAIRE001,MINISPLIT 1.0 TON,MINISPLIT,Aire Acondicionado,4580
2673,Preventivo,CENTRO,"CENTRO DE SALUD URBANO PARA ATENCIÓN DE PARTOS EUTÓCICOS, PROYECTO PILOTO",YORK,YSEA24FS-ADK,100001177151010052,UPACHAIRE002,MINISPLIT 2.4 TONELADA,MINISPLIT,Aire Acondicionado,4581
2674,Correctivo,CENTRO,"CENTRO DE SALUD URBANO PARA ATENCIÓN DE PARTOS EUTÓCICOS, PROYECTO PILOTO",YORK,YSEA24FS-ADK,100001177151010052,UPACHAIRE002,MINISPLIT 2.4 TONELADA,MINISPLIT,Aire Acondicionado,4582
2675,Preventivo,CENTRO,"CENTRO DE SALUD URBANO PARA ATENCIÓN DE PARTOS EUTÓCICOS, PROYECTO PILOTO",YORK,YSEA12FS-ADK,100001209160100062,UPACHAIRE003,MINISPLIT 1 1/2 TONELADA,MINISPLIT,Aire Acondicionado,4583
2676,Correctivo,CENTRO,"CENTRO DE SALUD URBANO PARA ATENCIÓN DE PARTOS EUTÓCICOS, PROYECTO PILOTO",YORK,YSEA12FS-ADK,100001209160100062,UPACHAIRE003,MINISPLIT 1 1/2 TONELADA,MINISPLIT,Aire Acondicionado,4584
2677,Preventivo,CENTRO,"CENTRO DE SALUD URBANO PARA ATENCIÓN DE PARTOS EUTÓCICOS, PROYECTO PILOTO",YORK,YSEA12FS-ADK,100001209160100123,UPACHAIRE004,MINISPLIT 1.5 TON,MINISPLIT,Aire Acondicionado,4585
2678,Correctivo,CENTRO,"CENTRO DE SALUD URBANO PARA ATENCIÓN DE PARTOS EUTÓCICOS, PROYECTO PILOTO",YORK,YSEA12FS-ADK,100001209160100123,UPACHAIRE004,MINISPLIT 1.5 TON,MINISPLIT,Aire Acondicionado,4586
2679,Preventivo,CENTRO,"CENTRO DE SALUD URBANO PARA ATENCIÓN DE PARTOS EUTÓCICOS, PROYECTO PILOTO",YORK,YSEA12FS-ADK,100001209160100142,UPACHAIRE005,MINISPLIT 1.0 TON,MINISPLIT,Aire Acondicionado,4587
2680,Correctivo,CENTRO,"CENTRO DE SALUD URBANO PARA ATENCIÓN DE PARTOS EUTÓCICOS, PROYECTO PILOTO",YORK,YSEA12FS-ADK,100001209160100142,UPACHAIRE005,MINISPLIT 1.0 TON,MINISPLIT,Aire Acondicionado,4588
2681,Preventivo,CENTRO,"CENTRO DE SALUD URBANO PARA ATENCIÓN DE PARTOS EUTÓCICOS, PROYECTO PILOTO",YORK,YYHFXC012BBA-FX,606901191140204400,UPACHAIRE006,MINISPLIT 1.5 TON,MINISPLIT,Aire Acondicionado,4589
2682,Correctivo,CENTRO,"CENTRO DE SALUD URBANO PARA ATENCIÓN DE PARTOS EUTÓCICOS, PROYECTO PILOTO",YORK,YYHFXC012BBA-FX,606901191140204400,UPACHAIRE006,MINISPLIT 1.5 TON,MINISPLIT,Aire Acondicionado,4590
2683,Preventivo,CENTRO,"CENTRO DE SALUD URBANO PARA ATENCIÓN DE PARTOS EUTÓCICOS, PROYECTO PILOTO",YORK,YHFFZH060B BABFX,300001166150800006,UPACHAIRE007,PAQUETE DIVIDIDO 5 TONELADAS,PAQUETE,Aire Acondicionado,4591
2684,Correctivo,CENTRO,"CENTRO DE SALUD URBANO PARA ATENCIÓN DE PARTOS EUTÓCICOS, PROYECTO PILOTO",YORK,YHFFZH060B BABFX,300001166150800006,UPACHAIRE007,PAQUETE DIVIDIDO 5 TONELADAS,PAQUETE,Aire Acondicionado,4592
2685,Preventivo,CENTRO,"CENTRO DE SALUD URBANO PARA ATENCIÓN DE PARTOS EUTÓCICOS, PROYECTO PILOTO",YORK,YSEA12FS-ADK,100001166150870025,UPACHAIRE008,MINISPLIT 2.4 TONELADA,MINISPLIT,Aire Acondicionado,4593
2686,Correctivo,CENTRO,"CENTRO DE SALUD URBANO PARA ATENCIÓN DE PARTOS EUTÓCICOS, PROYECTO PILOTO",YORK,YSEA12FS-ADK,100001166150870025,UPACHAIRE008,MINISPLIT 2.4 TONELADA,MINISPLIT,Aire Acondicionado,4594
2687,Preventivo,CENTRO,"CENTRO DE SALUD URBANO PARA ATENCIÓN DE PARTOS EUTÓCICOS, PROYECTO PILOTO",YORK,YSEA18FS-ADK,100001180151160067,UPACHAIRE009,MINISPLIT 1.5 TON,MINISPLIT,Aire Acondicionado,4595
2688,Correctivo,CENTRO,"CENTRO DE SALUD URBANO PARA ATENCIÓN DE PARTOS EUTÓCICOS, PROYECTO PILOTO",YORK,YSEA18FS-ADK,100001180151160067,UPACHAIRE009,MINISPLIT 1.5 TON,MINISPLIT,Aire Acondicionado,4596
2689,Preventivo,CENTRO,"CENTRO DE SALUD URBANO PARA ATENCIÓN DE PARTOS EUTÓCICOS, PROYECTO PILOTO",YORK,YSEA12FS-ADK,100001180151160038,UPACHAIRE010,MINISPLIT 1.5 TON,MINISPLIT,Aire Acondicionado,4597
2690,Correctivo,CENTRO,"CENTRO DE SALUD URBANO PARA ATENCIÓN DE PARTOS EUTÓCICOS, PROYECTO PILOTO",YORK,YSEA12FS-ADK,100001180151160038,UPACHAIRE010,MINISPLIT 1.5 TON,MINISPLIT,Aire Acondicionado,4598
2691,Preventivo,CENTRO,"CENTRO DE SALUD URBANO PARA ATENCIÓN DE PARTOS EUTÓCICOS, PROYECTO PILOTO",YORK,YSEA12FS-ADK,100001678150400712,UPACHAIRE011,MINISPLIT 2.4 TONELADA,MINISPLIT,Aire Acondicionado,4599
2692,Correctivo,CENTRO,"CENTRO DE SALUD URBANO PARA ATENCIÓN DE PARTOS EUTÓCICOS, PROYECTO PILOTO",YORK,YSEA12FS-ADK,100001678150400712,UPACHAIRE011,MINISPLIT 2.4 TONELADA,MINISPLIT,Aire Acondicionado,4600
2693,Preventivo,CENTRO,"CENTRO DE SALUD URBANO PARA ATENCIÓN DE PARTOS EUTÓCICOS, PROYECTO PILOTO",YORK,YSEA12FS-ADK,100001180151160047,UPACHAIRE012,MINISPLIT 1.5 TON,MINISPLIT,Aire Acondicionado,4601
2694,Correctivo,CENTRO,"CENTRO DE SALUD URBANO PARA ATENCIÓN DE PARTOS EUTÓCICOS, PROYECTO PILOTO",YORK,YSEA12FS-ADK,100001180151160047,UPACHAIRE012,MINISPLIT 1.5 TON,MINISPLIT,Aire Acondicionado,4602
2695,Preventivo,CENTRO,"CENTRO DE SALUD URBANO PARA ATENCIÓN DE PARTOS EUTÓCICOS, PROYECTO PILOTO",YORK,YSEA12FS-ADK,100001209160100036,UPACHAIRE013,MINISPLIT 1.0 TON,MINISPLIT,Aire Acondicionado,4603
2696,Correctivo,CENTRO,"CENTRO DE SALUD URBANO PARA ATENCIÓN DE PARTOS EUTÓCICOS, PROYECTO PILOTO",YORK,YSEA12FS-ADK,100001209160100036,UPACHAIRE013,MINISPLIT 1.0 TON,MINISPLIT,Aire Acondicionado,4604
2697,Preventivo,CENTRO,"CENTRO DE SALUD URBANO PARA ATENCIÓN DE PARTOS EUTÓCICOS, PROYECTO PILOTO",YORK,YSEA24FS-ADK,100001677150400954,UPACHAIRE014,MINISPLIT 2.4 TONELADA,MINISPLIT,Aire Acondicionado,4605
2698,Correctivo,CENTRO,"CENTRO DE SALUD URBANO PARA ATENCIÓN DE PARTOS EUTÓCICOS, PROYECTO PILOTO",YORK,YSEA24FS-ADK,100001677150400954,UPACHAIRE014,MINISPLIT 2.4 TONELADA,MINISPLIT,Aire Acondicionado,4606
2699,Preventivo,CENTRO,"CENTRO DE SALUD URBANO PARA ATENCIÓN DE PARTOS EUTÓCICOS, PROYECTO PILOTO",YORK,YSEA12FS-ADK,100001209160100122,UPACHAIRE015,MINISPLIT 1.0 TON,MINISPLIT,Aire Acondicionado,4607
2700,Correctivo,CENTRO,"CENTRO DE SALUD URBANO PARA ATENCIÓN DE PARTOS EUTÓCICOS, PROYECTO PILOTO",YORK,YSEA12FS-ADK,100001209160100122,UPACHAIRE015,MINISPLIT 1.0 TON,MINISPLIT,Aire Acondicionado,4608
2701,Preventivo,CENTRO,"CENTRO DE SALUD URBANO PARA ATENCIÓN DE PARTOS EUTÓCICOS, PROYECTO PILOTO",YORK,YSCA12FSAADK,100001209160100129,UPACHAIRE016,MINISPLIT 1.0 TON,MINISPLIT,Aire Acondicionado,4609
2702,Correctivo,CENTRO,"CENTRO DE SALUD URBANO PARA ATENCIÓN DE PARTOS EUTÓCICOS, PROYECTO PILOTO",YORK,YSCA12FSAADK,100001209160100129,UPACHAIRE016,MINISPLIT 1.0 TON,MINISPLIT,Aire Acondicionado,4610
2703,Preventivo,CENTRO,"CENTRO DE SALUD URBANO PARA ATENCIÓN DE PARTOS EUTÓCICOS, PROYECTO PILOTO",YORK,YSEA12FS-ADK,100001209160100072,UPACHAIRE017,MINISPLIT 1.0 TON,MINISPLIT,Aire Acondicionado,4611
2704,Correctivo,CENTRO,"CENTRO DE SALUD URBANO PARA ATENCIÓN DE PARTOS EUTÓCICOS, PROYECTO PILOTO",YORK,YSEA12FS-ADK,100001209160100072,UPACHAIRE017,MINISPLIT 1.0 TON,MINISPLIT,Aire Acondicionado,4612
2705,Preventivo,CENTRO,"CENTRO DE SALUD URBANO PARA ATENCIÓN DE PARTOS EUTÓCICOS, PROYECTO PILOTO",MIRAGE,EXF181F,EXF181F7071800630,UPACHAIRE018,MINISPLIT 1.0 TON,MINISPLIT,Aire Acondicionado,4613
2706,Correctivo,CENTRO,"CENTRO DE SALUD URBANO PARA ATENCIÓN DE PARTOS EUTÓCICOS, PROYECTO PILOTO",MIRAGE,EXF181F,EXF181F7071800630,UPACHAIRE018,MINISPLIT 1.0 TON,MINISPLIT,Aire Acondicionado,4614
2707,Preventivo,CENTRO,"CENTRO DE SALUD URBANO PARA ATENCIÓN DE PARTOS EUTÓCICOS, PROYECTO PILOTO",YORK,YSEA18FS-ADK,100001180151160037,UPACHAIRE019,MINISPLIT 1.0 TON,MINISPLIT,Aire Acondicionado,4615
2708,Correctivo,CENTRO,"CENTRO DE SALUD URBANO PARA ATENCIÓN DE PARTOS EUTÓCICOS, PROYECTO PILOTO",YORK,YSEA18FS-ADK,100001180151160037,UPACHAIRE019,MINISPLIT 1.0 TON,MINISPLIT,Aire Acondicionado,4616
2709,Preventivo,CENTRO,"CENTRO DE SALUD URBANO PARA ATENCIÓN DE PARTOS EUTÓCICOS, PROYECTO PILOTO",YORK,YSEA18FS-ADK,100001180151160070,UPACHAIRE020,MINISPLIT 1.5 TON,MINISPLIT,Aire Acondicionado,4617
2710,Correctivo,CENTRO,"CENTRO DE SALUD URBANO PARA ATENCIÓN DE PARTOS EUTÓCICOS, PROYECTO PILOTO",YORK,YSEA18FS-ADK,100001180151160070,UPACHAIRE020,MINISPLIT 1.5 TON,MINISPLIT,Aire Acondicionado,4618
2711,Preventivo,CENTRO,"CENTRO DE SALUD URBANO PARA ATENCIÓN DE PARTOS EUTÓCICOS, PROYECTO PILOTO",YORK,YSEA18FS-ADK,100001180151160058,UPACHAIRE021,MINISPLIT 1.5 TON,MINISPLIT,Aire Acondicionado,4619
2712,Correctivo,CENTRO,"CENTRO DE SALUD URBANO PARA ATENCIÓN DE PARTOS EUTÓCICOS, PROYECTO PILOTO",YORK,YSEA18FS-ADK,100001180151160058,UPACHAIRE021,MINISPLIT 1.5 TON,MINISPLIT,Aire Acondicionado,4620
2713,Preventivo,CENTRO,"CENTRO DE SALUD URBANO PARA ATENCIÓN DE PARTOS EUTÓCICOS, PROYECTO PILOTO",FREYVEN,40FVC243A-E,SIN SERIE,UPACHAIRE022,MINISPLIT 1.0 TON,MINISPLIT,Aire Acondicionado,4621
2714,Correctivo,CENTRO,"CENTRO DE SALUD URBANO PARA ATENCIÓN DE PARTOS EUTÓCICOS, PROYECTO PILOTO",FREYVEN,40FVC243A-E,SIN SERIE,UPACHAIRE022,MINISPLIT 1.0 TON,MINISPLIT,Aire Acondicionado,4622
2715,Preventivo,CENTRO,"CENTRO DE SALUD URBANO PARA ATENCIÓN DE PARTOS EUTÓCICOS, PROYECTO PILOTO",YORK,AFX44HFXCOJ2B13,606901191140204247,UPACHAIRE023,MINISPLIT 1.0 TON,MINISPLIT,Aire Acondicionado,4623
2716,Correctivo,CENTRO,"CENTRO DE SALUD URBANO PARA ATENCIÓN DE PARTOS EUTÓCICOS, PROYECTO PILOTO",YORK,AFX44HFXCOJ2B13,606901191140204247,UPACHAIRE023,MINISPLIT 1.0 TON,MINISPLIT,Aire Acondicionado,4624
2717,Preventivo,CENTRO,"CENTRO DE SALUD URBANO PARA ATENCIÓN DE PARTOS EUTÓCICOS, PROYECTO PILOTO",YORK,YSEA24FS-ADK,100001677150401227,UPACHAIRE024,MINISPLIT 1.0 TON,MINISPLIT,Aire Acondicionado,4625
2718,Correctivo,CENTRO,"CENTRO DE SALUD URBANO PARA ATENCIÓN DE PARTOS EUTÓCICOS, PROYECTO PILOTO",YORK,YSEA24FS-ADK,100001677150401227,UPACHAIRE024,MINISPLIT 1.0 TON,MINISPLIT,Aire Acondicionado,4626
2719,Preventivo,CENTRO,"CENTRO DE SALUD URBANO PARA ATENCIÓN DE PARTOS EUTÓCICOS, PROYECTO PILOTO",YORK,YSEA24FS-ADK,160001677150401205,UPACHAIRE025,MINISPLIT 2.4 TONELADA,MINISPLIT,Aire Acondicionado,4627
2720,Correctivo,CENTRO,"CENTRO DE SALUD URBANO PARA ATENCIÓN DE PARTOS EUTÓCICOS, PROYECTO PILOTO",YORK,YSEA24FS-ADK,160001677150401205,UPACHAIRE025,MINISPLIT 2.4 TONELADA,MINISPLIT,Aire Acondicionado,4628
2721,Preventivo,CENTRO,"CENTRO DE SALUD URBANO PARA ATENCIÓN DE PARTOS EUTÓCICOS, PROYECTO PILOTO",YORK,YSEA12FS-ADK,100001209160100043,UPACHAIRE026,MINISPLIT 1.0 TON,MINISPLIT,Aire Acondicionado,4629
2722,Correctivo,CENTRO,"CENTRO DE SALUD URBANO PARA ATENCIÓN DE PARTOS EUTÓCICOS, PROYECTO PILOTO",YORK,YSEA12FS-ADK,100001209160100043,UPACHAIRE026,MINISPLIT 1.0 TON,MINISPLIT,Aire Acondicionado,4630
2723,Preventivo,CENTRO,"CENTRO DE SALUD URBANO PARA ATENCIÓN DE PARTOS EUTÓCICOS, PROYECTO PILOTO",YORK,YSEA12FS-ADK,100001209160100121,UPACHAIRE027,MINISPLIT 1.0 TON,MINISPLIT,Aire Acondicionado,4631
2724,Correctivo,CENTRO,"CENTRO DE SALUD URBANO PARA ATENCIÓN DE PARTOS EUTÓCICOS, PROYECTO PILOTO",YORK,YSEA12FS-ADK,100001209160100121,UPACHAIRE027,MINISPLIT 1.0 TON,MINISPLIT,Aire Acondicionado,4632
2725,Preventivo,CENTRO,"CENTRO DE SALUD URBANO PARA ATENCIÓN DE PARTOS EUTÓCICOS, PROYECTO PILOTO",YORK,YSEA12FS-ADK,100001209160100075,UPACHAIRE028,MINISPLIT 1.0 TON,MINISPLIT,Aire Acondicionado,4633
2726,Correctivo,CENTRO,"CENTRO DE SALUD URBANO PARA ATENCIÓN DE PARTOS EUTÓCICOS, PROYECTO PILOTO",YORK,YSEA12FS-ADK,100001209160100075,UPACHAIRE028,MINISPLIT 1.0 TON,MINISPLIT,Aire Acondicionado,4634
2727,Preventivo,CENTRO,"CENTRO DE SALUD URBANO PARA ATENCIÓN DE PARTOS EUTÓCICOS, PROYECTO PILOTO",MABE,MMT18CDBWCAAXM18,ST22120474FME0224,UPACHAIRE029,MINISPLIT 1.0 TON,MINISPLIT,Aire Acondicionado,4635
2728,Correctivo,CENTRO,"CENTRO DE SALUD URBANO PARA ATENCIÓN DE PARTOS EUTÓCICOS, PROYECTO PILOTO",MABE,MMT18CDBWCAAXM18,ST22120474FME0224,UPACHAIRE029,MINISPLIT 1.0 TON,MINISPLIT,Aire Acondicionado,4636
2729,Preventivo,CENTRO,"CENTRO DE SALUD URBANO PARA ATENCIÓN DE PARTOS EUTÓCICOS, PROYECTO PILOTO",YORK,YSEA18FS-ADK,100001180151160068,UPACHAIRE030,MINISPLIT 1.5 TON,MINISPLIT,Aire Acondicionado,4637
2730,Correctivo,CENTRO,"CENTRO DE SALUD URBANO PARA ATENCIÓN DE PARTOS EUTÓCICOS, PROYECTO PILOTO",YORK,YSEA18FS-ADK,100001180151160068,UPACHAIRE030,MINISPLIT 1.5 TON,MINISPLIT,Aire Acondicionado,4638
2731,Preventivo,CENTRO,"CENTRO DE SALUD URBANO PARA ATENCIÓN DE PARTOS EUTÓCICOS, PROYECTO PILOTO",YORK,YSEA12FS-ADK,100001209160100125,UPACHAIRE031,MINISPLIT 1.0 TON,MINISPLIT,Aire Acondicionado,4639
2732,Correctivo,CENTRO,"CENTRO DE SALUD URBANO PARA ATENCIÓN DE PARTOS EUTÓCICOS, PROYECTO PILOTO",YORK,YSEA12FS-ADK,100001209160100125,UPACHAIRE031,MINISPLIT 1.0 TON,MINISPLIT,Aire Acondicionado,4640
2733,Preventivo,CENTRO,"CENTRO DE SALUD URBANO PARA ATENCIÓN DE PARTOS EUTÓCICOS, PROYECTO PILOTO",YORK,YSEA12FS-ADK,100001209160100113,UPACHAIRE032,MINISPLIT 1.0 TON,MINISPLIT,Aire Acondicionado,4641
2734,Correctivo,CENTRO,"CENTRO DE SALUD URBANO PARA ATENCIÓN DE PARTOS EUTÓCICOS, PROYECTO PILOTO",YORK,YSEA12FS-ADK,100001209160100113,UPACHAIRE032,MINISPLIT 1.0 TON,MINISPLIT,Aire Acondicionado,4642
2735,Preventivo,CENTRO,"CENTRO DE SALUD URBANO PARA ATENCIÓN DE PARTOS EUTÓCICOS, PROYECTO PILOTO",YORK,YSEA1255-ADK,100001209160100065,UPACHAIRE033,MINISPLIT 1.0 TON,MINISPLIT,Aire Acondicionado,4643
2736,Correctivo,CENTRO,"CENTRO DE SALUD URBANO PARA ATENCIÓN DE PARTOS EUTÓCICOS, PROYECTO PILOTO",YORK,YSEA1255-ADK,100001209160100065,UPACHAIRE033,MINISPLIT 1.0 TON,MINISPLIT,Aire Acondicionado,4644
2737,Preventivo,CENTRO,"CENTRO DE SALUD URBANO PARA ATENCIÓN DE PARTOS EUTÓCICOS, PROYECTO PILOTO",YORK,YSEA12FS-ADK,100001209160100006,UPACHAIRE034,MINISPLIT 1.0 TON,MINISPLIT,Aire Acondicionado,4645
2738,Correctivo,CENTRO,"CENTRO DE SALUD URBANO PARA ATENCIÓN DE PARTOS EUTÓCICOS, PROYECTO PILOTO",YORK,YSEA12FS-ADK,100001209160100006,UPACHAIRE034,MINISPLIT 1.0 TON,MINISPLIT,Aire Acondicionado,4646
2739,Preventivo,CENTRO,"CENTRO DE SALUD URBANO PARA ATENCIÓN DE PARTOS EUTÓCICOS, PROYECTO PILOTO",YORK,YSEA12FS-ADK,100001209160100118,UPACHAIRE035,MINISPLIT 1.0 TON,MINISPLIT,Aire Acondicionado,4647
2740,Correctivo,CENTRO,"CENTRO DE SALUD URBANO PARA ATENCIÓN DE PARTOS EUTÓCICOS, PROYECTO PILOTO",YORK,YSEA12FS-ADK,100001209160100118,UPACHAIRE035,MINISPLIT 1.0 TON,MINISPLIT,Aire Acondicionado,4648
2741,Preventivo,CENTRO,"CENTRO DE SALUD URBANO PARA ATENCIÓN DE PARTOS EUTÓCICOS, PROYECTO PILOTO",YORK,YSEA24FS-ADK,100001677150401054,UPACHAIRE036,MINISPLIT 1.0 TON,MINISPLIT,Aire Acondicionado,4649
2742,Correctivo,CENTRO,"CENTRO DE SALUD URBANO PARA ATENCIÓN DE PARTOS EUTÓCICOS, PROYECTO PILOTO",YORK,YSEA24FS-ADK,100001677150401054,UPACHAIRE036,MINISPLIT 1.0 TON,MINISPLIT,Aire Acondicionado,4650
2743,Preventivo,CENTRO,"CENTRO DE SALUD URBANO PARA ATENCIÓN DE PARTOS EUTÓCICOS, PROYECTO PILOTO",YORK,YH9FXC12BAH-FX,100001040170800073,UPACHAIRE037,MINISPLIT 1.0 TON,MINISPLIT,Aire Acondicionado,4651
2744,Correctivo,CENTRO,"CENTRO DE SALUD URBANO PARA ATENCIÓN DE PARTOS EUTÓCICOS, PROYECTO PILOTO",YORK,YH9FXC12BAH-FX,100001040170800073,UPACHAIRE037,MINISPLIT 1.0 TON,MINISPLIT,Aire Acondicionado,4652
2745,Preventivo,CENTRO,"CENTRO DE SALUD URBANO PARA ATENCIÓN DE PARTOS EUTÓCICOS, PROYECTO PILOTO",YORK,YH9FXC12BAH-FX,100001040170800096,UPACHAIRE038,MINISPLIT 1.0 TON,MINISPLIT,Aire Acondicionado,4653
2746,Correctivo,CENTRO,"CENTRO DE SALUD URBANO PARA ATENCIÓN DE PARTOS EUTÓCICOS, PROYECTO PILOTO",YORK,YH9FXC12BAH-FX,100001040170800096,UPACHAIRE038,MINISPLIT 1.0 TON,MINISPLIT,Aire Acondicionado,4654
2747,Preventivo,CENTRO,"CENTRO DE SALUD URBANO PARA ATENCIÓN DE PARTOS EUTÓCICOS, PROYECTO PILOTO",YORK,YH9FXC12BAH-FX,100001040170800058,UPACHAIRE039,MINISPLIT 1.0 TON,MINISPLIT,Aire Acondicionado,4655
2748,Correctivo,CENTRO,"CENTRO DE SALUD URBANO PARA ATENCIÓN DE PARTOS EUTÓCICOS, PROYECTO PILOTO",YORK,YH9FXC12BAH-FX,100001040170800058,UPACHAIRE039,MINISPLIT 1.0 TON,MINISPLIT,Aire Acondicionado,4656
2749,Preventivo,CENTRO,"CENTRO DE SALUD URBANO PARA ATENCIÓN DE PARTOS EUTÓCICOS, PROYECTO PILOTO",YORK,YH9FXC12BAH-FX,100001040170800037,UPACHAIRE040,MINISPLIT 1.0 TON,MINISPLIT,Aire Acondicionado,4657
2750,Correctivo,CENTRO,"CENTRO DE SALUD URBANO PARA ATENCIÓN DE PARTOS EUTÓCICOS, PROYECTO PILOTO",YORK,YH9FXC12BAH-FX,100001040170800037,UPACHAIRE040,MINISPLIT 1.0 TON,MINISPLIT,Aire Acondicionado,4658
2751,Preventivo,CENTRO,"CENTRO DE SALUD URBANO PARA ATENCIÓN DE PARTOS EUTÓCICOS, PROYECTO PILOTO",YORK,ZF120C00B2A1AAA1A1,N1D6514709,UPACHAIRE041,PAQUETE DIVIDIDO 10 TONELADAS,PAQUETE,Aire Acondicionado,4659
2752,Correctivo,CENTRO,"CENTRO DE SALUD URBANO PARA ATENCIÓN DE PARTOS EUTÓCICOS, PROYECTO PILOTO",YORK,ZF120C00B2A1AAA1A1,N1D6514709,UPACHAIRE041,PAQUETE DIVIDIDO 10 TONELADAS,PAQUETE,Aire Acondicionado,4660
2753,Preventivo,CENTRO,"CENTRO DE SALUD URBANO PARA ATENCIÓN DE PARTOS EUTÓCICOS, PROYECTO PILOTO",YORK,ZF180C00A2AAA3,N1M5156097,UPACHAIRE042,PAQUETE DIVIDIDO 10 TONELADAS,PAQUETE,Aire Acondicionado,4661
2754,Correctivo,CENTRO,"CENTRO DE SALUD URBANO PARA ATENCIÓN DE PARTOS EUTÓCICOS, PROYECTO PILOTO",YORK,ZF180C00A2AAA3,N1M5156097,UPACHAIRE042,PAQUETE DIVIDIDO 10 TONELADAS,PAQUETE,Aire Acondicionado,4662
2755,Preventivo,CENTRO,"CENTRO DE SALUD URBANO PARA ATENCIÓN DE PARTOS EUTÓCICOS, PROYECTO PILOTO",YORK,ZF120C00B2A1AAA1A1,N1D6514704,UPACHAIRE043,PAQUETE DIVIDIDO 10 TONELADAS,PAQUETE,Aire Acondicionado,4663
2756,Correctivo,CENTRO,"CENTRO DE SALUD URBANO PARA ATENCIÓN DE PARTOS EUTÓCICOS, PROYECTO PILOTO",YORK,ZF120C00B2A1AAA1A1,N1D6514704,UPACHAIRE043,PAQUETE DIVIDIDO 10 TONELADAS,PAQUETE,Aire Acondicionado,4664
2757,Preventivo,CENTRO,"CENTRO DE SALUD URBANO PARA ATENCIÓN DE PARTOS EUTÓCICOS, PROYECTO PILOTO",YORK,NM036C00A2AAA1B,W1H4042118,UPACHAIRE044,PAQUETE DIVIDIDO 5 TONELADAS,PAQUETE,Aire Acondicionado,4665
2758,Correctivo,CENTRO,"CENTRO DE SALUD URBANO PARA ATENCIÓN DE PARTOS EUTÓCICOS, PROYECTO PILOTO",YORK,NM036C00A2AAA1B,W1H4042118,UPACHAIRE044,PAQUETE DIVIDIDO 5 TONELADAS,PAQUETE,Aire Acondicionado,4666
2799,Preventivo,CENTRO,CENTRO COMUNITARIO DE SALUD MENTAL Y ADICCIONES CHILPANCINGO DE LOS BRAVO,MIRAGE,EWC121E,NO PROPORCIONADO,1,MINISPLIT 2.5 TON,MINISPLIT,Aire Acondicionado,4667
2800,Correctivo,CENTRO,CENTRO COMUNITARIO DE SALUD MENTAL Y ADICCIONES CHILPANCINGO DE LOS BRAVO,MIRAGE,EWC121E,NO PROPORCIONADO,1,MINISPLIT 2.5 TON,MINISPLIT,Aire Acondicionado,4668
2801,Preventivo,CENTRO,CENTRO COMUNITARIO DE SALUD MENTAL Y ADICCIONES CHILPANCINGO DE LOS BRAVO,MIRAGE,EWF121E,NO PROPORCIONADO,1,MINISPLIT 2.5 TON,MINISPLIT,Aire Acondicionado,4669
2802,Correctivo,CENTRO,CENTRO COMUNITARIO DE SALUD MENTAL Y ADICCIONES CHILPANCINGO DE LOS BRAVO,MIRAGE,EWF121E,NO PROPORCIONADO,1,MINISPLIT 2.5 TON,MINISPLIT,Aire Acondicionado,4670
2803,Preventivo,CENTRO,CENTRO COMUNITARIO DE SALUD MENTAL Y ADICCIONES CHILPANCINGO DE LOS BRAVO,MIRAGE,EWF121E,NO PROPORCIONADO,1,MINISPLIT 1.5 TON,MINISPLIT,Aire Acondicionado,4671
2804,Correctivo,CENTRO,CENTRO COMUNITARIO DE SALUD MENTAL Y ADICCIONES CHILPANCINGO DE LOS BRAVO,MIRAGE,EWF121E,NO PROPORCIONADO,1,MINISPLIT 1.5 TON,MINISPLIT,Aire Acondicionado,4672
2805,Preventivo,CENTRO,CENTRO COMUNITARIO DE SALUD MENTAL Y ADICCIONES CHILPANCINGO DE LOS BRAVO,MIRAGE,EVF121D,NO PROPORCIONADO,1,UNIDAD PAQUETE 7.5 TON,PAQUETE,Aire Acondicionado,4673
2806,Correctivo,CENTRO,CENTRO COMUNITARIO DE SALUD MENTAL Y ADICCIONES CHILPANCINGO DE LOS BRAVO,MIRAGE,EVF121D,NO PROPORCIONADO,1,UNIDAD PAQUETE 7.5 TON,PAQUETE,Aire Acondicionado,4674
2807,Preventivo,CENTRO,CENTRO COMUNITARIO DE SALUD MENTAL Y ADICCIONES CHILPANCINGO DE LOS BRAVO,MIRAGE,EWF121E,NO PROPORCIONADO,1,MINISPLIT 1.5 TON,MINISPLIT,Aire Acondicionado,4675
2808,Correctivo,CENTRO,CENTRO COMUNITARIO DE SALUD MENTAL Y ADICCIONES CHILPANCINGO DE LOS BRAVO,MIRAGE,EWF121E,NO PROPORCIONADO,1,MINISPLIT 1.5 TON,MINISPLIT,Aire Acondicionado,4676
2809,Preventivo,CENTRO,CENTRO COMUNITARIO DE SALUD MENTAL Y ADICCIONES CHILPANCINGO DE LOS BRAVO,MIRAGE,EWF121E,NO PROPORCIONADO,1,MINISPLIT 1.5 TON,MINISPLIT,Aire Acondicionado,4677
2810,Correctivo,CENTRO,CENTRO COMUNITARIO DE SALUD MENTAL Y ADICCIONES CHILPANCINGO DE LOS BRAVO,MIRAGE,EWF121E,NO PROPORCIONADO,1,MINISPLIT 1.5 TON,MINISPLIT,Aire Acondicionado,4678
2811,Preventivo,CENTRO,CENTRO COMUNITARIO DE SALUD MENTAL Y ADICCIONES CHILPANCINGO DE LOS BRAVO,MIRAGE,EWF121E,NO PROPORCIONADO,1,MINISPLIT 1.5 TON,MINISPLIT,Aire Acondicionado,4679
2812,Correctivo,CENTRO,CENTRO COMUNITARIO DE SALUD MENTAL Y ADICCIONES CHILPANCINGO DE LOS BRAVO,MIRAGE,EWF121E,NO PROPORCIONADO,1,MINISPLIT 1.5 TON,MINISPLIT,Aire Acondicionado,4680
4431,Preventivo,CENTRO,CENTRO DE SALUD CON SERVICIOS AMPLIADOS DE HUITZILTEPEC,Samsung,ASI8FB,PASQ400032,1,UNIDAD PAQUETE 5.5 TON,PAQUETE,Aire Acondicionado,4681
4432,Correctivo,CENTRO,CENTRO DE SALUD CON SERVICIOS AMPLIADOS DE HUITZILTEPEC,Samsung,ASI8FB,PASQ400032,1,UNIDAD PAQUETE 5.5 TON,PAQUETE,Aire Acondicionado,4682
4433,Preventivo,CENTRO,CENTRO DE SALUD CON SERVICIOS AMPLIADOS DE HUITZILTEPEC,Mirage,X Plus EPF120x,34A856610207040170811,2,MINISPLIT 2.0 TON,MINISPLIT,Aire Acondicionado,4683
4434,Correctivo,CENTRO,CENTRO DE SALUD CON SERVICIOS AMPLIADOS DE HUITZILTEPEC,Mirage,X Plus EPF120x,34A856610207040170811,2,MINISPLIT 2.0 TON,MINISPLIT,Aire Acondicionado,4684
4435,Preventivo,CENTRO,CENTRO DE SALUD CON SERVICIOS AMPLIADOS DE HUITZILTEPEC,MIRAGE,X Plus EPF120x,EPFX120X7052001338,3,MINISPLIT 1.5 TON,MINISPLIT,Aire Acondicionado,4685
4436,Correctivo,CENTRO,CENTRO DE SALUD CON SERVICIOS AMPLIADOS DE HUITZILTEPEC,MIRAGE,X Plus EPF120x,EPFX120X7052001338,3,MINISPLIT 1.5 TON,MINISPLIT,Aire Acondicionado,4686
4437,Preventivo,CENTRO,CENTRO DE SALUD CON SERVICIOS AMPLIADOS DE HUITZILTEPEC,Mirage,X Plus EPF120x,SN,4,MINISPLIT 1.5 TON,MINISPLIT,Aire Acondicionado,4687
4438,Correctivo,CENTRO,CENTRO DE SALUD CON SERVICIOS AMPLIADOS DE HUITZILTEPEC,Mirage,X Plus EPF120x,SN,4,MINISPLIT 1.5 TON,MINISPLIT,Aire Acondicionado,4688
4439,Preventivo,CENTRO,CENTRO DE SALUD CON SERVICIOS AMPLIADOS DE HUITZILTEPEC,Mirage,LIFE 12+,SN,5,MINISPLIT 1.0 TON,MINISPLIT,Aire Acondicionado,4689
4440,Correctivo,CENTRO,CENTRO DE SALUD CON SERVICIOS AMPLIADOS DE HUITZILTEPEC,Mirage,LIFE 12+,SN,5,MINISPLIT 1.0 TON,MINISPLIT,Aire Acondicionado,4690
4441,Preventivo,CENTRO,CENTRO DE SALUD CON SERVICIOS AMPLIADOS DE HUITZILTEPEC,Mirage,LIFE 12+,SN,6,MINISPLIT 1.0 TON,MINISPLIT,Aire Acondicionado,4691
4442,Correctivo,CENTRO,CENTRO DE SALUD CON SERVICIOS AMPLIADOS DE HUITZILTEPEC,Mirage,LIFE 12+,SN,6,MINISPLIT 1.0 TON,MINISPLIT,Aire Acondicionado,4692
4443,Preventivo,CENTRO,CENTRO DE SALUD CON SERVICIOS AMPLIADOS DE HUITZILTEPEC,Mirage,LIFE 12+,SN,7,MINISPLIT 1.0 TON,MINISPLIT,Aire Acondicionado,4693
4444,Correctivo,CENTRO,CENTRO DE SALUD CON SERVICIOS AMPLIADOS DE HUITZILTEPEC,Mirage,LIFE 12+,SN,7,MINISPLIT 1.0 TON,MINISPLIT,Aire Acondicionado,4694
4445,Preventivo,CENTRO,CENTRO DE SALUD CON SERVICIOS AMPLIADOS DE HUITZILTEPEC,Mirage,LIFE 12+,SN,8,MINISPLIT 1.0 TON,MINISPLIT,Aire Acondicionado,4695
4446,Correctivo,CENTRO,CENTRO DE SALUD CON SERVICIOS AMPLIADOS DE HUITZILTEPEC,Mirage,LIFE 12+,SN,8,MINISPLIT 1.0 TON,MINISPLIT,Aire Acondicionado,4696
4447,Preventivo,CENTRO,CENTRO DE SALUD CON SERVICIOS AMPLIADOS DE HUITZILTEPEC,Mirage,LIFE 12+,SN,9,MINISPLIT 1.0 TON,MINISPLIT,Aire Acondicionado,4697
4448,Correctivo,CENTRO,CENTRO DE SALUD CON SERVICIOS AMPLIADOS DE HUITZILTEPEC,Mirage,LIFE 12+,SN,9,MINISPLIT 1.0 TON,MINISPLIT,Aire Acondicionado,4698
4449,Preventivo,CENTRO,CENTRO DE SALUD CON SERVICIOS AMPLIADOS DE HUITZILTEPEC,Mirage,LIFE 12+,SN,10,MINISPLIT 1.0 TON,MINISPLIT,Aire Acondicionado,4699
4450,Correctivo,CENTRO,CENTRO DE SALUD CON SERVICIOS AMPLIADOS DE HUITZILTEPEC,Mirage,LIFE 12+,SN,10,MINISPLIT 1.0 TON,MINISPLIT,Aire Acondicionado,4700
4451,Preventivo,CENTRO,CENTRO DE SALUD CON SERVICIOS AMPLIADOS DE HUITZILTEPEC,Mirage,LIFE 12+,SN,11,MINISPLIT 1.0 TON,MINISPLIT,Aire Acondicionado,4701
4452,Correctivo,CENTRO,CENTRO DE SALUD CON SERVICIOS AMPLIADOS DE HUITZILTEPEC,Mirage,LIFE 12+,SN,11,MINISPLIT 1.0 TON,MINISPLIT,Aire Acondicionado,4702
4453,Preventivo,CENTRO,CENTRO DE SALUD CON SERVICIOS AMPLIADOS DE HUITZILTEPEC,Mirage,LIFE 12+,SN,12,MINISPLIT 1.0 TON,MINISPLIT,Aire Acondicionado,4703
4454,Correctivo,CENTRO,CENTRO DE SALUD CON SERVICIOS AMPLIADOS DE HUITZILTEPEC,Mirage,LIFE 12+,SN,12,MINISPLIT 1.0 TON,MINISPLIT,Aire Acondicionado,4704
4455,Preventivo,CENTRO,CENTRO DE SALUD CON SERVICIOS AMPLIADOS DE HUITZILTEPEC,Mirage,LIFE 12+,SN,13,MINISPLIT 1.0 TON,MINISPLIT,Aire Acondicionado,4705
4456,Correctivo,CENTRO,CENTRO DE SALUD CON SERVICIOS AMPLIADOS DE HUITZILTEPEC,Mirage,LIFE 12+,SN,13,MINISPLIT 1.0 TON,MINISPLIT,Aire Acondicionado,4706
4457,Preventivo,CENTRO,CENTRO DE SALUD CON SERVICIOS AMPLIADOS DE HUITZILTEPEC,Mirage,LIFE 12+,SN,14,MINISPLIT 1.0 TON,MINISPLIT,Aire Acondicionado,4707
4458,Correctivo,CENTRO,CENTRO DE SALUD CON SERVICIOS AMPLIADOS DE HUITZILTEPEC,Mirage,LIFE 12+,SN,14,MINISPLIT 1.0 TON,MINISPLIT,Aire Acondicionado,4708
4469,Preventivo,CENTRO,CENTRO DE SALUD CON SERVICIOS AMPLIADOS DE TIERRA COLORADA,TRANE,4MCW1518A1000A,SN,SN,UNIDAD PAQUETE 5.5 TON,PAQUETE,Aire Acondicionado,4709
4470,Correctivo,CENTRO,CENTRO DE SALUD CON SERVICIOS AMPLIADOS DE TIERRA COLORADA,TRANE,4MCW1518A1000A,SN,SN,UNIDAD PAQUETE 5.5 TON,PAQUETE,Aire Acondicionado,4710
4471,Preventivo,CENTRO,CENTRO DE SALUD CON SERVICIOS AMPLIADOS DE TIERRA COLORADA,GALANZ,AUS-12H63F150LA,SN,SN,MINISPLIT 1.5 TON,MINISPLIT,Aire Acondicionado,4711
4472,Correctivo,CENTRO,CENTRO DE SALUD CON SERVICIOS AMPLIADOS DE TIERRA COLORADA,GALANZ,AUS-12H63F150LA,SN,SN,MINISPLIT 1.5 TON,MINISPLIT,Aire Acondicionado,4712
4473,Preventivo,CENTRO,CENTRO DE SALUD CON SERVICIOS AMPLIADOS DE TIERRA COLORADA,TRANE,4MCW1512A1000AA,SN,SN,MINISPLIT 1.5 TON,MINISPLIT,Aire Acondicionado,4713
4474,Correctivo,CENTRO,CENTRO DE SALUD CON SERVICIOS AMPLIADOS DE TIERRA COLORADA,TRANE,4MCW1512A1000AA,SN,SN,MINISPLIT 1.5 TON,MINISPLIT,Aire Acondicionado,4714
4475,Preventivo,CENTRO,CENTRO DE SALUD CON SERVICIOS AMPLIADOS DE TIERRA COLORADA,TRANE,4MCW1512A1000AA,SN,SN,MINISPLIT 1.5 TON,MINISPLIT,Aire Acondicionado,4715
4476,Correctivo,CENTRO,CENTRO DE SALUD CON SERVICIOS AMPLIADOS DE TIERRA COLORADA,TRANE,4MCW1512A1000AA,SN,SN,MINISPLIT 1.5 TON,MINISPLIT,Aire Acondicionado,4716
4477,Preventivo,CENTRO,CENTRO DE SALUD CON SERVICIOS AMPLIADOS DE TIERRA COLORADA,TRANE,4MCW1512A1000AA,SN,SN,MINISPLIT 1.5 TON,MINISPLIT,Aire Acondicionado,4717
4478,Correctivo,CENTRO,CENTRO DE SALUD CON SERVICIOS AMPLIADOS DE TIERRA COLORADA,TRANE,4MCW1512A1000AA,SN,SN,MINISPLIT 1.5 TON,MINISPLIT,Aire Acondicionado,4718
4479,Preventivo,CENTRO,CENTRO DE SALUD CON SERVICIOS AMPLIADOS DE TIERRA COLORADA,TRANE,4MCW1512A1000AA,SN,SN,MINISPLIT 1.5 TON,MINISPLIT,Aire Acondicionado,4719
4480,Correctivo,CENTRO,CENTRO DE SALUD CON SERVICIOS AMPLIADOS DE TIERRA COLORADA,TRANE,4MCW1512A1000AA,SN,SN,MINISPLIT 1.5 TON,MINISPLIT,Aire Acondicionado,4720
4481,Preventivo,CENTRO,CENTRO DE SALUD CON SERVICIOS AMPLIADOS DE TIERRA COLORADA,GALANZ,AUS-12H63F150LA,SN,SN,MINISPLIT 1.5 TON,MINISPLIT,Aire Acondicionado,4721
4482,Correctivo,CENTRO,CENTRO DE SALUD CON SERVICIOS AMPLIADOS DE TIERRA COLORADA,GALANZ,AUS-12H63F150LA,SN,SN,MINISPLIT 1.5 TON,MINISPLIT,Aire Acondicionado,4722
4483,Preventivo,CENTRO,CENTRO DE SALUD CON SERVICIOS AMPLIADOS DE TIERRA COLORADA,GALANZ,AUS-12H63F150LA,SN,SN,MINISPLIT 1.5 TON,MINISPLIT,Aire Acondicionado,4723
4484,Correctivo,CENTRO,CENTRO DE SALUD CON SERVICIOS AMPLIADOS DE TIERRA COLORADA,GALANZ,AUS-12H63F150LA,SN,SN,MINISPLIT 1.5 TON,MINISPLIT,Aire Acondicionado,4724
4485,Preventivo,CENTRO,CENTRO DE SALUD CON SERVICIOS AMPLIADOS DE TIERRA COLORADA,GALANZ,AS-24C63F23064,SN,SN,MINISPLIT 1.5 TON,MINISPLIT,Aire Acondicionado,4725
4486,Correctivo,CENTRO,CENTRO DE SALUD CON SERVICIOS AMPLIADOS DE TIERRA COLORADA,GALANZ,AS-24C63F23064,SN,SN,MINISPLIT 1.5 TON,MINISPLIT,Aire Acondicionado,4726
4487,Preventivo,CENTRO,CENTRO DE SALUD CON SERVICIOS AMPLIADOS DE TIERRA COLORADA,TRANE,4MCW1518A1000AA,SN,SN,MINISPLIT 1.5 TON,MINISPLIT,Aire Acondicionado,4727
4488,Correctivo,CENTRO,CENTRO DE SALUD CON SERVICIOS AMPLIADOS DE TIERRA COLORADA,TRANE,4MCW1518A1000AA,SN,SN,MINISPLIT 1.5 TON,MINISPLIT,Aire Acondicionado,4728
4489,Preventivo,CENTRO,CENTRO DE SALUD CON SERVICIOS AMPLIADOS DE TIERRA COLORADA,GALANZ,AUS-12H63F150L4,SN,SN,MINISPLIT 1.5 TON,MINISPLIT,Aire Acondicionado,4729
4490,Correctivo,CENTRO,CENTRO DE SALUD CON SERVICIOS AMPLIADOS DE TIERRA COLORADA,GALANZ,AUS-12H63F150L4,SN,SN,MINISPLIT 1.5 TON,MINISPLIT,Aire Acondicionado,4730
4491,Preventivo,CENTRO,CENTRO DE SALUD CON SERVICIOS AMPLIADOS DE TIERRA COLORADA,GALANZ,AUS-12H63F150L4,SN,SN,MINISPLIT 1.5 TON,MINISPLIT,Aire Acondicionado,4731
4492,Correctivo,CENTRO,CENTRO DE SALUD CON SERVICIOS AMPLIADOS DE TIERRA COLORADA,GALANZ,AUS-12H63F150L4,SN,SN,MINISPLIT 1.5 TON,MINISPLIT,Aire Acondicionado,4732
4493,Preventivo,CENTRO,CENTRO DE SALUD CON SERVICIOS AMPLIADOS DE TIERRA COLORADA,GALANZ,AUS-12H63F150L4,SN,SN,MINISPLIT 1.5 TON,MINISPLIT,Aire Acondicionado,4733
4494,Correctivo,CENTRO,CENTRO DE SALUD CON SERVICIOS AMPLIADOS DE TIERRA COLORADA,GALANZ,AUS-12H63F150L4,SN,SN,MINISPLIT 1.5 TON,MINISPLIT,Aire Acondicionado,4734
4495,Preventivo,CENTRO,CENTRO DE SALUD CON SERVICIOS AMPLIADOS DE TIERRA COLORADA,LG,SP122CM,SN,SN,MINISPLIT 2.0 TON,MINISPLIT,Aire Acondicionado,4735
4496,Correctivo,CENTRO,CENTRO DE SALUD CON SERVICIOS AMPLIADOS DE TIERRA COLORADA,LG,SP122CM,SN,SN,MINISPLIT 2.0 TON,MINISPLIT,Aire Acondicionado,4736
4497,Preventivo,CENTRO,CENTRO DE SALUD CON SERVICIOS AMPLIADOS DE TIERRA COLORADA,MIRAGE,EXF121F,SN,SN,MINISPLIT 1.5 TON,MINISPLIT,Aire Acondicionado,4737
4498,Correctivo,CENTRO,CENTRO DE SALUD CON SERVICIOS AMPLIADOS DE TIERRA COLORADA,MIRAGE,EXF121F,SN,SN,MINISPLIT 1.5 TON,MINISPLIT,Aire Acondicionado,4738
4499,Preventivo,CENTRO,CENTRO DE SALUD CON SERVICIOS AMPLIADOS DE TIERRA COLORADA,YORK,YSCA24F5AADK,SN,SN,MINISPLIT 2.0 TON,MINISPLIT,Aire Acondicionado,4739
4500,Correctivo,CENTRO,CENTRO DE SALUD CON SERVICIOS AMPLIADOS DE TIERRA COLORADA,YORK,YSCA24F5AADK,SN,SN,MINISPLIT 2.0 TON,MINISPLIT,Aire Acondicionado,4740
4501,Preventivo,CENTRO,CENTRO DE SALUD CON SERVICIOS AMPLIADOS DE TIERRA COLORADA,GALANZ,AUS18H63F120,SN,SN,MINISPLIT 1.5 TON,MINISPLIT,Aire Acondicionado,4741
4502,Correctivo,CENTRO,CENTRO DE SALUD CON SERVICIOS AMPLIADOS DE TIERRA COLORADA,GALANZ,AUS18H63F120,SN,SN,MINISPLIT 1.5 TON,MINISPLIT,Aire Acondicionado,4742
4503,Preventivo,CENTRO,CENTRO DE SALUD CON SERVICIOS AMPLIADOS DE TIERRA COLORADA,GALANZ,AUS18H63F120,SN,SN,MINISPLIT 1.5 TON,MINISPLIT,Aire Acondicionado,4743
4504,Correctivo,CENTRO,CENTRO DE SALUD CON SERVICIOS AMPLIADOS DE TIERRA COLORADA,GALANZ,AUS18H63F120,SN,SN,MINISPLIT 1.5 TON,MINISPLIT,Aire Acondicionado,4744
4505,Preventivo,CENTRO,CENTRO DE SALUD CON SERVICIOS AMPLIADOS DE TIERRA COLORADA,GALANZ,AUS18H63F120,SN,SN,MINISPLIT 1.5 TON,MINISPLIT,Aire Acondicionado,4745
4506,Correctivo,CENTRO,CENTRO DE SALUD CON SERVICIOS AMPLIADOS DE TIERRA COLORADA,GALANZ,AUS18H63F120,SN,SN,MINISPLIT 1.5 TON,MINISPLIT,Aire Acondicionado,4746
4507,Preventivo,CENTRO,CENTRO DE SALUD CON SERVICIOS AMPLIADOS DE TIERRA COLORADA,GALANZ,AUS18H63F120,SN,SN,MINISPLIT 1.5 TON,MINISPLIT,Aire Acondicionado,4747
4508,Correctivo,CENTRO,CENTRO DE SALUD CON SERVICIOS AMPLIADOS DE TIERRA COLORADA,GALANZ,AUS18H63F120,SN,SN,MINISPLIT 1.5 TON,MINISPLIT,Aire Acondicionado,4748
4509,Preventivo,CENTRO,CENTRO DE SALUD CON SERVICIOS AMPLIADOS DE TIERRA COLORADA,GALANZ,AUS18H63F120,SN,SN,MINISPLIT 1.5 TON,MINISPLIT,Aire Acondicionado,4749
4510,Correctivo,CENTRO,CENTRO DE SALUD CON SERVICIOS AMPLIADOS DE TIERRA COLORADA,GALANZ,AUS18H63F120,SN,SN,MINISPLIT 1.5 TON,MINISPLIT,Aire Acondicionado,4750
4511,Preventivo,CENTRO,CENTRO DE SALUD CON SERVICIOS AMPLIADOS DE TIERRA COLORADA,TRANE,4TTK1512A1L,SN,SN,MINISPLIT 1.5 TON,MINISPLIT,Aire Acondicionado,4751
4512,Correctivo,CENTRO,CENTRO DE SALUD CON SERVICIOS AMPLIADOS DE TIERRA COLORADA,TRANE,4TTK1512A1L,SN,SN,MINISPLIT 1.5 TON,MINISPLIT,Aire Acondicionado,4752
4513,Preventivo,CENTRO,CENTRO DE SALUD CON SERVICIOS AMPLIADOS DE TIERRA COLORADA,TRANE,4TTK1512A1L,SN,SN,MINISPLIT 1.5 TON,MINISPLIT,Aire Acondicionado,4753
4514,Correctivo,CENTRO,CENTRO DE SALUD CON SERVICIOS AMPLIADOS DE TIERRA COLORADA,TRANE,4TTK1512A1L,SN,SN,MINISPLIT 1.5 TON,MINISPLIT,Aire Acondicionado,4754
4515,Preventivo,CENTRO,CENTRO DE SALUD CON SERVICIOS AMPLIADOS DE TIERRA COLORADA,GALANZ,AUS18H63F150,SN,SN,MINISPLIT 1.5 TON,MINISPLIT,Aire Acondicionado,4755
4516,Correctivo,CENTRO,CENTRO DE SALUD CON SERVICIOS AMPLIADOS DE TIERRA COLORADA,GALANZ,AUS18H63F150,SN,SN,MINISPLIT 1.5 TON,MINISPLIT,Aire Acondicionado,4756
4517,Preventivo,CENTRO,CENTRO DE SALUD CON SERVICIOS AMPLIADOS DE TIERRA COLORADA,GALANZ,AUS18C63F230G4,SN,SN,MINISPLIT 1.5 TON,MINISPLIT,Aire Acondicionado,4757
4518,Correctivo,CENTRO,CENTRO DE SALUD CON SERVICIOS AMPLIADOS DE TIERRA COLORADA,GALANZ,AUS18C63F230G4,SN,SN,MINISPLIT 1.5 TON,MINISPLIT,Aire Acondicionado,4758
4519,Preventivo,CENTRO,CENTRO DE SALUD CON SERVICIOS AMPLIADOS DE TIERRA COLORADA,MIRAGE,EXF12ID,SN,SN,MINISPLIT 1.5 TON,MINISPLIT,Aire Acondicionado,4759
4520,Correctivo,CENTRO,CENTRO DE SALUD CON SERVICIOS AMPLIADOS DE TIERRA COLORADA,MIRAGE,EXF12ID,SN,SN,MINISPLIT 1.5 TON,MINISPLIT,Aire Acondicionado,4760
4521,Preventivo,CENTRO,CENTRO DE SALUD CON SERVICIOS AMPLIADOS DE TIERRA COLORADA,TRANE,4TTK1512A1L,SN,SN,MINISPLIT 1.5 TON,MINISPLIT,Aire Acondicionado,4761
4522,Correctivo,CENTRO,CENTRO DE SALUD CON SERVICIOS AMPLIADOS DE TIERRA COLORADA,TRANE,4TTK1512A1L,SN,SN,MINISPLIT 1.5 TON,MINISPLIT,Aire Acondicionado,4762
4523,Preventivo,CENTRO,CENTRO DE SALUD CON SERVICIOS AMPLIADOS DE TIERRA COLORADA,TRANE,4TTK1512A1L,SN,SN,MINISPLIT 1.5 TON,MINISPLIT,Aire Acondicionado,4763
4524,Correctivo,CENTRO,CENTRO DE SALUD CON SERVICIOS AMPLIADOS DE TIERRA COLORADA,TRANE,4TTK1512A1L,SN,SN,MINISPLIT 1.5 TON,MINISPLIT,Aire Acondicionado,4764
4525,Preventivo,CENTRO,CENTRO DE SALUD CON SERVICIOS AMPLIADOS DE TIERRA COLORADA,TRANE,4TTS151ZAL1,SN,SN,MINISPLIT 1.5 TON,MINISPLIT,Aire Acondicionado,4765
4526,Correctivo,CENTRO,CENTRO DE SALUD CON SERVICIOS AMPLIADOS DE TIERRA COLORADA,TRANE,4TTS151ZAL1,SN,SN,MINISPLIT 1.5 TON,MINISPLIT,Aire Acondicionado,4766
4527,Preventivo,CENTRO,CENTRO DE SALUD CON SERVICIOS AMPLIADOS DE TIERRA COLORADA,GALANZ,AUS18H63F1231,SN,SN,MINISPLIT 1.5 TON,MINISPLIT,Aire Acondicionado,4767
4528,Correctivo,CENTRO,CENTRO DE SALUD CON SERVICIOS AMPLIADOS DE TIERRA COLORADA,GALANZ,AUS18H63F1231,SN,SN,MINISPLIT 1.5 TON,MINISPLIT,Aire Acondicionado,4768
4529,Preventivo,CENTRO,CENTRO DE SALUD CON SERVICIOS AMPLIADOS DE TIERRA COLORADA,MIRAGE,ELC121D,SN,SN,MINISPLIT 1.5 TON,MINISPLIT,Aire Acondicionado,4769
4530,Correctivo,CENTRO,CENTRO DE SALUD CON SERVICIOS AMPLIADOS DE TIERRA COLORADA,MIRAGE,ELC121D,SN,SN,MINISPLIT 1.5 TON,MINISPLIT,Aire Acondicionado,4770
4531,Preventivo,CENTRO,CENTRO DE SALUD CON SERVICIOS AMPLIADOS DE TIERRA COLORADA,GALANZ,AUS18H63120FT,SN,SN,MINISPLIT 1.5 TON,MINISPLIT,Aire Acondicionado,4771
4532,Correctivo,CENTRO,CENTRO DE SALUD CON SERVICIOS AMPLIADOS DE TIERRA COLORADA,GALANZ,AUS18H63120FT,SN,SN,MINISPLIT 1.5 TON,MINISPLIT,Aire Acondicionado,4772
4533,Preventivo,CENTRO,CENTRO DE SALUD CON SERVICIOS AMPLIADOS DE TIERRA COLORADA,MIRAGE,ELF121T,SN,SN,MINISPLIT 1.5 TON,MINISPLIT,Aire Acondicionado,4773
4534,Correctivo,CENTRO,CENTRO DE SALUD CON SERVICIOS AMPLIADOS DE TIERRA COLORADA,MIRAGE,ELF121T,SN,SN,MINISPLIT 1.5 TON,MINISPLIT,Aire Acondicionado,4774
4535,Preventivo,CENTRO,CENTRO DE SALUD CON SERVICIOS AMPLIADOS DE TIERRA COLORADA,MIRAGE,ELF121T,SN,SN,MINISPLIT 1.5 TON,MINISPLIT,Aire Acondicionado,4775
4536,Correctivo,CENTRO,CENTRO DE SALUD CON SERVICIOS AMPLIADOS DE TIERRA COLORADA,MIRAGE,ELF121T,SN,SN,MINISPLIT 1.5 TON,MINISPLIT,Aire Acondicionado,4776
4537,Preventivo,CENTRO,CENTRO DE SALUD CON SERVICIOS AMPLIADOS DE TIERRA COLORADA,MIRAGE,ELF121T,SN,SN,MINISPLIT 1.5 TON,MINISPLIT,Aire Acondicionado,4777
4538,Correctivo,CENTRO,CENTRO DE SALUD CON SERVICIOS AMPLIADOS DE TIERRA COLORADA,MIRAGE,ELF121T,SN,SN,MINISPLIT 1.5 TON,MINISPLIT,Aire Acondicionado,4778
4539,Preventivo,CENTRO,CENTRO DE SALUD CON SERVICIOS AMPLIADOS DE TIERRA COLORADA,TEMPSTAR,R2AM60AKA3,SN,SN,MINISPLIT 1.5 TON,MINISPLIT,Aire Acondicionado,4779
4540,Correctivo,CENTRO,CENTRO DE SALUD CON SERVICIOS AMPLIADOS DE TIERRA COLORADA,TEMPSTAR,R2AM60AKA3,SN,SN,MINISPLIT 1.5 TON,MINISPLIT,Aire Acondicionado,4780
4541,Preventivo,CENTRO,CENTRO DE SALUD CON SERVICIOS AMPLIADOS DE TIERRA COLORADA,YORK,DM078C00A2AAA3D,SN,SN,MINISPLIT 1.5 TON,MINISPLIT,Aire Acondicionado,4781
4542,Correctivo,CENTRO,CENTRO DE SALUD CON SERVICIOS AMPLIADOS DE TIERRA COLORADA,YORK,DM078C00A2AAA3D,SN,SN,MINISPLIT 1.5 TON,MINISPLIT,Aire Acondicionado,4782
4543,Preventivo,CENTRO,CENTRO DE SALUD CON SERVICIOS AMPLIADOS DE TIERRA COLORADA,YORK,DM240C00A2AAA1E,SN,SN,MINISPLIT 1.5 TON,MINISPLIT,Aire Acondicionado,4783
4544,Correctivo,CENTRO,CENTRO DE SALUD CON SERVICIOS AMPLIADOS DE TIERRA COLORADA,YORK,DM240C00A2AAA1E,SN,SN,MINISPLIT 1.5 TON,MINISPLIT,Aire Acondicionado,4784
4545,Preventivo,CENTRO,CENTRO DE SALUD CON SERVICIOS AMPLIADOS DE TIERRA COLORADA,MIRAGE,CLC121D,SN,SN,MINISPLIT 1.5 TON,MINISPLIT,Aire Acondicionado,4785
4546,Correctivo,CENTRO,CENTRO DE SALUD CON SERVICIOS AMPLIADOS DE TIERRA COLORADA,MIRAGE,CLC121D,SN,SN,MINISPLIT 1.5 TON,MINISPLIT,Aire Acondicionado,4786
4547,Preventivo,CENTRO,CENTRO DE SALUD CON SERVICIOS AMPLIADOS DE TIERRA COLORADA,YORK,H5CE240A25A,SN,SN,MINISPLIT 1.5 TON,MINISPLIT,Aire Acondicionado,4787
4548,Correctivo,CENTRO,CENTRO DE SALUD CON SERVICIOS AMPLIADOS DE TIERRA COLORADA,YORK,H5CE240A25A,SN,SN,MINISPLIT 1.5 TON,MINISPLIT,Aire Acondicionado,4788
4549,Preventivo,CENTRO,CENTRO DE SALUD CON SERVICIOS AMPLIADOS DE TIERRA COLORADA,MIRAGE,CLF121T,SN,SN,MINISPLIT 1.5 TON,MINISPLIT,Aire Acondicionado,4789
4550,Correctivo,CENTRO,CENTRO DE SALUD CON SERVICIOS AMPLIADOS DE TIERRA COLORADA,MIRAGE,CLF121T,SN,SN,MINISPLIT 1.5 TON,MINISPLIT,Aire Acondicionado,4790
4551,Preventivo,CENTRO,CENTRO DE SALUD CON SERVICIOS AMPLIADOS DE TIERRA COLORADA,MIRAGE,ELF261D,SN,SN,MINISPLIT 1.5 TON,MINISPLIT,Aire Acondicionado,4791
4552,Correctivo,CENTRO,CENTRO DE SALUD CON SERVICIOS AMPLIADOS DE TIERRA COLORADA,MIRAGE,ELF261D,SN,SN,MINISPLIT 1.5 TON,MINISPLIT,Aire Acondicionado,4792
100,Correctivo,ACAPULCO,UNIDAD MEDICO QUIRURGICO IMSS BIENESTAR,MIRAGE,XLIFE-1,CLF121H44052409796,CP176,MINISPLIT 1.0 TON,MINISPLIT,Aire Acondicionado,4793
101,Preventivo,ACAPULCO,UNIDAD MEDICO QUIRURGICO IMSS BIENESTAR,MIRAGE,XLIFE-1,CLF121H44052408043,CP177,MINISPLIT 1.0 TON,MINISPLIT,Aire Acondicionado,4794
102,Correctivo,ACAPULCO,UNIDAD MEDICO QUIRURGICO IMSS BIENESTAR,MIRAGE,XLIFE-1,CLF121H44052408043,CP177,MINISPLIT 1.0 TON,MINISPLIT,Aire Acondicionado,4795
103,Preventivo,ACAPULCO,UNIDAD MEDICO QUIRURGICO IMSS BIENESTAR,DUVENTUS,IVX9M361,140087,CP196,MINISPLIT 3.0 TON,MINISPLIT,Aire Acondicionado,4796
104,Correctivo,ACAPULCO,UNIDAD MEDICO QUIRURGICO IMSS BIENESTAR,DUVENTUS,IVX9M361,140087,CP196,MINISPLIT 3.0 TON,MINISPLIT,Aire Acondicionado,4797
105,Preventivo,ACAPULCO,UNIDAD MEDICO QUIRURGICO IMSS BIENESTAR,DUVENTUS,IVX9M361,140093,CP197,MINISPLIT 3.0 TON,MINISPLIT,Aire Acondicionado,4798
106,Correctivo,ACAPULCO,UNIDAD MEDICO QUIRURGICO IMSS BIENESTAR,DUVENTUS,IVX9M361,140093,CP197,MINISPLIT 3.0 TON,MINISPLIT,Aire Acondicionado,4799
107,Preventivo,ACAPULCO,UNIDAD MEDICO QUIRURGICO IMSS BIENESTAR,DUVENTUS,IVX9M361,1040131,CP199,MINISPLIT 3.0 TON,MINISPLIT,Aire Acondicionado,4800
108,Correctivo,ACAPULCO,UNIDAD MEDICO QUIRURGICO IMSS BIENESTAR,DUVENTUS,IVX9M361,1040131,CP199,MINISPLIT 3.0 TON,MINISPLIT,Aire Acondicionado,4801
109,Preventivo,ACAPULCO,UNIDAD MEDICO QUIRURGICO IMSS BIENESTAR,DUVENTUS,IVX9M361,40121,CP200,MINISPLIT 3.0 TON,MINISPLIT,Aire Acondicionado,4802
110,Correctivo,ACAPULCO,UNIDAD MEDICO QUIRURGICO IMSS BIENESTAR,DUVENTUS,IVX9M361,40121,CP200,MINISPLIT 3.0 TON,MINISPLIT,Aire Acondicionado,4803
111,Preventivo,ACAPULCO,UNIDAD MEDICO QUIRURGICO IMSS BIENESTAR,DUVENTUS,IVX9M361,40097,CP201,MINISPLIT 3.0 TON,MINISPLIT,Aire Acondicionado,4804
112,Correctivo,ACAPULCO,UNIDAD MEDICO QUIRURGICO IMSS BIENESTAR,DUVENTUS,IVX9M361,40097,CP201,MINISPLIT 3.0 TON,MINISPLIT,Aire Acondicionado,4805
113,Preventivo,ACAPULCO,UNIDAD MEDICO QUIRURGICO IMSS BIENESTAR,DUVENTUS,IVX9M361,40130,CP202,MINISPLIT 3.0 TON,MINISPLIT,Aire Acondicionado,4806
114,Correctivo,ACAPULCO,UNIDAD MEDICO QUIRURGICO IMSS BIENESTAR,DUVENTUS,IVX9M361,40130,CP202,MINISPLIT 3.0 TON,MINISPLIT,Aire Acondicionado,4807
115,Preventivo,ACAPULCO,UNIDAD MEDICO QUIRURGICO IMSS BIENESTAR,DUVENTUS,IVX9M361,40128,CP203,MINISPLIT 3.0 TON,MINISPLIT,Aire Acondicionado,4808
116,Correctivo,ACAPULCO,UNIDAD MEDICO QUIRURGICO IMSS BIENESTAR,DUVENTUS,IVX9M361,40128,CP203,MINISPLIT 3.0 TON,MINISPLIT,Aire Acondicionado,4809
117,Preventivo,ACAPULCO,UNIDAD MEDICO QUIRURGICO IMSS BIENESTAR,MIRAGE,XLIFE-1,S/SERIE,CP179,MINISPLIT 1.0 TON,MINISPLIT,Aire Acondicionado,4810
118,Correctivo,ACAPULCO,UNIDAD MEDICO QUIRURGICO IMSS BIENESTAR,MIRAGE,XLIFE-1,S/SERIE,CP179,MINISPLIT 1.0 TON,MINISPLIT,Aire Acondicionado,4811
119,Preventivo,ACAPULCO,UNIDAD MEDICO QUIRURGICO IMSS BIENESTAR,DAEWOO,CBDOC102B,S/SERIE,CP180,MINISPLIT 1.0 TON,MINISPLIT,Aire Acondicionado,4812
120,Correctivo,ACAPULCO,UNIDAD MEDICO QUIRURGICO IMSS BIENESTAR,DAEWOO,CBDOC102B,S/SERIE,CP180,MINISPLIT 1.0 TON,MINISPLIT,Aire Acondicionado,4813
121,Preventivo,ACAPULCO,UNIDAD MEDICO QUIRURGICO IMSS BIENESTAR,MIRAGE,XLIFE-1,S/SERIE,CP181,MINISPLIT 1.0 TON,MINISPLIT,Aire Acondicionado,4814
122,Correctivo,ACAPULCO,UNIDAD MEDICO QUIRURGICO IMSS BIENESTAR,MIRAGE,XLIFE-1,S/SERIE,CP181,MINISPLIT 1.0 TON,MINISPLIT,Aire Acondicionado,4815
123,Preventivo,ACAPULCO,UNIDAD MEDICO QUIRURGICO IMSS BIENESTAR,MIRAGE,XLIFE-1,S/SERIE,CP182,MINISPLIT 1.0 TON,MINISPLIT,Aire Acondicionado,4816
124,Correctivo,ACAPULCO,UNIDAD MEDICO QUIRURGICO IMSS BIENESTAR,MIRAGE,XLIFE-1,S/SERIE,CP182,MINISPLIT 1.0 TON,MINISPLIT,Aire Acondicionado,4817
125,Preventivo,ACAPULCO,UNIDAD MEDICO QUIRURGICO IMSS BIENESTAR,MIRAGE,XLIFE-1,S/SERIE,CP183,MINISPLIT 1.0 TON,MINISPLIT,Aire Acondicionado,4818
126,Correctivo,ACAPULCO,UNIDAD MEDICO QUIRURGICO IMSS BIENESTAR,MIRAGE,XLIFE-1,S/SERIE,CP183,MINISPLIT 1.0 TON,MINISPLIT,Aire Acondicionado,4819
127,Preventivo,ACAPULCO,UNIDAD MEDICO QUIRURGICO IMSS BIENESTAR,MIRAGE,XLIFE-1,S/SERIE,CP184,MINISPLIT 1.0 TON,MINISPLIT,Aire Acondicionado,4820
128,Correctivo,ACAPULCO,UNIDAD MEDICO QUIRURGICO IMSS BIENESTAR,MIRAGE,XLIFE-1,S/SERIE,CP184,MINISPLIT 1.0 TON,MINISPLIT,Aire Acondicionado,4821
129,Preventivo,ACAPULCO,UNIDAD MEDICO QUIRURGICO IMSS BIENESTAR,MIRAGE,XLIFE-2,CLF261H44072400578,CP185,MINISPLIT 2.0 TON,MINISPLIT,Aire Acondicionado,4822
130,Correctivo,ACAPULCO,UNIDAD MEDICO QUIRURGICO IMSS BIENESTAR,MIRAGE,XLIFE-2,CLF261H44072400578,CP185,MINISPLIT 2.0 TON,MINISPLIT,Aire Acondicionado,4823
131,Preventivo,ACAPULCO,UNIDAD MEDICO QUIRURGICO IMSS BIENESTAR,MIRAGE,XLIFE-2,CLF261H44072400438,CP186,MINISPLIT 2.0 TON,MINISPLIT,Aire Acondicionado,4824
132,Correctivo,ACAPULCO,UNIDAD MEDICO QUIRURGICO IMSS BIENESTAR,MIRAGE,XLIFE-2,CLF261H44072400438,CP186,MINISPLIT 2.0 TON,MINISPLIT,Aire Acondicionado,4825
133,Preventivo,ACAPULCO,UNIDAD MEDICO QUIRURGICO IMSS BIENESTAR,MIRAGE,XLIFE-2,S/SERIE,CP187,MINISPLIT 2.0 TON,MINISPLIT,Aire Acondicionado,4826
134,Correctivo,ACAPULCO,UNIDAD MEDICO QUIRURGICO IMSS BIENESTAR,MIRAGE,XLIFE-2,S/SERIE,CP187,MINISPLIT 2.0 TON,MINISPLIT,Aire Acondicionado,4827
135,Preventivo,ACAPULCO,UNIDAD MEDICO QUIRURGICO IMSS BIENESTAR,MIRAGE,XLIFE-2,S/SERIE,CP188,MINISPLIT 2.0 TON,MINISPLIT,Aire Acondicionado,4828
136,Correctivo,ACAPULCO,UNIDAD MEDICO QUIRURGICO IMSS BIENESTAR,MIRAGE,XLIFE-2,S/SERIE,CP188,MINISPLIT 2.0 TON,MINISPLIT,Aire Acondicionado,4829
137,Preventivo,ACAPULCO,UNIDAD MEDICO QUIRURGICO IMSS BIENESTAR,MIRAGE,XLIFE-2,S/SERIE,CP189,MINISPLIT 2.0 TON,MINISPLIT,Aire Acondicionado,4830
138,Correctivo,ACAPULCO,UNIDAD MEDICO QUIRURGICO IMSS BIENESTAR,MIRAGE,XLIFE-2,S/SERIE,CP189,MINISPLIT 2.0 TON,MINISPLIT,Aire Acondicionado,4831
139,Preventivo,ACAPULCO,UNIDAD MEDICO QUIRURGICO IMSS BIENESTAR,MIRAGE,XLIFE-2,S/SERIE,CP190,MINISPLIT 2.0 TON,MINISPLIT,Aire Acondicionado,4832
140,Correctivo,ACAPULCO,UNIDAD MEDICO QUIRURGICO IMSS BIENESTAR,MIRAGE,XLIFE-2,S/SERIE,CP190,MINISPLIT 2.0 TON,MINISPLIT,Aire Acondicionado,4833
141,Preventivo,ACAPULCO,UNIDAD MEDICO QUIRURGICO IMSS BIENESTAR,MIRAGE,XLIFE-2,S/SERIE,CP191,MINISPLIT 2.0 TON,MINISPLIT,Aire Acondicionado,4834
142,Correctivo,ACAPULCO,UNIDAD MEDICO QUIRURGICO IMSS BIENESTAR,MIRAGE,XLIFE-2,S/SERIE,CP191,MINISPLIT 2.0 TON,MINISPLIT,Aire Acondicionado,4835
143,Preventivo,ACAPULCO,UNIDAD MEDICO QUIRURGICO IMSS BIENESTAR,MIRAGE,XLIFE-2,S/SERIE,CP192,MINISPLIT 2.0 TON,MINISPLIT,Aire Acondicionado,4836
144,Correctivo,ACAPULCO,UNIDAD MEDICO QUIRURGICO IMSS BIENESTAR,MIRAGE,XLIFE-2,S/SERIE,CP192,MINISPLIT 2.0 TON,MINISPLIT,Aire Acondicionado,4837
145,Preventivo,ACAPULCO,UNIDAD MEDICO QUIRURGICO IMSS BIENESTAR,MIRAGE,XLIFE-2,S/SERIE,CP193,MINISPLIT 2.0 TON,MINISPLIT,Aire Acondicionado,4838
146,Correctivo,ACAPULCO,UNIDAD MEDICO QUIRURGICO IMSS BIENESTAR,MIRAGE,XLIFE-2,S/SERIE,CP193,MINISPLIT 2.0 TON,MINISPLIT,Aire Acondicionado,4839
147,Preventivo,ACAPULCO,UNIDAD MEDICO QUIRURGICO IMSS BIENESTAR,MIRAGE,XLIFE-2,S/SERIE,CP194,MINISPLIT 2.0 TON,MINISPLIT,Aire Acondicionado,4840
148,Correctivo,ACAPULCO,UNIDAD MEDICO QUIRURGICO IMSS BIENESTAR,MIRAGE,XLIFE-2,S/SERIE,CP194,MINISPLIT 2.0 TON,MINISPLIT,Aire Acondicionado,4841
149,Preventivo,ACAPULCO,UNIDAD MEDICO QUIRURGICO IMSS BIENESTAR,MIRAGE,XLIFE-2,S/SERIE,CP195,MINISPLIT 2.0 TON,MINISPLIT,Aire Acondicionado,4842
15,Preventivo,ACAPULCO,UNIDAD MEDICO QUIRURGICO IMSS BIENESTAR,MIRAGE,XLIFE-1,CLF121H44062436177,CP134,MINISPLIT 1.0 TON,MINISPLIT,Aire Acondicionado,4843
150,Correctivo,ACAPULCO,UNIDAD MEDICO QUIRURGICO IMSS BIENESTAR,MIRAGE,XLIFE-2,S/SERIE,CP195,MINISPLIT 2.0 TON,MINISPLIT,Aire Acondicionado,4844
151,Preventivo,ACAPULCO,UNIDAD MEDICO QUIRURGICO IMSS BIENESTAR,DAIKIN,GSX3N6010AB,2405318551,CP178,UNIDAD PAQUETE 5.5 TON,PAQUETE,Aire Acondicionado,4845
152,Correctivo,ACAPULCO,UNIDAD MEDICO QUIRURGICO IMSS BIENESTAR,DAIKIN,GSX3N6010AB,2405318551,CP178,UNIDAD PAQUETE 5.5 TON,PAQUETE,Aire Acondicionado,4846
16,Correctivo,ACAPULCO,UNIDAD MEDICO QUIRURGICO IMSS BIENESTAR,MIRAGE,XLIFE-1,CLF121H44062436177,CP134,MINISPLIT 1.0 TON,MINISPLIT,Aire Acondicionado,4847
17,Preventivo,ACAPULCO,UNIDAD MEDICO QUIRURGICO IMSS BIENESTAR,MIRAGE,XLIFE-1,CLF121H44022211485,CP135,MINISPLIT 1.0 TON,MINISPLIT,Aire Acondicionado,4848
18,Correctivo,ACAPULCO,UNIDAD MEDICO QUIRURGICO IMSS BIENESTAR,MIRAGE,XLIFE-1,CLF121H44022211485,CP135,MINISPLIT 1.0 TON,MINISPLIT,Aire Acondicionado,4849
19,Preventivo,ACAPULCO,UNIDAD MEDICO QUIRURGICO IMSS BIENESTAR,MIRAGE,XLIFE-1,CLF121H44052414577,CP136,MINISPLIT 1.0 TON,MINISPLIT,Aire Acondicionado,4850
20,Correctivo,ACAPULCO,UNIDAD MEDICO QUIRURGICO IMSS BIENESTAR,MIRAGE,XLIFE-1,CLF121H44052414577,CP136,MINISPLIT 1.0 TON,MINISPLIT,Aire Acondicionado,4851
21,Preventivo,ACAPULCO,UNIDAD MEDICO QUIRURGICO IMSS BIENESTAR,MIRAGE,XLIFE-1,CLF121H44022214547,CP137,MINISPLIT 1.0 TON,MINISPLIT,Aire Acondicionado,4852
22,Correctivo,ACAPULCO,UNIDAD MEDICO QUIRURGICO IMSS BIENESTAR,MIRAGE,XLIFE-1,CLF121H44022214547,CP137,MINISPLIT 1.0 TON,MINISPLIT,Aire Acondicionado,4853
23,Preventivo,ACAPULCO,UNIDAD MEDICO QUIRURGICO IMSS BIENESTAR,MIRAGE,XLIFE-1,CLF121H44062441301,CP138,MINISPLIT 1.0 TON,MINISPLIT,Aire Acondicionado,4854
24,Correctivo,ACAPULCO,UNIDAD MEDICO QUIRURGICO IMSS BIENESTAR,MIRAGE,XLIFE-1,CLF121H44062441301,CP138,MINISPLIT 1.0 TON,MINISPLIT,Aire Acondicionado,4855
25,Preventivo,ACAPULCO,UNIDAD MEDICO QUIRURGICO IMSS BIENESTAR,MIRAGE,XLIFE-1,CLF121H44062436215,CP139,MINISPLIT 1.0 TON,MINISPLIT,Aire Acondicionado,4856
26,Correctivo,ACAPULCO,UNIDAD MEDICO QUIRURGICO IMSS BIENESTAR,MIRAGE,XLIFE-1,CLF121H44062436215,CP139,MINISPLIT 1.0 TON,MINISPLIT,Aire Acondicionado,4857
27,Preventivo,ACAPULCO,UNIDAD MEDICO QUIRURGICO IMSS BIENESTAR,MIRAGE,XLIFE-1,CLF121H44052408165,CP140,MINISPLIT 1.0 TON,MINISPLIT,Aire Acondicionado,4858
28,Correctivo,ACAPULCO,UNIDAD MEDICO QUIRURGICO IMSS BIENESTAR,MIRAGE,XLIFE-1,CLF121H44052408165,CP140,MINISPLIT 1.0 TON,MINISPLIT,Aire Acondicionado,4859
29,Preventivo,ACAPULCO,UNIDAD MEDICO QUIRURGICO IMSS BIENESTAR,MIRAGE,XLIFE-1,CLF121H44052407951,CP141,MINISPLIT 1.0 TON,MINISPLIT,Aire Acondicionado,4860
30,Correctivo,ACAPULCO,UNIDAD MEDICO QUIRURGICO IMSS BIENESTAR,MIRAGE,XLIFE-1,CLF121H44052407951,CP141,MINISPLIT 1.0 TON,MINISPLIT,Aire Acondicionado,4861
31,Preventivo,ACAPULCO,UNIDAD MEDICO QUIRURGICO IMSS BIENESTAR,MIRAGE,XLIFE-1,CLF121H44062441202,CP142,MINISPLIT 1.0 TON,MINISPLIT,Aire Acondicionado,4862
32,Correctivo,ACAPULCO,UNIDAD MEDICO QUIRURGICO IMSS BIENESTAR,MIRAGE,XLIFE-1,CLF121H44062441202,CP142,MINISPLIT 1.0 TON,MINISPLIT,Aire Acondicionado,4863
33,Preventivo,ACAPULCO,UNIDAD MEDICO QUIRURGICO IMSS BIENESTAR,MIRAGE,XLIFE-1,CLF121H44062436380,CP143,MINISPLIT 1.0 TON,MINISPLIT,Aire Acondicionado,4864
34,Correctivo,ACAPULCO,UNIDAD MEDICO QUIRURGICO IMSS BIENESTAR,MIRAGE,XLIFE-1,CLF121H44062436380,CP143,MINISPLIT 1.0 TON,MINISPLIT,Aire Acondicionado,4865
35,Preventivo,ACAPULCO,UNIDAD MEDICO QUIRURGICO IMSS BIENESTAR,MIRAGE,XLIFE-1,CLF121H44052407349,CP144,MINISPLIT 1.0 TON,MINISPLIT,Aire Acondicionado,4866
36,Correctivo,ACAPULCO,UNIDAD MEDICO QUIRURGICO IMSS BIENESTAR,MIRAGE,XLIFE-1,CLF121H44052407349,CP144,MINISPLIT 1.0 TON,MINISPLIT,Aire Acondicionado,4867
37,Preventivo,ACAPULCO,UNIDAD MEDICO QUIRURGICO IMSS BIENESTAR,MIRAGE,XLIFE-1,CLF121H44062441372,CP145,MINISPLIT 1.0 TON,MINISPLIT,Aire Acondicionado,4868
38,Correctivo,ACAPULCO,UNIDAD MEDICO QUIRURGICO IMSS BIENESTAR,MIRAGE,XLIFE-1,CLF121H44062441372,CP145,MINISPLIT 1.0 TON,MINISPLIT,Aire Acondicionado,4869
39,Preventivo,ACAPULCO,UNIDAD MEDICO QUIRURGICO IMSS BIENESTAR,MIRAGE,XLIFE-1,CLF121H44062441618,CP146,MINISPLIT 1.0 TON,MINISPLIT,Aire Acondicionado,4870
40,Correctivo,ACAPULCO,UNIDAD MEDICO QUIRURGICO IMSS BIENESTAR,MIRAGE,XLIFE-1,CLF121H44062441618,CP146,MINISPLIT 1.0 TON,MINISPLIT,Aire Acondicionado,4871
41,Preventivo,ACAPULCO,UNIDAD MEDICO QUIRURGICO IMSS BIENESTAR,MIRAGE,XLIFE-1,CLF121H44062439443,CP147,MINISPLIT 1.0 TON,MINISPLIT,Aire Acondicionado,4872
42,Correctivo,ACAPULCO,UNIDAD MEDICO QUIRURGICO IMSS BIENESTAR,MIRAGE,XLIFE-1,CLF121H44062439443,CP147,MINISPLIT 1.0 TON,MINISPLIT,Aire Acondicionado,4873
43,Preventivo,ACAPULCO,UNIDAD MEDICO QUIRURGICO IMSS BIENESTAR,MIRAGE,XLIFE-1,CLF121H44052407559,CP148,MINISPLIT 1.0 TON,MINISPLIT,Aire Acondicionado,4874
44,Correctivo,ACAPULCO,UNIDAD MEDICO QUIRURGICO IMSS BIENESTAR,MIRAGE,XLIFE-1,CLF121H44052407559,CP148,MINISPLIT 1.0 TON,MINISPLIT,Aire Acondicionado,4875
45,Preventivo,ACAPULCO,UNIDAD MEDICO QUIRURGICO IMSS BIENESTAR,MIRAGE,XLIFE-1,CLF121H44052407356,CP149,MINISPLIT 1.0 TON,MINISPLIT,Aire Acondicionado,4876
46,Correctivo,ACAPULCO,UNIDAD MEDICO QUIRURGICO IMSS BIENESTAR,MIRAGE,XLIFE-1,CLF121H44052407356,CP149,MINISPLIT 1.0 TON,MINISPLIT,Aire Acondicionado,4877
47,Preventivo,ACAPULCO,UNIDAD MEDICO QUIRURGICO IMSS BIENESTAR,MIRAGE,XLIFE-1,CLF121H44052407537,CP150,MINISPLIT 1.0 TON,MINISPLIT,Aire Acondicionado,4878
48,Correctivo,ACAPULCO,UNIDAD MEDICO QUIRURGICO IMSS BIENESTAR,MIRAGE,XLIFE-1,CLF121H44052407537,CP150,MINISPLIT 1.0 TON,MINISPLIT,Aire Acondicionado,4879
49,Preventivo,ACAPULCO,UNIDAD MEDICO QUIRURGICO IMSS BIENESTAR,MIRAGE,XLIFE-1,CLF121H44052416297,CP151,MINISPLIT 1.0 TON,MINISPLIT,Aire Acondicionado,4880
50,Correctivo,ACAPULCO,UNIDAD MEDICO QUIRURGICO IMSS BIENESTAR,MIRAGE,XLIFE-1,CLF121H44052416297,CP151,MINISPLIT 1.0 TON,MINISPLIT,Aire Acondicionado,4881
51,Preventivo,ACAPULCO,UNIDAD MEDICO QUIRURGICO IMSS BIENESTAR,MIRAGE,XLIFE-1,CLF121H44062436710,CP152,MINISPLIT 1.0 TON,MINISPLIT,Aire Acondicionado,4882
52,Correctivo,ACAPULCO,UNIDAD MEDICO QUIRURGICO IMSS BIENESTAR,MIRAGE,XLIFE-1,CLF121H44062436710,CP152,MINISPLIT 1.0 TON,MINISPLIT,Aire Acondicionado,4883
53,Preventivo,ACAPULCO,UNIDAD MEDICO QUIRURGICO IMSS BIENESTAR,MIRAGE,XLIFE-1,CLF121H44052407473,CP153,MINISPLIT 1.0 TON,MINISPLIT,Aire Acondicionado,4884
54,Correctivo,ACAPULCO,UNIDAD MEDICO QUIRURGICO IMSS BIENESTAR,MIRAGE,XLIFE-1,CLF121H44052407473,CP153,MINISPLIT 1.0 TON,MINISPLIT,Aire Acondicionado,4885
55,Preventivo,ACAPULCO,UNIDAD MEDICO QUIRURGICO IMSS BIENESTAR,MIRAGE,XLIFE-1,CLF121H44052436246,CP154,MINISPLIT 1.0 TON,MINISPLIT,Aire Acondicionado,4886
56,Correctivo,ACAPULCO,UNIDAD MEDICO QUIRURGICO IMSS BIENESTAR,MIRAGE,XLIFE-1,CLF121H44052436246,CP154,MINISPLIT 1.0 TON,MINISPLIT,Aire Acondicionado,4887
57,Preventivo,ACAPULCO,UNIDAD MEDICO QUIRURGICO IMSS BIENESTAR,MIRAGE,XLIFE-1,CLF121H44062441640,CP155,MINISPLIT 1.0 TON,MINISPLIT,Aire Acondicionado,4888
58,Correctivo,ACAPULCO,UNIDAD MEDICO QUIRURGICO IMSS BIENESTAR,MIRAGE,XLIFE-1,CLF121H44062441640,CP155,MINISPLIT 1.0 TON,MINISPLIT,Aire Acondicionado,4889
59,Preventivo,ACAPULCO,UNIDAD MEDICO QUIRURGICO IMSS BIENESTAR,MIRAGE,XLIFE-1,CLF121H44052400010,CP156,MINISPLIT 1.0 TON,MINISPLIT,Aire Acondicionado,4890
60,Correctivo,ACAPULCO,UNIDAD MEDICO QUIRURGICO IMSS BIENESTAR,MIRAGE,XLIFE-1,CLF121H44052400010,CP156,MINISPLIT 1.0 TON,MINISPLIT,Aire Acondicionado,4891
61,Preventivo,ACAPULCO,UNIDAD MEDICO QUIRURGICO IMSS BIENESTAR,MIRAGE,XLIFE-1,CLF121H44062441644,CP157,MINISPLIT 1.0 TON,MINISPLIT,Aire Acondicionado,4892
62,Correctivo,ACAPULCO,UNIDAD MEDICO QUIRURGICO IMSS BIENESTAR,MIRAGE,XLIFE-1,CLF121H44062441644,CP157,MINISPLIT 1.0 TON,MINISPLIT,Aire Acondicionado,4893
63,Preventivo,ACAPULCO,UNIDAD MEDICO QUIRURGICO IMSS BIENESTAR,MIRAGE,XLIFE-1,CLF121H44052469648,CP158,MINISPLIT 1.0 TON,MINISPLIT,Aire Acondicionado,4894
64,Correctivo,ACAPULCO,UNIDAD MEDICO QUIRURGICO IMSS BIENESTAR,MIRAGE,XLIFE-1,CLF121H44052469648,CP158,MINISPLIT 1.0 TON,MINISPLIT,Aire Acondicionado,4895
65,Preventivo,ACAPULCO,UNIDAD MEDICO QUIRURGICO IMSS BIENESTAR,MIRAGE,XLIFE-1,CLF121H44052408229,CP159,MINISPLIT 1.0 TON,MINISPLIT,Aire Acondicionado,4896
66,Correctivo,ACAPULCO,UNIDAD MEDICO QUIRURGICO IMSS BIENESTAR,MIRAGE,XLIFE-1,CLF121H44052408229,CP159,MINISPLIT 1.0 TON,MINISPLIT,Aire Acondicionado,4897
67,Preventivo,ACAPULCO,UNIDAD MEDICO QUIRURGICO IMSS BIENESTAR,MIRAGE,XLIFE-1,CLF121H44052410099,CP160,MINISPLIT 1.0 TON,MINISPLIT,Aire Acondicionado,4898
68,Correctivo,ACAPULCO,UNIDAD MEDICO QUIRURGICO IMSS BIENESTAR,MIRAGE,XLIFE-1,CLF121H44052410099,CP160,MINISPLIT 1.0 TON,MINISPLIT,Aire Acondicionado,4899
69,Preventivo,ACAPULCO,UNIDAD MEDICO QUIRURGICO IMSS BIENESTAR,MIRAGE,XLIFE-1,CLF121H44052416481,CP161,MINISPLIT 1.0 TON,MINISPLIT,Aire Acondicionado,4900
70,Correctivo,ACAPULCO,UNIDAD MEDICO QUIRURGICO IMSS BIENESTAR,MIRAGE,XLIFE-1,CLF121H44052416481,CP161,MINISPLIT 1.0 TON,MINISPLIT,Aire Acondicionado,4901
71,Preventivo,ACAPULCO,UNIDAD MEDICO QUIRURGICO IMSS BIENESTAR,MIRAGE,XLIFE-1,CLF121H44052416295,CP162,MINISPLIT 1.0 TON,MINISPLIT,Aire Acondicionado,4902
72,Correctivo,ACAPULCO,UNIDAD MEDICO QUIRURGICO IMSS BIENESTAR,MIRAGE,XLIFE-1,CLF121H44052416295,CP162,MINISPLIT 1.0 TON,MINISPLIT,Aire Acondicionado,4903
73,Preventivo,ACAPULCO,UNIDAD MEDICO QUIRURGICO IMSS BIENESTAR,MIRAGE,XLIFE-1,CLF121H44052409564,CP163,MINISPLIT 1.0 TON,MINISPLIT,Aire Acondicionado,4904
74,Correctivo,ACAPULCO,UNIDAD MEDICO QUIRURGICO IMSS BIENESTAR,MIRAGE,XLIFE-1,CLF121H44052409564,CP163,MINISPLIT 1.0 TON,MINISPLIT,Aire Acondicionado,4905
75,Preventivo,ACAPULCO,UNIDAD MEDICO QUIRURGICO IMSS BIENESTAR,MIRAGE,XLIFE-1,CLF121H44052416327,CP164,MINISPLIT 1.0 TON,MINISPLIT,Aire Acondicionado,4906
76,Correctivo,ACAPULCO,UNIDAD MEDICO QUIRURGICO IMSS BIENESTAR,MIRAGE,XLIFE-1,CLF121H44052416327,CP164,MINISPLIT 1.0 TON,MINISPLIT,Aire Acondicionado,4907
77,Preventivo,ACAPULCO,UNIDAD MEDICO QUIRURGICO IMSS BIENESTAR,MIRAGE,XLIFE-1,CLF121H44052402771,CP165,MINISPLIT 1.0 TON,MINISPLIT,Aire Acondicionado,4908
78,Correctivo,ACAPULCO,UNIDAD MEDICO QUIRURGICO IMSS BIENESTAR,MIRAGE,XLIFE-1,CLF121H44052402771,CP165,MINISPLIT 1.0 TON,MINISPLIT,Aire Acondicionado,4909
79,Preventivo,ACAPULCO,UNIDAD MEDICO QUIRURGICO IMSS BIENESTAR,MIRAGE,XLIFE-1,CLF121H44052400652,CP166,MINISPLIT 1.0 TON,MINISPLIT,Aire Acondicionado,4910
80,Correctivo,ACAPULCO,UNIDAD MEDICO QUIRURGICO IMSS BIENESTAR,MIRAGE,XLIFE-1,CLF121H44052400652,CP166,MINISPLIT 1.0 TON,MINISPLIT,Aire Acondicionado,4911
81,Preventivo,ACAPULCO,UNIDAD MEDICO QUIRURGICO IMSS BIENESTAR,MIRAGE,XLIFE-1,CLF121H44052436208,CP167,MINISPLIT 1.0 TON,MINISPLIT,Aire Acondicionado,4912
82,Correctivo,ACAPULCO,UNIDAD MEDICO QUIRURGICO IMSS BIENESTAR,MIRAGE,XLIFE-1,CLF121H44052436208,CP167,MINISPLIT 1.0 TON,MINISPLIT,Aire Acondicionado,4913
83,Preventivo,ACAPULCO,UNIDAD MEDICO QUIRURGICO IMSS BIENESTAR,MIRAGE,XLIFE-1,CLF121H44052408047,CP168,MINISPLIT 1.0 TON,MINISPLIT,Aire Acondicionado,4914
84,Correctivo,ACAPULCO,UNIDAD MEDICO QUIRURGICO IMSS BIENESTAR,MIRAGE,XLIFE-1,CLF121H44052408047,CP168,MINISPLIT 1.0 TON,MINISPLIT,Aire Acondicionado,4915
85,Preventivo,ACAPULCO,UNIDAD MEDICO QUIRURGICO IMSS BIENESTAR,MIRAGE,XLIFE-1,CLF121H44062434002,CP169,MINISPLIT 1.0 TON,MINISPLIT,Aire Acondicionado,4916
86,Correctivo,ACAPULCO,UNIDAD MEDICO QUIRURGICO IMSS BIENESTAR,MIRAGE,XLIFE-1,CLF121H44062434002,CP169,MINISPLIT 1.0 TON,MINISPLIT,Aire Acondicionado,4917
87,Preventivo,ACAPULCO,UNIDAD MEDICO QUIRURGICO IMSS BIENESTAR,MIRAGE,XLIFE-1,CLF121H44062439499,CP170,MINISPLIT 1.0 TON,MINISPLIT,Aire Acondicionado,4918
88,Correctivo,ACAPULCO,UNIDAD MEDICO QUIRURGICO IMSS BIENESTAR,MIRAGE,XLIFE-1,CLF121H44062439499,CP170,MINISPLIT 1.0 TON,MINISPLIT,Aire Acondicionado,4919
89,Preventivo,ACAPULCO,UNIDAD MEDICO QUIRURGICO IMSS BIENESTAR,MIRAGE,XLIFE-1,CLF121H44062436715,CP171,MINISPLIT 1.0 TON,MINISPLIT,Aire Acondicionado,4920
90,Correctivo,ACAPULCO,UNIDAD MEDICO QUIRURGICO IMSS BIENESTAR,MIRAGE,XLIFE-1,CLF121H44062436715,CP171,MINISPLIT 1.0 TON,MINISPLIT,Aire Acondicionado,4921
91,Preventivo,ACAPULCO,UNIDAD MEDICO QUIRURGICO IMSS BIENESTAR,MIRAGE,XLIFE-1,CLF121H44052409567,CP172,MINISPLIT 1.0 TON,MINISPLIT,Aire Acondicionado,4922
92,Correctivo,ACAPULCO,UNIDAD MEDICO QUIRURGICO IMSS BIENESTAR,MIRAGE,XLIFE-1,CLF121H44052409567,CP172,MINISPLIT 1.0 TON,MINISPLIT,Aire Acondicionado,4923
93,Preventivo,ACAPULCO,UNIDAD MEDICO QUIRURGICO IMSS BIENESTAR,MIRAGE,XLIFE-1,CLF121H44052408122,CP173,MINISPLIT 1.0 TON,MINISPLIT,Aire Acondicionado,4924
94,Correctivo,ACAPULCO,UNIDAD MEDICO QUIRURGICO IMSS BIENESTAR,MIRAGE,XLIFE-1,CLF121H44052408122,CP173,MINISPLIT 1.0 TON,MINISPLIT,Aire Acondicionado,4925
95,Preventivo,ACAPULCO,UNIDAD MEDICO QUIRURGICO IMSS BIENESTAR,MIRAGE,XLIFE-1,CLF121H44052407366,CP174,MINISPLIT 1.0 TON,MINISPLIT,Aire Acondicionado,4926
96,Correctivo,ACAPULCO,UNIDAD MEDICO QUIRURGICO IMSS BIENESTAR,MIRAGE,XLIFE-1,CLF121H44052407366,CP174,MINISPLIT 1.0 TON,MINISPLIT,Aire Acondicionado,4927
97,Preventivo,ACAPULCO,UNIDAD MEDICO QUIRURGICO IMSS BIENESTAR,MIRAGE,XLIFE-1,CLF121H440524543,CP175,MINISPLIT 1.0 TON,MINISPLIT,Aire Acondicionado,4928
98,Correctivo,ACAPULCO,UNIDAD MEDICO QUIRURGICO IMSS BIENESTAR,MIRAGE,XLIFE-1,CLF121H440524543,CP175,MINISPLIT 1.0 TON,MINISPLIT,Aire Acondicionado,4929
99,Preventivo,ACAPULCO,UNIDAD MEDICO QUIRURGICO IMSS BIENESTAR,MIRAGE,XLIFE-1,CLF121H44052409796,CP176,MINISPLIT 1.0 TON,MINISPLIT,Aire Acondicionado,4930
4931,Preventivo,MONTAÑA,HOSPITAL IMSS BIENESTAR TLAPA,CARRIER,30KAV0700A,240301174,S/N,Chiller 1,CHILLER,Aire Acondicionado,4931
4932,Correctivo,MONTAÑA,HOSPITAL IMSS BIENESTAR TLAPA,CARRIER,30KAV0700A,240301174,S/N,Chiller 1,CHILLER,Aire Acondicionado,4932
4933,Preventivo,MONTAÑA,HOSPITAL IMSS BIENESTAR TLAPA,CARRIER,30KAV0700A,240301172,S/N,Chiller 2,CHILLER,Aire Acondicionado,4933
4934,Correctivo,MONTAÑA,HOSPITAL IMSS BIENESTAR TLAPA,CARRIER,30KAV0700A,240301172,S/N,Chiller 2,CHILLER,Aire Acondicionado,4934
4935,Preventivo,MONTAÑA,HOSPITAL IMSS BIENESTAR TLAPA,CARRIER,30KAV0700A,240301173,S/N,Chiller 3,CHILLER,Aire Acondicionado,4935
4936,Correctivo,MONTAÑA,HOSPITAL IMSS BIENESTAR TLAPA,CARRIER,30KAV0700A,240301173,S/N,Chiller 3,CHILLER,Aire Acondicionado,4936
4937,Preventivo,MONTAÑA,HOSPITAL IMSS BIENESTAR TLAPA,WEG W22,03018ET3EM286TW,10995768801,S/N,Bomba 1 agua helada,BOMBA,Aire Acondicionado,4937
4938,Correctivo,MONTAÑA,HOSPITAL IMSS BIENESTAR TLAPA,WEG W22,03018ET3EM286TW,10995768801,S/N,Bomba 1 agua helada,BOMBA,Aire Acondicionado,4938
4939,Preventivo,MONTAÑA,HOSPITAL IMSS BIENESTAR TLAPA,WEG W22,03018ET3EM286TW,1105617146,S/N,Bomba 2 agua helada,BOMBA,Aire Acondicionado,4939
4940,Correctivo,MONTAÑA,HOSPITAL IMSS BIENESTAR TLAPA,WEG W22,03018ET3EM286TW,1105617146,S/N,Bomba 2 agua helada,BOMBA,Aire Acondicionado,4940
4941,Preventivo,MONTAÑA,HOSPITAL IMSS BIENESTAR TLAPA,WEG W22,03018ET3EM286TW,1104829309,S/N,Bomba 3 agua helada,BOMBA,Aire Acondicionado,4941
4942,Correctivo,MONTAÑA,HOSPITAL IMSS BIENESTAR TLAPA,WEG W22,03018ET3EM286TW,1104829309,S/N,Bomba 3 agua helada,BOMBA,Aire Acondicionado,4942
4943,Preventivo,MONTAÑA,HOSPITAL IMSS BIENESTAR TLAPA,CARRIER,39CQ1115,A24030114391,S/N,UMA 1,UMA,Aire Acondicionado,4943
4944,Correctivo,MONTAÑA,HOSPITAL IMSS BIENESTAR TLAPA,CARRIER,39CQ1115,A24030114391,S/N,UMA 1,UMA,Aire Acondicionado,4944
4945,Preventivo,MONTAÑA,HOSPITAL IMSS BIENESTAR TLAPA,CARRIER,39CQ0913,A24030106421,S/N,UMA 2,UMA,Aire Acondicionado,4945
4946,Correctivo,MONTAÑA,HOSPITAL IMSS BIENESTAR TLAPA,CARRIER,39CQ0913,A24030106421,S/N,UMA 2,UMA,Aire Acondicionado,4946
4947,Preventivo,MONTAÑA,HOSPITAL IMSS BIENESTAR TLAPA,CARRIER,39CQ1217,A24030114394,S/N,UMA 3,UMA,Aire Acondicionado,4947
4948,Correctivo,MONTAÑA,HOSPITAL IMSS BIENESTAR TLAPA,CARRIER,39CQ1217,A24030114394,S/N,UMA 3,UMA,Aire Acondicionado,4948
4949,Preventivo,MONTAÑA,HOSPITAL IMSS BIENESTAR TLAPA,CARRIER,39CQ1217,A24030114397,S/N,UMA 4,UMA,Aire Acondicionado,4949
4950,Correctivo,MONTAÑA,HOSPITAL IMSS BIENESTAR TLAPA,CARRIER,39CQ1217,A24030114397,S/N,UMA 4,UMA,Aire Acondicionado,4950
4951,Preventivo,MONTAÑA,HOSPITAL IMSS BIENESTAR TLAPA,CARRIER,39CQ1015,A24030106423,S/N,UMA 5,UMA,Aire Acondicionado,4951
4952,Correctivo,MONTAÑA,HOSPITAL IMSS BIENESTAR TLAPA,CARRIER,39CQ1015,A24030106423,S/N,UMA 5,UMA,Aire Acondicionado,4952
4953,Preventivo,MONTAÑA,HOSPITAL IMSS BIENESTAR TLAPA,CARRIER,39CQ1117,A24030114455,S/N,UMA 6,UMA,Aire Acondicionado,4953
4954,Correctivo,MONTAÑA,HOSPITAL IMSS BIENESTAR TLAPA,CARRIER,39CQ1117,A24030114455,S/N,UMA 6,UMA,Aire Acondicionado,4954
4955,Preventivo,MONTAÑA,HOSPITAL IMSS BIENESTAR TLAPA,CARRIER,39CQ0913,A24030114458,S/N,UMA 7,UMA,Aire Acondicionado,4955
4956,Correctivo,MONTAÑA,HOSPITAL IMSS BIENESTAR TLAPA,CARRIER,39CQ0913,A24030114458,S/N,UMA 7,UMA,Aire Acondicionado,4956
4957,Preventivo,MONTAÑA,HOSPITAL IMSS BIENESTAR TLAPA,CARRIER,39CQ1115,A24030114460,S/N,UMA 8,UMA,Aire Acondicionado,4957
4958,Correctivo,MONTAÑA,HOSPITAL IMSS BIENESTAR TLAPA,CARRIER,39CQ1115,A24030114460,S/N,UMA 8,UMA,Aire Acondicionado,4958
4959,Preventivo,MONTAÑA,HOSPITAL IMSS BIENESTAR TLAPA,CARRIER,39CQ0914,A24030114463,S/N,UMA 9,UMA,Aire Acondicionado,4959
4960,Correctivo,MONTAÑA,HOSPITAL IMSS BIENESTAR TLAPA,CARRIER,39CQ0914,A24030114463,S/N,UMA 9,UMA,Aire Acondicionado,4960
4961,Preventivo,MONTAÑA,HOSPITAL IMSS BIENESTAR TLAPA,CARRIER,39CQ1317,A24030114465,S/N,UMA 10,UMA,Aire Acondicionado,4961
4962,Correctivo,MONTAÑA,HOSPITAL IMSS BIENESTAR TLAPA,CARRIER,39CQ1317,A24030114465,S/N,UMA 10,UMA,Aire Acondicionado,4962
4963,Preventivo,MONTAÑA,HOSPITAL IMSS BIENESTAR TLAPA,CARRIER,39CQ1015,A24030114468,S/N,UMA 11,UMA,Aire Acondicionado,4963
4964,Correctivo,MONTAÑA,HOSPITAL IMSS BIENESTAR TLAPA,CARRIER,39CQ1015,A24030114468,S/N,UMA 11,UMA,Aire Acondicionado,4964
4965,Preventivo,MONTAÑA,HOSPITAL IMSS BIENESTAR TLAPA,CARRIER,39CQ1017,A24030114471,S/N,UMA 12,UMA,Aire Acondicionado,4965
4966,Correctivo,MONTAÑA,HOSPITAL IMSS BIENESTAR TLAPA,CARRIER,39CQ1017,A24030114471,S/N,UMA 12,UMA,Aire Acondicionado,4966
4967,Preventivo,MONTAÑA,HOSPITAL IMSS BIENESTAR TLAPA,CARRIER,39CQ0711,A24030114400,S/N,UMA 13,UMA,Aire Acondicionado,4967
4968,Correctivo,MONTAÑA,HOSPITAL IMSS BIENESTAR TLAPA,CARRIER,39CQ0711,A24030114400,S/N,UMA 13,UMA,Aire Acondicionado,4968
4969,Preventivo,MONTAÑA,HOSPITAL IMSS BIENESTAR TLAPA,CARRIER,39CQ711,A24030114474,S/N,UMA 14,UMA,Aire Acondicionado,4969
4970,Correctivo,MONTAÑA,HOSPITAL IMSS BIENESTAR TLAPA,CARRIER,39CQ711,A24030114474,S/N,UMA 14,UMA,Aire Acondicionado,4970
4971,Preventivo,MONTAÑA,HOSPITAL IMSS BIENESTAR TLAPA,CARRIER,39CQ1317,A24030114403,S/N,UMA 15,UMA,Aire Acondicionado,4971
4972,Correctivo,MONTAÑA,HOSPITAL IMSS BIENESTAR TLAPA,CARRIER,39CQ1317,A24030114403,S/N,UMA 15,UMA,Aire Acondicionado,4972
4973,Preventivo,MONTAÑA,HOSPITAL IMSS BIENESTAR TLAPA,CARRIER,39CQ0711,A2403114476,S/N,UMA 16,UMA,Aire Acondicionado,4973
4974,Correctivo,MONTAÑA,HOSPITAL IMSS BIENESTAR TLAPA,CARRIER,39CQ0711,A2403114476,S/N,UMA 16,UMA,Aire Acondicionado,4974
4975,Preventivo,MONTAÑA,HOSPITAL IMSS BIENESTAR TLAPA,CARRIER,39CQ1015,A24030114406,S/N,UMA 17,UMA,Aire Acondicionado,4975
4976,Correctivo,MONTAÑA,HOSPITAL IMSS BIENESTAR TLAPA,CARRIER,39CQ1015,A24030114406,S/N,UMA 17,UMA,Aire Acondicionado,4976
4977,Preventivo,MONTAÑA,HOSPITAL IMSS BIENESTAR TLAPA,CARRIER,39CQ0913,A24030114479,S/N,UMA 18,UMA,Aire Acondicionado,4977
4978,Correctivo,MONTAÑA,HOSPITAL IMSS BIENESTAR TLAPA,CARRIER,39CQ0913,A24030114479,S/N,UMA 18,UMA,Aire Acondicionado,4978
4979,Preventivo,MONTAÑA,HOSPITAL IMSS BIENESTAR TLAPA,CARRIER,39CQ1117,A24030114483,S/N,UMA 19,UMA,Aire Acondicionado,4979
4980,Correctivo,MONTAÑA,HOSPITAL IMSS BIENESTAR TLAPA,CARRIER,39CQ1117,A24030114483,S/N,UMA 19,UMA,Aire Acondicionado,4980
4981,Preventivo,MONTAÑA,HOSPITAL IMSS BIENESTAR TLAPA,CARRIER,39CQ1217,A24030114409,S/N,UMA 20,UMA,Aire Acondicionado,4981
4982,Correctivo,MONTAÑA,HOSPITAL IMSS BIENESTAR TLAPA,CARRIER,39CQ1217,A24030114409,S/N,UMA 20,UMA,Aire Acondicionado,4982
4983,Preventivo,MONTAÑA,HOSPITAL IMSS BIENESTAR TLAPA,CARRIER,39CQ1217,A24030114413,S/N,UMA 21,UMA,Aire Acondicionado,4983
4984,Correctivo,MONTAÑA,HOSPITAL IMSS BIENESTAR TLAPA,CARRIER,39CQ1217,A24030114413,S/N,UMA 21,UMA,Aire Acondicionado,4984
4985,Preventivo,MONTAÑA,HOSPITAL IMSS BIENESTAR TLAPA,CARRIER,39CQ0912,A24030114416,S/N,UMA 22,UMA,Aire Acondicionado,4985
4986,Correctivo,MONTAÑA,HOSPITAL IMSS BIENESTAR TLAPA,CARRIER,39CQ0912,A24030114416,S/N,UMA 22,UMA,Aire Acondicionado,4986
4987,Preventivo,MONTAÑA,HOSPITAL IMSS BIENESTAR TLAPA,CARRIER,39CQ0913,A24030114486,S/N,UMA 23,UMA,Aire Acondicionado,4987
4988,Correctivo,MONTAÑA,HOSPITAL IMSS BIENESTAR TLAPA,CARRIER,39CQ0913,A24030114486,S/N,UMA 23,UMA,Aire Acondicionado,4988
4989,Preventivo,MONTAÑA,HOSPITAL IMSS BIENESTAR TLAPA,CARRIER,39CQ0711,A24030114418,S/N,UMA 24,UMA,Aire Acondicionado,4989
4990,Correctivo,MONTAÑA,HOSPITAL IMSS BIENESTAR TLAPA,CARRIER,39CQ0711,A24030114418,S/N,UMA 24,UMA,Aire Acondicionado,4990
4991,Preventivo,MONTAÑA,HOSPITAL IMSS BIENESTAR TLAPA,CARRIER,39CQ0610,A24030114422,S/N,UMA 25,UMA,Aire Acondicionado,4991
4992,Correctivo,MONTAÑA,HOSPITAL IMSS BIENESTAR TLAPA,CARRIER,39CQ0610,A24030114422,S/N,UMA 25,UMA,Aire Acondicionado,4992
4993,Preventivo,MONTAÑA,HOSPITAL IMSS BIENESTAR TLAPA,CARRIER,39CQ1317,A24030114425,S/N,UMA 26,UMA,Aire Acondicionado,4993
4994,Correctivo,MONTAÑA,HOSPITAL IMSS BIENESTAR TLAPA,CARRIER,39CQ1317,A24030114425,S/N,UMA 26,UMA,Aire Acondicionado,4994
4995,Preventivo,MONTAÑA,HOSPITAL IMSS BIENESTAR TLAPA,CARRIER,39CQ0711,A240330114488,S/N,UMA 27,UMA,Aire Acondicionado,4995
4996,Correctivo,MONTAÑA,HOSPITAL IMSS BIENESTAR TLAPA,CARRIER,39CQ0711,A240330114488,S/N,UMA 27,UMA,Aire Acondicionado,4996
4997,Preventivo,MONTAÑA,HOSPITAL IMSS BIENESTAR TLAPA,CARRIER,39CQ1420,A24030114428,S/N,UMA 28,UMA,Aire Acondicionado,4997
4998,Correctivo,MONTAÑA,HOSPITAL IMSS BIENESTAR TLAPA,CARRIER,39CQ1420,A24030114428,S/N,UMA 28,UMA,Aire Acondicionado,4998
4999,Preventivo,MONTAÑA,HOSPITAL IMSS BIENESTAR TLAPA,CARRIER,39CQ1318,A24030114432,S/N,UMA 29,UMA,Aire Acondicionado,4999
5000,Correctivo,MONTAÑA,HOSPITAL IMSS BIENESTAR TLAPA,CARRIER,39CQ1318,A24030114432,S/N,UMA 29,UMA,Aire Acondicionado,5000
5001,Preventivo,MONTAÑA,HOSPITAL IMSS BIENESTAR TLAPA,CARRIER,39CQ1117,A24030114492,S/N,UMA 30,UMA,Aire Acondicionado,5001
5002,Correctivo,MONTAÑA,HOSPITAL IMSS BIENESTAR TLAPA,CARRIER,39CQ1117,A24030114492,S/N,UMA 30,UMA,Aire Acondicionado,5002
5003,Preventivo,MONTAÑA,HOSPITAL IMSS BIENESTAR TLAPA,CARRIER,39CQ1015,A24030114435,S/N,UMA 31,UMA,Aire Acondicionado,5003
5004,Correctivo,MONTAÑA,HOSPITAL IMSS BIENESTAR TLAPA,CARRIER,39CQ1015,A24030114435,S/N,UMA 31,UMA,Aire Acondicionado,5004
5005,Preventivo,MONTAÑA,HOSPITAL IMSS BIENESTAR TLAPA,CARRIER,39CQ1217,A24030114495,S/N,UMA 32,UMA,Aire Acondicionado,5005
5006,Correctivo,MONTAÑA,HOSPITAL IMSS BIENESTAR TLAPA,CARRIER,39CQ1217,A24030114495,S/N,UMA 32,UMA,Aire Acondicionado,5006
5007,Preventivo,MONTAÑA,HOSPITAL IMSS BIENESTAR TLAPA,CARRIER,39CQ1418,A24030114498,S/N,UMA 33,UMA,Aire Acondicionado,5007
5008,Correctivo,MONTAÑA,HOSPITAL IMSS BIENESTAR TLAPA,CARRIER,39CQ1418,A24030114498,S/N,UMA 33,UMA,Aire Acondicionado,5008
5009,Preventivo,MONTAÑA,HOSPITAL IMSS BIENESTAR TLAPA,CARRIER,39CQ1115,A24030106425,S/N,UMA 34,UMA,Aire Acondicionado,5009
5010,Correctivo,MONTAÑA,HOSPITAL IMSS BIENESTAR TLAPA,CARRIER,39CQ1115,A24030106425,S/N,UMA 34,UMA,Aire Acondicionado,5010
5011,Preventivo,MONTAÑA,HOSPITAL IMSS BIENESTAR TLAPA,CARRIER,39CQ0912,A2403114438,S/N,UMA 35,UMA,Aire Acondicionado,5011
5012,Correctivo,MONTAÑA,HOSPITAL IMSS BIENESTAR TLAPA,CARRIER,39CQ0912,A2403114438,S/N,UMA 35,UMA,Aire Acondicionado,5012
5063,Preventivo,NORTE,UNIDAD DE SALUD IMSS-BIENESTAR COPALILLO,FREY VEN GREEM,40FVC123A-3,1J422NL400ZL400104,1,MINISPLIT,MINISPLIT,Aire Acondicionado,5013
5064,Correctivo,NORTE,UNIDAD DE SALUD IMSS-BIENESTAR COPALILLO,FREY VEN GREEM,40FVC123A-3,1J422NL400ZL400104,1,MINISPLIT,MINISPLIT,Aire Acondicionado,5014
5065,Preventivo,NORTE,UNIDAD DE SALUD IMSS-BIENESTAR COPALILLO,MIRAGE,ELF121T,ELF121T7042318128,1,MINISPLIT,MINISPLIT,Aire Acondicionado,5015
5066,Correctivo,NORTE,UNIDAD DE SALUD IMSS-BIENESTAR COPALILLO,MIRAGE,ELF121T,ELF121T7042318128,1,MINISPLIT,MINISPLIT,Aire Acondicionado,5016
5067,Preventivo,NORTE,UNIDAD DE SALUD IMSS-BIENESTAR COPALILLO,MIDEA,MAS24C2FVR,54122000F103C110170215,1,MINISPLIT,MINISPLIT,Aire Acondicionado,5017
5068,Correctivo,NORTE,UNIDAD DE SALUD IMSS-BIENESTAR COPALILLO,MIDEA,MAS24C2FVR,54122000F103C110170215,1,MINISPLIT,MINISPLIT,Aire Acondicionado,5018
5069,Preventivo,NORTE,UNIDAD DE SALUD IMSS-BIENESTAR COPALILLO,MIRAGE,ELF121D,ELF121D7112202060,1,MINISPLIT,MINISPLIT,Aire Acondicionado,5019
5070,Correctivo,NORTE,UNIDAD DE SALUD IMSS-BIENESTAR COPALILLO,MIRAGE,ELF121D,ELF121D7112202060,1,MINISPLIT,MINISPLIT,Aire Acondicionado,5020
5071,Preventivo,NORTE,UNIDAD DE SALUD IMSS-BIENESTAR COPALILLO,MIRAGE,ELF121D,ELF121D7112202064,1,MINISPLIT,MINISPLIT,Aire Acondicionado,5021
5072,Correctivo,NORTE,UNIDAD DE SALUD IMSS-BIENESTAR COPALILLO,MIRAGE,ELF121D,ELF121D7112202064,1,MINISPLIT,MINISPLIT,Aire Acondicionado,5022
5073,Preventivo,NORTE,UNIDAD DE SALUD IMSS-BIENESTAR COPALILLO,MIRAGE,ELF121D,ELF121D7112201937,1,MINISPLIT,MINISPLIT,Aire Acondicionado,5023
5074,Correctivo,NORTE,UNIDAD DE SALUD IMSS-BIENESTAR COPALILLO,MIRAGE,ELF121D,ELF121D7112201937,1,MINISPLIT,MINISPLIT,Aire Acondicionado,5024
5075,Preventivo,NORTE,UNIDAD DE SALUD IMSS-BIENESTAR COPALILLO,MIRAGE,ELF120H,ELF120H44062433374,1,MINISPLIT,MINISPLIT,Aire Acondicionado,5025
5076,Correctivo,NORTE,UNIDAD DE SALUD IMSS-BIENESTAR COPALILLO,MIRAGE,ELF120H,ELF120H44062433374,1,MINISPLIT,MINISPLIT,Aire Acondicionado,5026
5077,Preventivo,NORTE,UNIDAD DE SALUD IMSS-BIENESTAR COPALILLO,MIRAGE,ELF121T,ELF121T7042317928,1,MINISPLIT,MINISPLIT,Aire Acondicionado,5027
5078,Correctivo,NORTE,UNIDAD DE SALUD IMSS-BIENESTAR COPALILLO,MIRAGE,ELF121T,ELF121T7042317928,1,MINISPLIT,MINISPLIT,Aire Acondicionado,5028
5079,Preventivo,NORTE,UNIDAD DE SALUD IMSS-BIENESTAR COPALILLO,MIRAGE,ELF121H,ELF121H440524066294,1,MINISPLIT,MINISPLIT,Aire Acondicionado,5029
5080,Correctivo,NORTE,UNIDAD DE SALUD IMSS-BIENESTAR COPALILLO,MIRAGE,ELF121H,ELF121H440524066294,1,MINISPLIT,MINISPLIT,Aire Acondicionado,5030
5081,Preventivo,NORTE,UNIDAD DE SALUD IMSS-BIENESTAR COPALILLO,FREY VEN GREEM,40FVC123A-E,638574NGF}{ÑR,1,MINISPLIT,MINISPLIT,Aire Acondicionado,5031
5082,Correctivo,NORTE,UNIDAD DE SALUD IMSS-BIENESTAR COPALILLO,FREY VEN GREEM,40FVC123A-E,638574NGF}{ÑR,1,MINISPLIT,MINISPLIT,Aire Acondicionado,5032
5083,Preventivo,NORTE,UNIDAD DE SALUD IMSS-BIENESTAR COPALILLO,MIRAGE,ELF120H,ELF120H44062433367,1,MINISPLIT,MINISPLIT,Aire Acondicionado,5033
5084,Correctivo,NORTE,UNIDAD DE SALUD IMSS-BIENESTAR COPALILLO,MIRAGE,ELF120H,ELF120H44062433367,1,MINISPLIT,MINISPLIT,Aire Acondicionado,5034
5085,Preventivo,NORTE,UNIDAD DE SALUD IMSS-BIENESTAR COPALILLO,MIDEA,MAS24C2FVR,54122000A2024160170297,1,MINISPLIT,MINISPLIT,Aire Acondicionado,5035
5086,Correctivo,NORTE,UNIDAD DE SALUD IMSS-BIENESTAR COPALILLO,MIDEA,MAS24C2FVR,54122000A2024160170297,1,MINISPLIT,MINISPLIT,Aire Acondicionado,5036
5087,Preventivo,NORTE,UNIDAD DE SALUD IMSS-BIENESTAR COPALILLO,MIRAGE,ELF121T,ELF121T7042319365,1,MINISPLIT,MINISPLIT,Aire Acondicionado,5037
5088,Correctivo,NORTE,UNIDAD DE SALUD IMSS-BIENESTAR COPALILLO,MIRAGE,ELF121T,ELF121T7042319365,1,MINISPLIT,MINISPLIT,Aire Acondicionado,5038
5089,Preventivo,NORTE,UNIDAD DE SALUD IMSS-BIENESTAR COPALILLO,MIRAGE,ELF121H,ELF121H44052409557,1,MINISPLIT,MINISPLIT,Aire Acondicionado,5039
5090,Correctivo,NORTE,UNIDAD DE SALUD IMSS-BIENESTAR COPALILLO,MIRAGE,ELF121H,ELF121H44052409557,1,MINISPLIT,MINISPLIT,Aire Acondicionado,5040
5091,Preventivo,NORTE,UNIDAD DE SALUD IMSS-BIENESTAR COPALILLO,MIRAGE,ELF120H,ELF121H44062433251,1,MINISPLIT,MINISPLIT,Aire Acondicionado,5041
5092,Correctivo,NORTE,UNIDAD DE SALUD IMSS-BIENESTAR COPALILLO,MIRAGE,ELF120H,ELF121H44062433251,1,MINISPLIT,MINISPLIT,Aire Acondicionado,5042
5093,Preventivo,NORTE,UNIDAD DE SALUD IMSS-BIENESTAR COPALILLO,FREY VEN GREEM,40FVC123A-E,DGFSS564,1,MINISPLIT,MINISPLIT,Aire Acondicionado,5043
5094,Correctivo,NORTE,UNIDAD DE SALUD IMSS-BIENESTAR COPALILLO,FREY VEN GREEM,40FVC123A-E,DGFSS564,1,MINISPLIT,MINISPLIT,Aire Acondicionado,5044
5095,Preventivo,NORTE,UNIDAD DE SALUD IMSS-BIENESTAR COPALILLO,MIRAGE,ELF120H,ELF120H44042403565,1,MINISPLIT,MINISPLIT,Aire Acondicionado,5045
5096,Correctivo,NORTE,UNIDAD DE SALUD IMSS-BIENESTAR COPALILLO,MIRAGE,ELF120H,ELF120H44042403565,1,MINISPLIT,MINISPLIT,Aire Acondicionado,5046
5097,Preventivo,NORTE,UNIDAD DE SALUD IMSS-BIENESTAR COPALILLO,BORRADA,NC180C00D6AAA2,N1C8602961,1,MINISPLIT,MINISPLIT,Aire Acondicionado,5047
5098,Correctivo,NORTE,UNIDAD DE SALUD IMSS-BIENESTAR COPALILLO,BORRADA,NC180C00D6AAA2,N1C8602961,1,MINISPLIT,MINISPLIT,Aire Acondicionado,5048
5099,Preventivo,NORTE,UNIDAD DE SALUD IMSS-BIENESTAR COPALILLO,MABE,MCL2040PSBB0,RSG634WRE4,1,MINISPLIT,MINISPLIT,Aire Acondicionado,5049
5100,Correctivo,NORTE,UNIDAD DE SALUD IMSS-BIENESTAR COPALILLO,MABE,MCL2040PSBB0,RSG634WRE4,1,MINISPLIT,MINISPLIT,Aire Acondicionado,5050
5101,Preventivo,NORTE,UNIDAD DE SALUD IMSS-BIENESTAR COPALILLO,SAMSUNG,RT29K500JS8,54RG46WEF6,1,MINISPLIT,MINISPLIT,Aire Acondicionado,5051
5102,Correctivo,NORTE,UNIDAD DE SALUD IMSS-BIENESTAR COPALILLO,SAMSUNG,RT29K500JS8,54RG46WEF6,1,MINISPLIT,MINISPLIT,Aire Acondicionado,5052
5103,Preventivo,NORTE,UNIDAD DE SALUD IMSS-BIENESTAR COPALILLO,SYP,5CM14000000000,654SEWD4,1,MINISPLIT,MINISPLIT,Aire Acondicionado,5053
5104,Correctivo,NORTE,UNIDAD DE SALUD IMSS-BIENESTAR COPALILLO,SYP,5CM14000000000,654SEWD4,1,MINISPLIT,MINISPLIT,Aire Acondicionado,5054
5105,Preventivo,NORTE,UNIDAD DE SALUD IMSS-BIENESTAR COPALILLO,ALTAMIRA,TASA2 31230H-S,EO563HJTF,1,MINISPLIT,MINISPLIT,Aire Acondicionado,5055
5106,Correctivo,NORTE,UNIDAD DE SALUD IMSS-BIENESTAR COPALILLO,ALTAMIRA,TASA2 31230H-S,EO563HJTF,1,MINISPLIT,MINISPLIT,Aire Acondicionado,5056
5107,Preventivo,NORTE,UNIDAD DE SALUD IMSS-BIENESTAR COPALILLO,LEROY- SONER,TALO44CJ6\4,35517577,1,MINISPLIT,MINISPLIT,Aire Acondicionado,5057
5108,Correctivo,NORTE,UNIDAD DE SALUD IMSS-BIENESTAR COPALILLO,LEROY- SONER,TALO44CJ6\4,35517577,1,MINISPLIT,MINISPLIT,Aire Acondicionado,5058
5109,Preventivo,NORTE,UNIDAD DE SALUD IMSS-BIENESTAR COPALILLO,BORRADA,SN,NO SE VE,1,MINISPLIT,MINISPLIT,Aire Acondicionado,5059
5110,Correctivo,NORTE,UNIDAD DE SALUD IMSS-BIENESTAR COPALILLO,BORRADA,SN,NO SE VE,1,MINISPLIT,MINISPLIT,Aire Acondicionado,5060
5013,Preventivo,NORTE,UNIDAD DE SALUD IMSS-BIENESTAR COCULA,YORK,AD-8468F,KJEFC35134,NO CONTAMOS CON BITACORA,UNIDAD PAQUETE 5.5 TON,PAQUETE,Aire Acondicionado,5061
5014,Correctivo,NORTE,UNIDAD DE SALUD IMSS-BIENESTAR COCULA,YORK,AD-8468F,KJEFC35134,NO CONTAMOS CON BITACORA,UNIDAD PAQUETE 5.5 TON,PAQUETE,Aire Acondicionado,5062
5015,Preventivo,NORTE,UNIDAD DE SALUD IMSS-BIENESTAR COCULA,YORK,AD-8468F,KLME354354,NO CONTAMOS CON BITACORA,MINISPLIT 1.5 TON,MINISPLIT,Aire Acondicionado,5063
5016,Correctivo,NORTE,UNIDAD DE SALUD IMSS-BIENESTAR COCULA,YORK,AD-8468F,KLME354354,NO CONTAMOS CON BITACORA,MINISPLIT 1.5 TON,MINISPLIT,Aire Acondicionado,5064
5017,Preventivo,NORTE,UNIDAD DE SALUD IMSS-BIENESTAR COCULA,YORK,AD-8468F,ÑLJEF354,NO CONTAMOS CON BITACORA,MINISPLIT 1.5 TON,MINISPLIT,Aire Acondicionado,5065
5018,Correctivo,NORTE,UNIDAD DE SALUD IMSS-BIENESTAR COCULA,YORK,AD-8468F,ÑLJEF354,NO CONTAMOS CON BITACORA,MINISPLIT 1.5 TON,MINISPLIT,Aire Acondicionado,5066
5019,Preventivo,NORTE,UNIDAD DE SALUD IMSS-BIENESTAR COCULA,MIRAGE,SYK-3541,LKJEF351AE,NO CONTAMOS CON BITACORA,MINISPLIT 1.5 TON,MINISPLIT,Aire Acondicionado,5067
5020,Correctivo,NORTE,UNIDAD DE SALUD IMSS-BIENESTAR COCULA,MIRAGE,SYK-3541,LKJEF351AE,NO CONTAMOS CON BITACORA,MINISPLIT 1.5 TON,MINISPLIT,Aire Acondicionado,5068
5021,Preventivo,NORTE,UNIDAD DE SALUD IMSS-BIENESTAR COCULA,MIRAGE,SYK-3541,.LMFSF3541,NO CONTAMOS CON BITACORA,MINISPLIT 1.5 TON,MINISPLIT,Aire Acondicionado,5069
5022,Correctivo,NORTE,UNIDAD DE SALUD IMSS-BIENESTAR COCULA,MIRAGE,SYK-3541,.LMFSF3541,NO CONTAMOS CON BITACORA,MINISPLIT 1.5 TON,MINISPLIT,Aire Acondicionado,5070
5023,Preventivo,NORTE,UNIDAD DE SALUD IMSS-BIENESTAR COCULA,MIRAGE,SYK-3541,KNASC52115,NO CONTAMOS CON BITACORA,MINISPLIT 1.5 TON,MINISPLIT,Aire Acondicionado,5071
5024,Correctivo,NORTE,UNIDAD DE SALUD IMSS-BIENESTAR COCULA,MIRAGE,SYK-3541,KNASC52115,NO CONTAMOS CON BITACORA,MINISPLIT 1.5 TON,MINISPLIT,Aire Acondicionado,5072
5025,Preventivo,NORTE,UNIDAD DE SALUD IMSS-BIENESTAR COCULA,CARRIER,38PRQ183A-C,3405418850983090000000,NO CONTAMOS CON BITACORA,MINISPLIT 1.5 TON,MINISPLIT,Aire Acondicionado,5073
5026,Correctivo,NORTE,UNIDAD DE SALUD IMSS-BIENESTAR COCULA,CARRIER,38PRQ183A-C,3405418850983090000000,NO CONTAMOS CON BITACORA,MINISPLIT 1.5 TON,MINISPLIT,Aire Acondicionado,5074
5027,Preventivo,NORTE,UNIDAD DE SALUD IMSS-BIENESTAR COCULA,CARRIER,38PRC123A-C,3405565226801850000000000,NO CONTAMOS CON BITACORA,MINISPLIT 1.5 TON,MINISPLIT,Aire Acondicionado,5075
5028,Correctivo,NORTE,UNIDAD DE SALUD IMSS-BIENESTAR COCULA,CARRIER,38PRC123A-C,3405565226801850000000000,NO CONTAMOS CON BITACORA,MINISPLIT 1.5 TON,MINISPLIT,Aire Acondicionado,5076
5029,Preventivo,NORTE,UNIDAD DE SALUD IMSS-BIENESTAR COCULA,CARRIER,38PRC163A-C,3459564567816780000000000,NO CONTAMOS CON BITACORA,MINISPLIT 1.5 TON,MINISPLIT,Aire Acondicionado,5077
5030,Correctivo,NORTE,UNIDAD DE SALUD IMSS-BIENESTAR COCULA,CARRIER,38PRC163A-C,3459564567816780000000000,NO CONTAMOS CON BITACORA,MINISPLIT 1.5 TON,MINISPLIT,Aire Acondicionado,5078
5031,Preventivo,NORTE,UNIDAD DE SALUD IMSS-BIENESTAR COCULA,CARRIER,38PRQ18A-C,3405652681085140000000,NO CONTAMOS CON BITACORA,MINISPLIT 1.5 TON,MINISPLIT,Aire Acondicionado,5079
5032,Correctivo,NORTE,UNIDAD DE SALUD IMSS-BIENESTAR COCULA,CARRIER,38PRQ18A-C,3405652681085140000000,NO CONTAMOS CON BITACORA,MINISPLIT 1.5 TON,MINISPLIT,Aire Acondicionado,5080
5033,Preventivo,NORTE,UNIDAD DE SALUD IMSS-BIENESTAR COCULA,CARRIER,38PRQ18AC-C,34565268108514000000,NO CONTAMOS CON BITACORA,MINISPLIT 1.5 TON,MINISPLIT,Aire Acondicionado,5081
5034,Correctivo,NORTE,UNIDAD DE SALUD IMSS-BIENESTAR COCULA,CARRIER,38PRQ18AC-C,34565268108514000000,NO CONTAMOS CON BITACORA,MINISPLIT 1.5 TON,MINISPLIT,Aire Acondicionado,5082
5035,Preventivo,NORTE,UNIDAD DE SALUD IMSS-BIENESTAR COCULA,CARRIER,38PRC123A-C,34055662801514000000000,NO CONTAMOS CON BITACORA,MINISPLIT 1.5 TON,MINISPLIT,Aire Acondicionado,5083
5036,Correctivo,NORTE,UNIDAD DE SALUD IMSS-BIENESTAR COCULA,CARRIER,38PRC123A-C,34055662801514000000000,NO CONTAMOS CON BITACORA,MINISPLIT 1.5 TON,MINISPLIT,Aire Acondicionado,5084
5037,Preventivo,NORTE,UNIDAD DE SALUD IMSS-BIENESTAR COCULA,CARRIER,38PRQ183A-C,34056526810851400000000,NO CONTAMOS CON BITACORA,MINISPLIT 1.5 TON,MINISPLIT,Aire Acondicionado,5085
5038,Correctivo,NORTE,UNIDAD DE SALUD IMSS-BIENESTAR COCULA,CARRIER,38PRQ183A-C,34056526810851400000000,NO CONTAMOS CON BITACORA,MINISPLIT 1.5 TON,MINISPLIT,Aire Acondicionado,5086
5039,Preventivo,NORTE,UNIDAD DE SALUD IMSS-BIENESTAR COCULA,CARRIER,38PRQ17AB-C,34675667098743000000,NO CONTAMOS CON BITACORA,MINISPLIT 1.5 TON,MINISPLIT,Aire Acondicionado,5087
5040,Correctivo,NORTE,UNIDAD DE SALUD IMSS-BIENESTAR COCULA,CARRIER,38PRQ17AB-C,34675667098743000000,NO CONTAMOS CON BITACORA,MINISPLIT 1.5 TON,MINISPLIT,Aire Acondicionado,5088
5041,Preventivo,NORTE,UNIDAD DE SALUD IMSS-BIENESTAR COCULA,DAEWOO,EBDIC15D,SIN,NO CONTAMOS CON BITACORA,MINISPLIT 1.5 TON,MINISPLIT,Aire Acondicionado,5089
5042,Correctivo,NORTE,UNIDAD DE SALUD IMSS-BIENESTAR COCULA,DAEWOO,EBDIC15D,SIN,NO CONTAMOS CON BITACORA,MINISPLIT 1.5 TON,MINISPLIT,Aire Acondicionado,5090
5043,Preventivo,NORTE,UNIDAD DE SALUD IMSS-BIENESTAR COCULA,DAEWOO,EBDIC152D,SIN,NO CONTAMOS CON BITACORA,MINISPLIT 1.5 TON,MINISPLIT,Aire Acondicionado,5091
5044,Correctivo,NORTE,UNIDAD DE SALUD IMSS-BIENESTAR COCULA,DAEWOO,EBDIC152D,SIN,NO CONTAMOS CON BITACORA,MINISPLIT 1.5 TON,MINISPLIT,Aire Acondicionado,5092
5045,Preventivo,NORTE,UNIDAD DE SALUD IMSS-BIENESTAR COCULA,CARRIER,38PRQ1814W-C,34876787676500000000,NO CONTAMOS CON BITACORA,MINISPLIT 1.5 TON,MINISPLIT,Aire Acondicionado,5093
5046,Correctivo,NORTE,UNIDAD DE SALUD IMSS-BIENESTAR COCULA,CARRIER,38PRQ1814W-C,34876787676500000000,NO CONTAMOS CON BITACORA,MINISPLIT 1.5 TON,MINISPLIT,Aire Acondicionado,5094
5047,Preventivo,NORTE,UNIDAD DE SALUD IMSS-BIENESTAR COCULA,MIRAGE,EXF120D,SIN,NO CONTAMOS CON BITACORA,MINISPLIT 1.5 TON,MINISPLIT,Aire Acondicionado,5095
5048,Correctivo,NORTE,UNIDAD DE SALUD IMSS-BIENESTAR COCULA,MIRAGE,EXF120D,SIN,NO CONTAMOS CON BITACORA,MINISPLIT 1.5 TON,MINISPLIT,Aire Acondicionado,5096
5049,Preventivo,NORTE,UNIDAD DE SALUD IMSS-BIENESTAR COCULA,DEVENTUS,IVX9M12OF001,SN,NO CONTAMOS CON BITACORA,MINISPLIT 1.5 TON,MINISPLIT,Aire Acondicionado,5097
5050,Correctivo,NORTE,UNIDAD DE SALUD IMSS-BIENESTAR COCULA,DEVENTUS,IVX9M12OF001,SN,NO CONTAMOS CON BITACORA,MINISPLIT 1.5 TON,MINISPLIT,Aire Acondicionado,5098
5051,Preventivo,NORTE,UNIDAD DE SALUD IMSS-BIENESTAR COCULA,DAEWOO,EBDIC152D,SN,NO CONTAMOS CON BITACORA,MINISPLIT 1.5 TON,MINISPLIT,Aire Acondicionado,5099
5052,Correctivo,NORTE,UNIDAD DE SALUD IMSS-BIENESTAR COCULA,DAEWOO,EBDIC152D,SN,NO CONTAMOS CON BITACORA,MINISPLIT 1.5 TON,MINISPLIT,Aire Acondicionado,5100
5053,Preventivo,NORTE,UNIDAD DE SALUD IMSS-BIENESTAR COCULA,MIRAGE,EX5612-D,SN,NO CONTAMOS CON BITACORA,MINISPLIT 1.5 TON,MINISPLIT,Aire Acondicionado,5101
5054,Correctivo,NORTE,UNIDAD DE SALUD IMSS-BIENESTAR COCULA,MIRAGE,EX5612-D,SN,NO CONTAMOS CON BITACORA,MINISPLIT 1.5 TON,MINISPLIT,Aire Acondicionado,5102
5055,Preventivo,NORTE,UNIDAD DE SALUD IMSS-BIENESTAR COCULA,CARRIER,40PCRC123-C,34056526187654000,NO CONTAMOS CON BITACORA,MINISPLIT 1.5 TON,MINISPLIT,Aire Acondicionado,5103
5056,Correctivo,NORTE,UNIDAD DE SALUD IMSS-BIENESTAR COCULA,CARRIER,40PCRC123-C,34056526187654000,NO CONTAMOS CON BITACORA,MINISPLIT 1.5 TON,MINISPLIT,Aire Acondicionado,5104
5057,Preventivo,NORTE,UNIDAD DE SALUD IMSS-BIENESTAR COCULA,DAEWOO,EBDIC1520,S/N,NO CONTAMOS CON BITACORA,MINISPLIT 1.5 TON,MINISPLIT,Aire Acondicionado,5105
5058,Correctivo,NORTE,UNIDAD DE SALUD IMSS-BIENESTAR COCULA,DAEWOO,EBDIC1520,S/N,NO CONTAMOS CON BITACORA,MINISPLIT 1.5 TON,MINISPLIT,Aire Acondicionado,5106
5059,Preventivo,NORTE,UNIDAD DE SALUD IMSS-BIENESTAR COCULA,MIRAGE,ABSOLUT X65785-9,3467889887679,NO CONTAMOS CON BITACORA,MINISPLIT 1.5 TON,MINISPLIT,Aire Acondicionado,5107
5060,Correctivo,NORTE,UNIDAD DE SALUD IMSS-BIENESTAR COCULA,MIRAGE,ABSOLUT X65785-9,3467889887679,NO CONTAMOS CON BITACORA,MINISPLIT 1.5 TON,MINISPLIT,Aire Acondicionado,5108
5061,Preventivo,NORTE,UNIDAD DE SALUD IMSS-BIENESTAR COCULA,CARRIER,40PCRC123-C,34056526187654000,NO CONTAMOS CON BITACORA,MINISPLIT 1.5 TON,MINISPLIT,Aire Acondicionado,5109
5062,Correctivo,NORTE,UNIDAD DE SALUD IMSS-BIENESTAR COCULA,CARRIER,40PCRC123-C,34056526187654000,NO CONTAMOS CON BITACORA,MINISPLIT 1.5 TON,MINISPLIT,Aire Acondicionado,5110
